model_code,risk_factor_code,score
small_dental_clinic_model,competition,65
small_dental_clinic_model,regulatory,40
small_dental_clinic_model,demand,50
small_dental_clinic_model,location,60
small_dental_clinic_model,staff,45
small_dental_clinic_model,technology,35
small_dental_clinic_model,financial,55
small_dental_clinic_model,reputation,40
medium_dental_clinic_model,competition,60
medium_dental_clinic_model,regulatory,40
medium_dental_clinic_model,demand,55
medium_dental_clinic_model,location,55
medium_dental_clinic_model,staff,45
medium_dental_clinic_model,technology,35
medium_dental_clinic_model,financial,50
medium_dental_clinic_model,reputation,40
large_dental_clinic_model,competition,55
large_dental_clinic_model,regulatory,40
large_dental_clinic_model,demand,60
large_dental_clinic_model,location,50
large_dental_clinic_model,staff,40
large_dental_clinic_model,technology,35
large_dental_clinic_model,financial,45
large_dental_clinic_model,reputation,45
financial_banking_banking_activity_small_model,competition,100
financial_banking_banking_activity_small_model,regulatory,75
financial_banking_banking_activity_small_model,demand,55
financial_banking_banking_activity_small_model,location,60
financial_banking_banking_activity_small_model,staff,50
financial_banking_banking_activity_small_model,technology,40
financial_banking_banking_activity_small_model,financial,100
financial_banking_banking_activity_small_model,reputation,45
financial_banking_banking_activity_medium_model,competition,100
financial_banking_banking_activity_medium_model,regulatory,70
financial_banking_banking_activity_medium_model,demand,50
financial_banking_banking_activity_medium_model,location,55
financial_banking_banking_activity_medium_model,staff,45
financial_banking_banking_activity_medium_model,technology,35
financial_banking_banking_activity_medium_model,financial,100
financial_banking_banking_activity_medium_model,reputation,40
financial_banking_banking_activity_large_model,competition,100
financial_banking_banking_activity_large_model,regulatory,65
financial_banking_banking_activity_large_model,demand,45
financial_banking_banking_activity_large_model,location,50
financial_banking_banking_activity_large_model,staff,40
financial_banking_banking_activity_large_model,technology,30
financial_banking_banking_activity_large_model,financial,100
financial_banking_banking_activity_large_model,reputation,35
financial_banking_insurance_activity_small_model,competition,100
financial_banking_insurance_activity_small_model,regulatory,75
financial_banking_insurance_activity_small_model,demand,55
financial_banking_insurance_activity_small_model,location,60
financial_banking_insurance_activity_small_model,staff,50
financial_banking_insurance_activity_small_model,technology,40
financial_banking_insurance_activity_small_model,financial,100
financial_banking_insurance_activity_small_model,reputation,45
financial_banking_insurance_activity_medium_model,competition,100
financial_banking_insurance_activity_medium_model,regulatory,70
financial_banking_insurance_activity_medium_model,demand,50
financial_banking_insurance_activity_medium_model,location,55
financial_banking_insurance_activity_medium_model,staff,45
financial_banking_insurance_activity_medium_model,technology,35
financial_banking_insurance_activity_medium_model,financial,100
financial_banking_insurance_activity_medium_model,reputation,40
financial_banking_insurance_activity_large_model,competition,100
financial_banking_insurance_activity_large_model,regulatory,65
financial_banking_insurance_activity_large_model,demand,45
financial_banking_insurance_activity_large_model,location,50
financial_banking_insurance_activity_large_model,staff,40
financial_banking_insurance_activity_large_model,technology,30
financial_banking_insurance_activity_large_model,financial,100
financial_banking_insurance_activity_large_model,reputation,35
financial_banking_fintech_activity_small_model,competition,100
financial_banking_fintech_activity_small_model,regulatory,75
financial_banking_fintech_activity_small_model,demand,55
financial_banking_fintech_activity_small_model,location,60
financial_banking_fintech_activity_small_model,staff,50
financial_banking_fintech_activity_small_model,technology,40
financial_banking_fintech_activity_small_model,financial,100
financial_banking_fintech_activity_small_model,reputation,45
financial_banking_fintech_activity_medium_model,competition,100
financial_banking_fintech_activity_medium_model,regulatory,70
financial_banking_fintech_activity_medium_model,demand,50
financial_banking_fintech_activity_medium_model,location,55
financial_banking_fintech_activity_medium_model,staff,45
financial_banking_fintech_activity_medium_model,technology,35
financial_banking_fintech_activity_medium_model,financial,100
financial_banking_fintech_activity_medium_model,reputation,40
financial_banking_fintech_activity_large_model,competition,100
financial_banking_fintech_activity_large_model,regulatory,65
financial_banking_fintech_activity_large_model,demand,45
financial_banking_fintech_activity_large_model,location,50
financial_banking_fintech_activity_large_model,staff,40
financial_banking_fintech_activity_large_model,technology,30
financial_banking_fintech_activity_large_model,financial,100
financial_banking_fintech_activity_large_model,reputation,35
financial_banking_investment_activity_small_model,competition,100
financial_banking_investment_activity_small_model,regulatory,75
financial_banking_investment_activity_small_model,demand,55
financial_banking_investment_activity_small_model,location,60
financial_banking_investment_activity_small_model,staff,50
financial_banking_investment_activity_small_model,technology,40
financial_banking_investment_activity_small_model,financial,100
financial_banking_investment_activity_small_model,reputation,45
financial_banking_investment_activity_medium_model,competition,100
financial_banking_investment_activity_medium_model,regulatory,70
financial_banking_investment_activity_medium_model,demand,50
financial_banking_investment_activity_medium_model,location,55
financial_banking_investment_activity_medium_model,staff,45
financial_banking_investment_activity_medium_model,technology,35
financial_banking_investment_activity_medium_model,financial,100
financial_banking_investment_activity_medium_model,reputation,40
financial_banking_investment_activity_large_model,competition,100
financial_banking_investment_activity_large_model,regulatory,65
financial_banking_investment_activity_large_model,demand,45
financial_banking_investment_activity_large_model,location,50
financial_banking_investment_activity_large_model,staff,40
financial_banking_investment_activity_large_model,technology,30
financial_banking_investment_activity_large_model,financial,100
financial_banking_investment_activity_large_model,reputation,35
insurance_banking_activity_small_model,competition,100
insurance_banking_activity_small_model,regulatory,75
insurance_banking_activity_small_model,demand,55
insurance_banking_activity_small_model,location,60
insurance_banking_activity_small_model,staff,50
insurance_banking_activity_small_model,technology,40
insurance_banking_activity_small_model,financial,100
insurance_banking_activity_small_model,reputation,45
insurance_banking_activity_medium_model,competition,100
insurance_banking_activity_medium_model,regulatory,70
insurance_banking_activity_medium_model,demand,50
insurance_banking_activity_medium_model,location,55
insurance_banking_activity_medium_model,staff,45
insurance_banking_activity_medium_model,technology,35
insurance_banking_activity_medium_model,financial,100
insurance_banking_activity_medium_model,reputation,40
insurance_banking_activity_large_model,competition,100
insurance_banking_activity_large_model,regulatory,65
insurance_banking_activity_large_model,demand,45
insurance_banking_activity_large_model,location,50
insurance_banking_activity_large_model,staff,40
insurance_banking_activity_large_model,technology,30
insurance_banking_activity_large_model,financial,100
insurance_banking_activity_large_model,reputation,35
insurance_insurance_activity_small_model,competition,100
insurance_insurance_activity_small_model,regulatory,75
insurance_insurance_activity_small_model,demand,55
insurance_insurance_activity_small_model,location,60
insurance_insurance_activity_small_model,staff,50
insurance_insurance_activity_small_model,technology,40
insurance_insurance_activity_small_model,financial,100
insurance_insurance_activity_small_model,reputation,45
insurance_insurance_activity_medium_model,competition,100
insurance_insurance_activity_medium_model,regulatory,70
insurance_insurance_activity_medium_model,demand,50
insurance_insurance_activity_medium_model,location,55
insurance_insurance_activity_medium_model,staff,45
insurance_insurance_activity_medium_model,technology,35
insurance_insurance_activity_medium_model,financial,100
insurance_insurance_activity_medium_model,reputation,40
insurance_insurance_activity_large_model,competition,100
insurance_insurance_activity_large_model,regulatory,65
insurance_insurance_activity_large_model,demand,45
insurance_insurance_activity_large_model,location,50
insurance_insurance_activity_large_model,staff,40
insurance_insurance_activity_large_model,technology,30
insurance_insurance_activity_large_model,financial,100
insurance_insurance_activity_large_model,reputation,35
insurance_fintech_activity_small_model,competition,100
insurance_fintech_activity_small_model,regulatory,75
insurance_fintech_activity_small_model,demand,55
insurance_fintech_activity_small_model,location,60
insurance_fintech_activity_small_model,staff,50
insurance_fintech_activity_small_model,technology,40
insurance_fintech_activity_small_model,financial,100
insurance_fintech_activity_small_model,reputation,45
insurance_fintech_activity_medium_model,competition,100
insurance_fintech_activity_medium_model,regulatory,70
insurance_fintech_activity_medium_model,demand,50
insurance_fintech_activity_medium_model,location,55
insurance_fintech_activity_medium_model,staff,45
insurance_fintech_activity_medium_model,technology,35
insurance_fintech_activity_medium_model,financial,100
insurance_fintech_activity_medium_model,reputation,40
insurance_fintech_activity_large_model,competition,100
insurance_fintech_activity_large_model,regulatory,65
insurance_fintech_activity_large_model,demand,45
insurance_fintech_activity_large_model,location,50
insurance_fintech_activity_large_model,staff,40
insurance_fintech_activity_large_model,technology,30
insurance_fintech_activity_large_model,financial,100
insurance_fintech_activity_large_model,reputation,35
insurance_investment_activity_small_model,competition,100
insurance_investment_activity_small_model,regulatory,75
insurance_investment_activity_small_model,demand,55
insurance_investment_activity_small_model,location,60
insurance_investment_activity_small_model,staff,50
insurance_investment_activity_small_model,technology,40
insurance_investment_activity_small_model,financial,100
insurance_investment_activity_small_model,reputation,45
insurance_investment_activity_medium_model,competition,100
insurance_investment_activity_medium_model,regulatory,70
insurance_investment_activity_medium_model,demand,50
insurance_investment_activity_medium_model,location,55
insurance_investment_activity_medium_model,staff,45
insurance_investment_activity_medium_model,technology,35
insurance_investment_activity_medium_model,financial,100
insurance_investment_activity_medium_model,reputation,40
insurance_investment_activity_large_model,competition,100
insurance_investment_activity_large_model,regulatory,65
insurance_investment_activity_large_model,demand,45
insurance_investment_activity_large_model,location,50
insurance_investment_activity_large_model,staff,40
insurance_investment_activity_large_model,technology,30
insurance_investment_activity_large_model,financial,100
insurance_investment_activity_large_model,reputation,35
awqaf_consulting_activity_small_model,competition,65
awqaf_consulting_activity_small_model,regulatory,45
awqaf_consulting_activity_small_model,demand,55
awqaf_consulting_activity_small_model,location,60
awqaf_consulting_activity_small_model,staff,50
awqaf_consulting_activity_small_model,technology,40
awqaf_consulting_activity_small_model,financial,55
awqaf_consulting_activity_small_model,reputation,45
awqaf_consulting_activity_medium_model,competition,60
awqaf_consulting_activity_medium_model,regulatory,40
awqaf_consulting_activity_medium_model,demand,50
awqaf_consulting_activity_medium_model,location,55
awqaf_consulting_activity_medium_model,staff,45
awqaf_consulting_activity_medium_model,technology,35
awqaf_consulting_activity_medium_model,financial,50
awqaf_consulting_activity_medium_model,reputation,40
awqaf_consulting_activity_large_model,competition,55
awqaf_consulting_activity_large_model,regulatory,35
awqaf_consulting_activity_large_model,demand,45
awqaf_consulting_activity_large_model,location,50
awqaf_consulting_activity_large_model,staff,40
awqaf_consulting_activity_large_model,technology,30
awqaf_consulting_activity_large_model,financial,45
awqaf_consulting_activity_large_model,reputation,35
awqaf_maintenance_activity_small_model,competition,65
awqaf_maintenance_activity_small_model,regulatory,45
awqaf_maintenance_activity_small_model,demand,55
awqaf_maintenance_activity_small_model,location,60
awqaf_maintenance_activity_small_model,staff,50
awqaf_maintenance_activity_small_model,technology,40
awqaf_maintenance_activity_small_model,financial,55
awqaf_maintenance_activity_small_model,reputation,45
awqaf_maintenance_activity_medium_model,competition,60
awqaf_maintenance_activity_medium_model,regulatory,40
awqaf_maintenance_activity_medium_model,demand,50
awqaf_maintenance_activity_medium_model,location,55
awqaf_maintenance_activity_medium_model,staff,45
awqaf_maintenance_activity_medium_model,technology,35
awqaf_maintenance_activity_medium_model,financial,50
awqaf_maintenance_activity_medium_model,reputation,40
awqaf_maintenance_activity_large_model,competition,55
awqaf_maintenance_activity_large_model,regulatory,35
awqaf_maintenance_activity_large_model,demand,45
awqaf_maintenance_activity_large_model,location,50
awqaf_maintenance_activity_large_model,staff,40
awqaf_maintenance_activity_large_model,technology,30
awqaf_maintenance_activity_large_model,financial,45
awqaf_maintenance_activity_large_model,reputation,35
awqaf_cleaning_activity_small_model,competition,65
awqaf_cleaning_activity_small_model,regulatory,45
awqaf_cleaning_activity_small_model,demand,55
awqaf_cleaning_activity_small_model,location,60
awqaf_cleaning_activity_small_model,staff,50
awqaf_cleaning_activity_small_model,technology,40
awqaf_cleaning_activity_small_model,financial,55
awqaf_cleaning_activity_small_model,reputation,45
awqaf_cleaning_activity_medium_model,competition,60
awqaf_cleaning_activity_medium_model,regulatory,40
awqaf_cleaning_activity_medium_model,demand,50
awqaf_cleaning_activity_medium_model,location,55
awqaf_cleaning_activity_medium_model,staff,45
awqaf_cleaning_activity_medium_model,technology,35
awqaf_cleaning_activity_medium_model,financial,50
awqaf_cleaning_activity_medium_model,reputation,40
awqaf_cleaning_activity_large_model,competition,55
awqaf_cleaning_activity_large_model,regulatory,35
awqaf_cleaning_activity_large_model,demand,45
awqaf_cleaning_activity_large_model,location,50
awqaf_cleaning_activity_large_model,staff,40
awqaf_cleaning_activity_large_model,technology,30
awqaf_cleaning_activity_large_model,financial,45
awqaf_cleaning_activity_large_model,reputation,35
awqaf_security_activity_small_model,competition,65
awqaf_security_activity_small_model,regulatory,45
awqaf_security_activity_small_model,demand,55
awqaf_security_activity_small_model,location,60
awqaf_security_activity_small_model,staff,50
awqaf_security_activity_small_model,technology,40
awqaf_security_activity_small_model,financial,55
awqaf_security_activity_small_model,reputation,45
awqaf_security_activity_medium_model,competition,60
awqaf_security_activity_medium_model,regulatory,40
awqaf_security_activity_medium_model,demand,50
awqaf_security_activity_medium_model,location,55
awqaf_security_activity_medium_model,staff,45
awqaf_security_activity_medium_model,technology,35
awqaf_security_activity_medium_model,financial,50
awqaf_security_activity_medium_model,reputation,40
awqaf_security_activity_large_model,competition,55
awqaf_security_activity_large_model,regulatory,35
awqaf_security_activity_large_model,demand,45
awqaf_security_activity_large_model,location,50
awqaf_security_activity_large_model,staff,40
awqaf_security_activity_large_model,technology,30
awqaf_security_activity_large_model,financial,45
awqaf_security_activity_large_model,reputation,35
education_schools_activity_small_model,competition,65
education_schools_activity_small_model,regulatory,45
education_schools_activity_small_model,demand,55
education_schools_activity_small_model,location,60
education_schools_activity_small_model,staff,50
education_schools_activity_small_model,technology,40
education_schools_activity_small_model,financial,55
education_schools_activity_small_model,reputation,45
education_schools_activity_medium_model,competition,60
education_schools_activity_medium_model,regulatory,40
education_schools_activity_medium_model,demand,50
education_schools_activity_medium_model,location,55
education_schools_activity_medium_model,staff,45
education_schools_activity_medium_model,technology,35
education_schools_activity_medium_model,financial,50
education_schools_activity_medium_model,reputation,40
education_schools_activity_large_model,competition,55
education_schools_activity_large_model,regulatory,35
education_schools_activity_large_model,demand,45
education_schools_activity_large_model,location,50
education_schools_activity_large_model,staff,40
education_schools_activity_large_model,technology,30
education_schools_activity_large_model,financial,45
education_schools_activity_large_model,reputation,35
education_training_activity_small_model,competition,65
education_training_activity_small_model,regulatory,45
education_training_activity_small_model,demand,55
education_training_activity_small_model,location,60
education_training_activity_small_model,staff,50
education_training_activity_small_model,technology,40
education_training_activity_small_model,financial,55
education_training_activity_small_model,reputation,45
education_training_activity_medium_model,competition,60
education_training_activity_medium_model,regulatory,40
education_training_activity_medium_model,demand,50
education_training_activity_medium_model,location,55
education_training_activity_medium_model,staff,45
education_training_activity_medium_model,technology,35
education_training_activity_medium_model,financial,50
education_training_activity_medium_model,reputation,40
education_training_activity_large_model,competition,55
education_training_activity_large_model,regulatory,35
education_training_activity_large_model,demand,45
education_training_activity_large_model,location,50
education_training_activity_large_model,staff,40
education_training_activity_large_model,technology,30
education_training_activity_large_model,financial,45
education_training_activity_large_model,reputation,35
education_universities_activity_small_model,competition,65
education_universities_activity_small_model,regulatory,45
education_universities_activity_small_model,demand,55
education_universities_activity_small_model,location,60
education_universities_activity_small_model,staff,50
education_universities_activity_small_model,technology,40
education_universities_activity_small_model,financial,55
education_universities_activity_small_model,reputation,45
education_universities_activity_medium_model,competition,60
education_universities_activity_medium_model,regulatory,40
education_universities_activity_medium_model,demand,50
education_universities_activity_medium_model,location,55
education_universities_activity_medium_model,staff,45
education_universities_activity_medium_model,technology,35
education_universities_activity_medium_model,financial,50
education_universities_activity_medium_model,reputation,40
education_universities_activity_large_model,competition,55
education_universities_activity_large_model,regulatory,35
education_universities_activity_large_model,demand,45
education_universities_activity_large_model,location,50
education_universities_activity_large_model,staff,40
education_universities_activity_large_model,technology,30
education_universities_activity_large_model,financial,45
education_universities_activity_large_model,reputation,35
education_elearning_activity_small_model,competition,65
education_elearning_activity_small_model,regulatory,45
education_elearning_activity_small_model,demand,55
education_elearning_activity_small_model,location,60
education_elearning_activity_small_model,staff,50
education_elearning_activity_small_model,technology,40
education_elearning_activity_small_model,financial,55
education_elearning_activity_small_model,reputation,45
education_elearning_activity_medium_model,competition,60
education_elearning_activity_medium_model,regulatory,40
education_elearning_activity_medium_model,demand,50
education_elearning_activity_medium_model,location,55
education_elearning_activity_medium_model,staff,45
education_elearning_activity_medium_model,technology,35
education_elearning_activity_medium_model,financial,50
education_elearning_activity_medium_model,reputation,40
education_elearning_activity_large_model,competition,55
education_elearning_activity_large_model,regulatory,35
education_elearning_activity_large_model,demand,45
education_elearning_activity_large_model,location,50
education_elearning_activity_large_model,staff,40
education_elearning_activity_large_model,technology,30
education_elearning_activity_large_model,financial,45
education_elearning_activity_large_model,reputation,35
industrial_factories_activity_small_model,competition,65
industrial_factories_activity_small_model,regulatory,45
industrial_factories_activity_small_model,demand,55
industrial_factories_activity_small_model,location,60
industrial_factories_activity_small_model,staff,50
industrial_factories_activity_small_model,technology,90
industrial_factories_activity_small_model,financial,100
industrial_factories_activity_small_model,reputation,45
industrial_factories_activity_medium_model,competition,60
industrial_factories_activity_medium_model,regulatory,40
industrial_factories_activity_medium_model,demand,50
industrial_factories_activity_medium_model,location,55
industrial_factories_activity_medium_model,staff,45
industrial_factories_activity_medium_model,technology,85
industrial_factories_activity_medium_model,financial,100
industrial_factories_activity_medium_model,reputation,40
industrial_factories_activity_large_model,competition,55
industrial_factories_activity_large_model,regulatory,35
industrial_factories_activity_large_model,demand,45
industrial_factories_activity_large_model,location,50
industrial_factories_activity_large_model,staff,40
industrial_factories_activity_large_model,technology,80
industrial_factories_activity_large_model,financial,100
industrial_factories_activity_large_model,reputation,35
industrial_workshops_activity_small_model,competition,65
industrial_workshops_activity_small_model,regulatory,45
industrial_workshops_activity_small_model,demand,55
industrial_workshops_activity_small_model,location,60
industrial_workshops_activity_small_model,staff,50
industrial_workshops_activity_small_model,technology,90
industrial_workshops_activity_small_model,financial,100
industrial_workshops_activity_small_model,reputation,45
industrial_workshops_activity_medium_model,competition,60
industrial_workshops_activity_medium_model,regulatory,40
industrial_workshops_activity_medium_model,demand,50
industrial_workshops_activity_medium_model,location,55
industrial_workshops_activity_medium_model,staff,45
industrial_workshops_activity_medium_model,technology,85
industrial_workshops_activity_medium_model,financial,100
industrial_workshops_activity_medium_model,reputation,40
industrial_workshops_activity_large_model,competition,55
industrial_workshops_activity_large_model,regulatory,35
industrial_workshops_activity_large_model,demand,45
industrial_workshops_activity_large_model,location,50
industrial_workshops_activity_large_model,staff,40
industrial_workshops_activity_large_model,technology,80
industrial_workshops_activity_large_model,financial,100
industrial_workshops_activity_large_model,reputation,35
industrial_assembly_activity_small_model,competition,65
industrial_assembly_activity_small_model,regulatory,45
industrial_assembly_activity_small_model,demand,55
industrial_assembly_activity_small_model,location,60
industrial_assembly_activity_small_model,staff,50
industrial_assembly_activity_small_model,technology,90
industrial_assembly_activity_small_model,financial,100
industrial_assembly_activity_small_model,reputation,45
industrial_assembly_activity_medium_model,competition,60
industrial_assembly_activity_medium_model,regulatory,40
industrial_assembly_activity_medium_model,demand,50
industrial_assembly_activity_medium_model,location,55
industrial_assembly_activity_medium_model,staff,45
industrial_assembly_activity_medium_model,technology,85
industrial_assembly_activity_medium_model,financial,100
industrial_assembly_activity_medium_model,reputation,40
industrial_assembly_activity_large_model,competition,55
industrial_assembly_activity_large_model,regulatory,35
industrial_assembly_activity_large_model,demand,45
industrial_assembly_activity_large_model,location,50
industrial_assembly_activity_large_model,staff,40
industrial_assembly_activity_large_model,technology,80
industrial_assembly_activity_large_model,financial,100
industrial_assembly_activity_large_model,reputation,35
industrial_packaging_activity_small_model,competition,65
industrial_packaging_activity_small_model,regulatory,45
industrial_packaging_activity_small_model,demand,55
industrial_packaging_activity_small_model,location,60
industrial_packaging_activity_small_model,staff,50
industrial_packaging_activity_small_model,technology,90
industrial_packaging_activity_small_model,financial,100
industrial_packaging_activity_small_model,reputation,45
industrial_packaging_activity_medium_model,competition,60
industrial_packaging_activity_medium_model,regulatory,40
industrial_packaging_activity_medium_model,demand,50
industrial_packaging_activity_medium_model,location,55
industrial_packaging_activity_medium_model,staff,45
industrial_packaging_activity_medium_model,technology,85
industrial_packaging_activity_medium_model,financial,100
industrial_packaging_activity_medium_model,reputation,40
industrial_packaging_activity_large_model,competition,55
industrial_packaging_activity_large_model,regulatory,35
industrial_packaging_activity_large_model,demand,45
industrial_packaging_activity_large_model,location,50
industrial_packaging_activity_large_model,staff,40
industrial_packaging_activity_large_model,technology,80
industrial_packaging_activity_large_model,financial,100
industrial_packaging_activity_large_model,reputation,35
food_industries_restaurants_activity_small_model,competition,65
food_industries_restaurants_activity_small_model,regulatory,80
food_industries_restaurants_activity_small_model,demand,100
food_industries_restaurants_activity_small_model,location,60
food_industries_restaurants_activity_small_model,staff,50
food_industries_restaurants_activity_small_model,technology,40
food_industries_restaurants_activity_small_model,financial,55
food_industries_restaurants_activity_small_model,reputation,100
food_industries_restaurants_activity_medium_model,competition,60
food_industries_restaurants_activity_medium_model,regulatory,75
food_industries_restaurants_activity_medium_model,demand,100
food_industries_restaurants_activity_medium_model,location,55
food_industries_restaurants_activity_medium_model,staff,45
food_industries_restaurants_activity_medium_model,technology,35
food_industries_restaurants_activity_medium_model,financial,50
food_industries_restaurants_activity_medium_model,reputation,95
food_industries_restaurants_activity_large_model,competition,55
food_industries_restaurants_activity_large_model,regulatory,70
food_industries_restaurants_activity_large_model,demand,100
food_industries_restaurants_activity_large_model,location,50
food_industries_restaurants_activity_large_model,staff,40
food_industries_restaurants_activity_large_model,technology,30
food_industries_restaurants_activity_large_model,financial,45
food_industries_restaurants_activity_large_model,reputation,90
food_industries_cafes_activity_small_model,competition,65
food_industries_cafes_activity_small_model,regulatory,80
food_industries_cafes_activity_small_model,demand,100
food_industries_cafes_activity_small_model,location,60
food_industries_cafes_activity_small_model,staff,50
food_industries_cafes_activity_small_model,technology,40
food_industries_cafes_activity_small_model,financial,55
food_industries_cafes_activity_small_model,reputation,100
food_industries_cafes_activity_medium_model,competition,60
food_industries_cafes_activity_medium_model,regulatory,75
food_industries_cafes_activity_medium_model,demand,100
food_industries_cafes_activity_medium_model,location,55
food_industries_cafes_activity_medium_model,staff,45
food_industries_cafes_activity_medium_model,technology,35
food_industries_cafes_activity_medium_model,financial,50
food_industries_cafes_activity_medium_model,reputation,95
food_industries_cafes_activity_large_model,competition,55
food_industries_cafes_activity_large_model,regulatory,70
food_industries_cafes_activity_large_model,demand,100
food_industries_cafes_activity_large_model,location,50
food_industries_cafes_activity_large_model,staff,40
food_industries_cafes_activity_large_model,technology,30
food_industries_cafes_activity_large_model,financial,45
food_industries_cafes_activity_large_model,reputation,90
food_industries_catering_activity_small_model,competition,65
food_industries_catering_activity_small_model,regulatory,80
food_industries_catering_activity_small_model,demand,100
food_industries_catering_activity_small_model,location,60
food_industries_catering_activity_small_model,staff,50
food_industries_catering_activity_small_model,technology,40
food_industries_catering_activity_small_model,financial,55
food_industries_catering_activity_small_model,reputation,100
food_industries_catering_activity_medium_model,competition,60
food_industries_catering_activity_medium_model,regulatory,75
food_industries_catering_activity_medium_model,demand,100
food_industries_catering_activity_medium_model,location,55
food_industries_catering_activity_medium_model,staff,45
food_industries_catering_activity_medium_model,technology,35
food_industries_catering_activity_medium_model,financial,50
food_industries_catering_activity_medium_model,reputation,95
food_industries_catering_activity_large_model,competition,55
food_industries_catering_activity_large_model,regulatory,70
food_industries_catering_activity_large_model,demand,100
food_industries_catering_activity_large_model,location,50
food_industries_catering_activity_large_model,staff,40
food_industries_catering_activity_large_model,technology,30
food_industries_catering_activity_large_model,financial,45
food_industries_catering_activity_large_model,reputation,90
food_industries_fast_food_activity_small_model,competition,65
food_industries_fast_food_activity_small_model,regulatory,80
food_industries_fast_food_activity_small_model,demand,100
food_industries_fast_food_activity_small_model,location,60
food_industries_fast_food_activity_small_model,staff,50
food_industries_fast_food_activity_small_model,technology,40
food_industries_fast_food_activity_small_model,financial,55
food_industries_fast_food_activity_small_model,reputation,100
food_industries_fast_food_activity_medium_model,competition,60
food_industries_fast_food_activity_medium_model,regulatory,75
food_industries_fast_food_activity_medium_model,demand,100
food_industries_fast_food_activity_medium_model,location,55
food_industries_fast_food_activity_medium_model,staff,45
food_industries_fast_food_activity_medium_model,technology,35
food_industries_fast_food_activity_medium_model,financial,50
food_industries_fast_food_activity_medium_model,reputation,95
food_industries_fast_food_activity_large_model,competition,55
food_industries_fast_food_activity_large_model,regulatory,70
food_industries_fast_food_activity_large_model,demand,100
food_industries_fast_food_activity_large_model,location,50
food_industries_fast_food_activity_large_model,staff,40
food_industries_fast_food_activity_large_model,technology,30
food_industries_fast_food_activity_large_model,financial,45
food_industries_fast_food_activity_large_model,reputation,90
pharmaceutical_industries_consulting_activity_small_model,competition,65
pharmaceutical_industries_consulting_activity_small_model,regulatory,45
pharmaceutical_industries_consulting_activity_small_model,demand,55
pharmaceutical_industries_consulting_activity_small_model,location,60
pharmaceutical_industries_consulting_activity_small_model,staff,50
pharmaceutical_industries_consulting_activity_small_model,technology,40
pharmaceutical_industries_consulting_activity_small_model,financial,55
pharmaceutical_industries_consulting_activity_small_model,reputation,45
pharmaceutical_industries_consulting_activity_medium_model,competition,60
pharmaceutical_industries_consulting_activity_medium_model,regulatory,40
pharmaceutical_industries_consulting_activity_medium_model,demand,50
pharmaceutical_industries_consulting_activity_medium_model,location,55
pharmaceutical_industries_consulting_activity_medium_model,staff,45
pharmaceutical_industries_consulting_activity_medium_model,technology,35
pharmaceutical_industries_consulting_activity_medium_model,financial,50
pharmaceutical_industries_consulting_activity_medium_model,reputation,40
pharmaceutical_industries_consulting_activity_large_model,competition,55
pharmaceutical_industries_consulting_activity_large_model,regulatory,35
pharmaceutical_industries_consulting_activity_large_model,demand,45
pharmaceutical_industries_consulting_activity_large_model,location,50
pharmaceutical_industries_consulting_activity_large_model,staff,40
pharmaceutical_industries_consulting_activity_large_model,technology,30
pharmaceutical_industries_consulting_activity_large_model,financial,45
pharmaceutical_industries_consulting_activity_large_model,reputation,35
pharmaceutical_industries_maintenance_activity_small_model,competition,65
pharmaceutical_industries_maintenance_activity_small_model,regulatory,45
pharmaceutical_industries_maintenance_activity_small_model,demand,55
pharmaceutical_industries_maintenance_activity_small_model,location,60
pharmaceutical_industries_maintenance_activity_small_model,staff,50
pharmaceutical_industries_maintenance_activity_small_model,technology,40
pharmaceutical_industries_maintenance_activity_small_model,financial,55
pharmaceutical_industries_maintenance_activity_small_model,reputation,45
pharmaceutical_industries_maintenance_activity_medium_model,competition,60
pharmaceutical_industries_maintenance_activity_medium_model,regulatory,40
pharmaceutical_industries_maintenance_activity_medium_model,demand,50
pharmaceutical_industries_maintenance_activity_medium_model,location,55
pharmaceutical_industries_maintenance_activity_medium_model,staff,45
pharmaceutical_industries_maintenance_activity_medium_model,technology,35
pharmaceutical_industries_maintenance_activity_medium_model,financial,50
pharmaceutical_industries_maintenance_activity_medium_model,reputation,40
pharmaceutical_industries_maintenance_activity_large_model,competition,55
pharmaceutical_industries_maintenance_activity_large_model,regulatory,35
pharmaceutical_industries_maintenance_activity_large_model,demand,45
pharmaceutical_industries_maintenance_activity_large_model,location,50
pharmaceutical_industries_maintenance_activity_large_model,staff,40
pharmaceutical_industries_maintenance_activity_large_model,technology,30
pharmaceutical_industries_maintenance_activity_large_model,financial,45
pharmaceutical_industries_maintenance_activity_large_model,reputation,35
pharmaceutical_industries_cleaning_activity_small_model,competition,65
pharmaceutical_industries_cleaning_activity_small_model,regulatory,45
pharmaceutical_industries_cleaning_activity_small_model,demand,55
pharmaceutical_industries_cleaning_activity_small_model,location,60
pharmaceutical_industries_cleaning_activity_small_model,staff,50
pharmaceutical_industries_cleaning_activity_small_model,technology,40
pharmaceutical_industries_cleaning_activity_small_model,financial,55
pharmaceutical_industries_cleaning_activity_small_model,reputation,45
pharmaceutical_industries_cleaning_activity_medium_model,competition,60
pharmaceutical_industries_cleaning_activity_medium_model,regulatory,40
pharmaceutical_industries_cleaning_activity_medium_model,demand,50
pharmaceutical_industries_cleaning_activity_medium_model,location,55
pharmaceutical_industries_cleaning_activity_medium_model,staff,45
pharmaceutical_industries_cleaning_activity_medium_model,technology,35
pharmaceutical_industries_cleaning_activity_medium_model,financial,50
pharmaceutical_industries_cleaning_activity_medium_model,reputation,40
pharmaceutical_industries_cleaning_activity_large_model,competition,55
pharmaceutical_industries_cleaning_activity_large_model,regulatory,35
pharmaceutical_industries_cleaning_activity_large_model,demand,45
pharmaceutical_industries_cleaning_activity_large_model,location,50
pharmaceutical_industries_cleaning_activity_large_model,staff,40
pharmaceutical_industries_cleaning_activity_large_model,technology,30
pharmaceutical_industries_cleaning_activity_large_model,financial,45
pharmaceutical_industries_cleaning_activity_large_model,reputation,35
pharmaceutical_industries_security_activity_small_model,competition,65
pharmaceutical_industries_security_activity_small_model,regulatory,45
pharmaceutical_industries_security_activity_small_model,demand,55
pharmaceutical_industries_security_activity_small_model,location,60
pharmaceutical_industries_security_activity_small_model,staff,50
pharmaceutical_industries_security_activity_small_model,technology,40
pharmaceutical_industries_security_activity_small_model,financial,55
pharmaceutical_industries_security_activity_small_model,reputation,45
pharmaceutical_industries_security_activity_medium_model,competition,60
pharmaceutical_industries_security_activity_medium_model,regulatory,40
pharmaceutical_industries_security_activity_medium_model,demand,50
pharmaceutical_industries_security_activity_medium_model,location,55
pharmaceutical_industries_security_activity_medium_model,staff,45
pharmaceutical_industries_security_activity_medium_model,technology,35
pharmaceutical_industries_security_activity_medium_model,financial,50
pharmaceutical_industries_security_activity_medium_model,reputation,40
pharmaceutical_industries_security_activity_large_model,competition,55
pharmaceutical_industries_security_activity_large_model,regulatory,35
pharmaceutical_industries_security_activity_large_model,demand,45
pharmaceutical_industries_security_activity_large_model,location,50
pharmaceutical_industries_security_activity_large_model,staff,40
pharmaceutical_industries_security_activity_large_model,technology,30
pharmaceutical_industries_security_activity_large_model,financial,45
pharmaceutical_industries_security_activity_large_model,reputation,35
chemical_industries_consulting_activity_small_model,competition,65
chemical_industries_consulting_activity_small_model,regulatory,45
chemical_industries_consulting_activity_small_model,demand,55
chemical_industries_consulting_activity_small_model,location,60
chemical_industries_consulting_activity_small_model,staff,50
chemical_industries_consulting_activity_small_model,technology,40
chemical_industries_consulting_activity_small_model,financial,55
chemical_industries_consulting_activity_small_model,reputation,45
chemical_industries_consulting_activity_medium_model,competition,60
chemical_industries_consulting_activity_medium_model,regulatory,40
chemical_industries_consulting_activity_medium_model,demand,50
chemical_industries_consulting_activity_medium_model,location,55
chemical_industries_consulting_activity_medium_model,staff,45
chemical_industries_consulting_activity_medium_model,technology,35
chemical_industries_consulting_activity_medium_model,financial,50
chemical_industries_consulting_activity_medium_model,reputation,40
chemical_industries_consulting_activity_large_model,competition,55
chemical_industries_consulting_activity_large_model,regulatory,35
chemical_industries_consulting_activity_large_model,demand,45
chemical_industries_consulting_activity_large_model,location,50
chemical_industries_consulting_activity_large_model,staff,40
chemical_industries_consulting_activity_large_model,technology,30
chemical_industries_consulting_activity_large_model,financial,45
chemical_industries_consulting_activity_large_model,reputation,35
chemical_industries_maintenance_activity_small_model,competition,65
chemical_industries_maintenance_activity_small_model,regulatory,45
chemical_industries_maintenance_activity_small_model,demand,55
chemical_industries_maintenance_activity_small_model,location,60
chemical_industries_maintenance_activity_small_model,staff,50
chemical_industries_maintenance_activity_small_model,technology,40
chemical_industries_maintenance_activity_small_model,financial,55
chemical_industries_maintenance_activity_small_model,reputation,45
chemical_industries_maintenance_activity_medium_model,competition,60
chemical_industries_maintenance_activity_medium_model,regulatory,40
chemical_industries_maintenance_activity_medium_model,demand,50
chemical_industries_maintenance_activity_medium_model,location,55
chemical_industries_maintenance_activity_medium_model,staff,45
chemical_industries_maintenance_activity_medium_model,technology,35
chemical_industries_maintenance_activity_medium_model,financial,50
chemical_industries_maintenance_activity_medium_model,reputation,40
chemical_industries_maintenance_activity_large_model,competition,55
chemical_industries_maintenance_activity_large_model,regulatory,35
chemical_industries_maintenance_activity_large_model,demand,45
chemical_industries_maintenance_activity_large_model,location,50
chemical_industries_maintenance_activity_large_model,staff,40
chemical_industries_maintenance_activity_large_model,technology,30
chemical_industries_maintenance_activity_large_model,financial,45
chemical_industries_maintenance_activity_large_model,reputation,35
chemical_industries_cleaning_activity_small_model,competition,65
chemical_industries_cleaning_activity_small_model,regulatory,45
chemical_industries_cleaning_activity_small_model,demand,55
chemical_industries_cleaning_activity_small_model,location,60
chemical_industries_cleaning_activity_small_model,staff,50
chemical_industries_cleaning_activity_small_model,technology,40
chemical_industries_cleaning_activity_small_model,financial,55
chemical_industries_cleaning_activity_small_model,reputation,45
chemical_industries_cleaning_activity_medium_model,competition,60
chemical_industries_cleaning_activity_medium_model,regulatory,40
chemical_industries_cleaning_activity_medium_model,demand,50
chemical_industries_cleaning_activity_medium_model,location,55
chemical_industries_cleaning_activity_medium_model,staff,45
chemical_industries_cleaning_activity_medium_model,technology,35
chemical_industries_cleaning_activity_medium_model,financial,50
chemical_industries_cleaning_activity_medium_model,reputation,40
chemical_industries_cleaning_activity_large_model,competition,55
chemical_industries_cleaning_activity_large_model,regulatory,35
chemical_industries_cleaning_activity_large_model,demand,45
chemical_industries_cleaning_activity_large_model,location,50
chemical_industries_cleaning_activity_large_model,staff,40
chemical_industries_cleaning_activity_large_model,technology,30
chemical_industries_cleaning_activity_large_model,financial,45
chemical_industries_cleaning_activity_large_model,reputation,35
chemical_industries_security_activity_small_model,competition,65
chemical_industries_security_activity_small_model,regulatory,45
chemical_industries_security_activity_small_model,demand,55
chemical_industries_security_activity_small_model,location,60
chemical_industries_security_activity_small_model,staff,50
chemical_industries_security_activity_small_model,technology,40
chemical_industries_security_activity_small_model,financial,55
chemical_industries_security_activity_small_model,reputation,45
chemical_industries_security_activity_medium_model,competition,60
chemical_industries_security_activity_medium_model,regulatory,40
chemical_industries_security_activity_medium_model,demand,50
chemical_industries_security_activity_medium_model,location,55
chemical_industries_security_activity_medium_model,staff,45
chemical_industries_security_activity_medium_model,technology,35
chemical_industries_security_activity_medium_model,financial,50
chemical_industries_security_activity_medium_model,reputation,40
chemical_industries_security_activity_large_model,competition,55
chemical_industries_security_activity_large_model,regulatory,35
chemical_industries_security_activity_large_model,demand,45
chemical_industries_security_activity_large_model,location,50
chemical_industries_security_activity_large_model,staff,40
chemical_industries_security_activity_large_model,technology,30
chemical_industries_security_activity_large_model,financial,45
chemical_industries_security_activity_large_model,reputation,35
mining_consulting_activity_small_model,competition,65
mining_consulting_activity_small_model,regulatory,45
mining_consulting_activity_small_model,demand,55
mining_consulting_activity_small_model,location,60
mining_consulting_activity_small_model,staff,50
mining_consulting_activity_small_model,technology,40
mining_consulting_activity_small_model,financial,55
mining_consulting_activity_small_model,reputation,45
mining_consulting_activity_medium_model,competition,60
mining_consulting_activity_medium_model,regulatory,40
mining_consulting_activity_medium_model,demand,50
mining_consulting_activity_medium_model,location,55
mining_consulting_activity_medium_model,staff,45
mining_consulting_activity_medium_model,technology,35
mining_consulting_activity_medium_model,financial,50
mining_consulting_activity_medium_model,reputation,40
mining_consulting_activity_large_model,competition,55
mining_consulting_activity_large_model,regulatory,35
mining_consulting_activity_large_model,demand,45
mining_consulting_activity_large_model,location,50
mining_consulting_activity_large_model,staff,40
mining_consulting_activity_large_model,technology,30
mining_consulting_activity_large_model,financial,45
mining_consulting_activity_large_model,reputation,35
mining_maintenance_activity_small_model,competition,65
mining_maintenance_activity_small_model,regulatory,45
mining_maintenance_activity_small_model,demand,55
mining_maintenance_activity_small_model,location,60
mining_maintenance_activity_small_model,staff,50
mining_maintenance_activity_small_model,technology,40
mining_maintenance_activity_small_model,financial,55
mining_maintenance_activity_small_model,reputation,45
mining_maintenance_activity_medium_model,competition,60
mining_maintenance_activity_medium_model,regulatory,40
mining_maintenance_activity_medium_model,demand,50
mining_maintenance_activity_medium_model,location,55
mining_maintenance_activity_medium_model,staff,45
mining_maintenance_activity_medium_model,technology,35
mining_maintenance_activity_medium_model,financial,50
mining_maintenance_activity_medium_model,reputation,40
mining_maintenance_activity_large_model,competition,55
mining_maintenance_activity_large_model,regulatory,35
mining_maintenance_activity_large_model,demand,45
mining_maintenance_activity_large_model,location,50
mining_maintenance_activity_large_model,staff,40
mining_maintenance_activity_large_model,technology,30
mining_maintenance_activity_large_model,financial,45
mining_maintenance_activity_large_model,reputation,35
mining_cleaning_activity_small_model,competition,65
mining_cleaning_activity_small_model,regulatory,45
mining_cleaning_activity_small_model,demand,55
mining_cleaning_activity_small_model,location,60
mining_cleaning_activity_small_model,staff,50
mining_cleaning_activity_small_model,technology,40
mining_cleaning_activity_small_model,financial,55
mining_cleaning_activity_small_model,reputation,45
mining_cleaning_activity_medium_model,competition,60
mining_cleaning_activity_medium_model,regulatory,40
mining_cleaning_activity_medium_model,demand,50
mining_cleaning_activity_medium_model,location,55
mining_cleaning_activity_medium_model,staff,45
mining_cleaning_activity_medium_model,technology,35
mining_cleaning_activity_medium_model,financial,50
mining_cleaning_activity_medium_model,reputation,40
mining_cleaning_activity_large_model,competition,55
mining_cleaning_activity_large_model,regulatory,35
mining_cleaning_activity_large_model,demand,45
mining_cleaning_activity_large_model,location,50
mining_cleaning_activity_large_model,staff,40
mining_cleaning_activity_large_model,technology,30
mining_cleaning_activity_large_model,financial,45
mining_cleaning_activity_large_model,reputation,35
mining_security_activity_small_model,competition,65
mining_security_activity_small_model,regulatory,45
mining_security_activity_small_model,demand,55
mining_security_activity_small_model,location,60
mining_security_activity_small_model,staff,50
mining_security_activity_small_model,technology,40
mining_security_activity_small_model,financial,55
mining_security_activity_small_model,reputation,45
mining_security_activity_medium_model,competition,60
mining_security_activity_medium_model,regulatory,40
mining_security_activity_medium_model,demand,50
mining_security_activity_medium_model,location,55
mining_security_activity_medium_model,staff,45
mining_security_activity_medium_model,technology,35
mining_security_activity_medium_model,financial,50
mining_security_activity_medium_model,reputation,40
mining_security_activity_large_model,competition,55
mining_security_activity_large_model,regulatory,35
mining_security_activity_large_model,demand,45
mining_security_activity_large_model,location,50
mining_security_activity_large_model,staff,40
mining_security_activity_large_model,technology,30
mining_security_activity_large_model,financial,45
mining_security_activity_large_model,reputation,35
geology_consulting_activity_small_model,competition,65
geology_consulting_activity_small_model,regulatory,45
geology_consulting_activity_small_model,demand,55
geology_consulting_activity_small_model,location,60
geology_consulting_activity_small_model,staff,50
geology_consulting_activity_small_model,technology,40
geology_consulting_activity_small_model,financial,55
geology_consulting_activity_small_model,reputation,45
geology_consulting_activity_medium_model,competition,60
geology_consulting_activity_medium_model,regulatory,40
geology_consulting_activity_medium_model,demand,50
geology_consulting_activity_medium_model,location,55
geology_consulting_activity_medium_model,staff,45
geology_consulting_activity_medium_model,technology,35
geology_consulting_activity_medium_model,financial,50
geology_consulting_activity_medium_model,reputation,40
geology_consulting_activity_large_model,competition,55
geology_consulting_activity_large_model,regulatory,35
geology_consulting_activity_large_model,demand,45
geology_consulting_activity_large_model,location,50
geology_consulting_activity_large_model,staff,40
geology_consulting_activity_large_model,technology,30
geology_consulting_activity_large_model,financial,45
geology_consulting_activity_large_model,reputation,35
geology_maintenance_activity_small_model,competition,65
geology_maintenance_activity_small_model,regulatory,45
geology_maintenance_activity_small_model,demand,55
geology_maintenance_activity_small_model,location,60
geology_maintenance_activity_small_model,staff,50
geology_maintenance_activity_small_model,technology,40
geology_maintenance_activity_small_model,financial,55
geology_maintenance_activity_small_model,reputation,45
geology_maintenance_activity_medium_model,competition,60
geology_maintenance_activity_medium_model,regulatory,40
geology_maintenance_activity_medium_model,demand,50
geology_maintenance_activity_medium_model,location,55
geology_maintenance_activity_medium_model,staff,45
geology_maintenance_activity_medium_model,technology,35
geology_maintenance_activity_medium_model,financial,50
geology_maintenance_activity_medium_model,reputation,40
geology_maintenance_activity_large_model,competition,55
geology_maintenance_activity_large_model,regulatory,35
geology_maintenance_activity_large_model,demand,45
geology_maintenance_activity_large_model,location,50
geology_maintenance_activity_large_model,staff,40
geology_maintenance_activity_large_model,technology,30
geology_maintenance_activity_large_model,financial,45
geology_maintenance_activity_large_model,reputation,35
geology_cleaning_activity_small_model,competition,65
geology_cleaning_activity_small_model,regulatory,45
geology_cleaning_activity_small_model,demand,55
geology_cleaning_activity_small_model,location,60
geology_cleaning_activity_small_model,staff,50
geology_cleaning_activity_small_model,technology,40
geology_cleaning_activity_small_model,financial,55
geology_cleaning_activity_small_model,reputation,45
geology_cleaning_activity_medium_model,competition,60
geology_cleaning_activity_medium_model,regulatory,40
geology_cleaning_activity_medium_model,demand,50
geology_cleaning_activity_medium_model,location,55
geology_cleaning_activity_medium_model,staff,45
geology_cleaning_activity_medium_model,technology,35
geology_cleaning_activity_medium_model,financial,50
geology_cleaning_activity_medium_model,reputation,40
geology_cleaning_activity_large_model,competition,55
geology_cleaning_activity_large_model,regulatory,35
geology_cleaning_activity_large_model,demand,45
geology_cleaning_activity_large_model,location,50
geology_cleaning_activity_large_model,staff,40
geology_cleaning_activity_large_model,technology,30
geology_cleaning_activity_large_model,financial,45
geology_cleaning_activity_large_model,reputation,35
geology_security_activity_small_model,competition,65
geology_security_activity_small_model,regulatory,45
geology_security_activity_small_model,demand,55
geology_security_activity_small_model,location,60
geology_security_activity_small_model,staff,50
geology_security_activity_small_model,technology,40
geology_security_activity_small_model,financial,55
geology_security_activity_small_model,reputation,45
geology_security_activity_medium_model,competition,60
geology_security_activity_medium_model,regulatory,40
geology_security_activity_medium_model,demand,50
geology_security_activity_medium_model,location,55
geology_security_activity_medium_model,staff,45
geology_security_activity_medium_model,technology,35
geology_security_activity_medium_model,financial,50
geology_security_activity_medium_model,reputation,40
geology_security_activity_large_model,competition,55
geology_security_activity_large_model,regulatory,35
geology_security_activity_large_model,demand,45
geology_security_activity_large_model,location,50
geology_security_activity_large_model,staff,40
geology_security_activity_large_model,technology,30
geology_security_activity_large_model,financial,45
geology_security_activity_large_model,reputation,35
oil_gas_renewable_activity_small_model,competition,65
oil_gas_renewable_activity_small_model,regulatory,75
oil_gas_renewable_activity_small_model,demand,55
oil_gas_renewable_activity_small_model,location,60
oil_gas_renewable_activity_small_model,staff,50
oil_gas_renewable_activity_small_model,technology,95
oil_gas_renewable_activity_small_model,financial,100
oil_gas_renewable_activity_small_model,reputation,45
oil_gas_renewable_activity_medium_model,competition,60
oil_gas_renewable_activity_medium_model,regulatory,70
oil_gas_renewable_activity_medium_model,demand,50
oil_gas_renewable_activity_medium_model,location,55
oil_gas_renewable_activity_medium_model,staff,45
oil_gas_renewable_activity_medium_model,technology,90
oil_gas_renewable_activity_medium_model,financial,100
oil_gas_renewable_activity_medium_model,reputation,40
oil_gas_renewable_activity_large_model,competition,55
oil_gas_renewable_activity_large_model,regulatory,65
oil_gas_renewable_activity_large_model,demand,45
oil_gas_renewable_activity_large_model,location,50
oil_gas_renewable_activity_large_model,staff,40
oil_gas_renewable_activity_large_model,technology,85
oil_gas_renewable_activity_large_model,financial,100
oil_gas_renewable_activity_large_model,reputation,35
oil_gas_oil_gas_activity_small_model,competition,65
oil_gas_oil_gas_activity_small_model,regulatory,75
oil_gas_oil_gas_activity_small_model,demand,55
oil_gas_oil_gas_activity_small_model,location,60
oil_gas_oil_gas_activity_small_model,staff,50
oil_gas_oil_gas_activity_small_model,technology,95
oil_gas_oil_gas_activity_small_model,financial,100
oil_gas_oil_gas_activity_small_model,reputation,45
oil_gas_oil_gas_activity_medium_model,competition,60
oil_gas_oil_gas_activity_medium_model,regulatory,70
oil_gas_oil_gas_activity_medium_model,demand,50
oil_gas_oil_gas_activity_medium_model,location,55
oil_gas_oil_gas_activity_medium_model,staff,45
oil_gas_oil_gas_activity_medium_model,technology,90
oil_gas_oil_gas_activity_medium_model,financial,100
oil_gas_oil_gas_activity_medium_model,reputation,40
oil_gas_oil_gas_activity_large_model,competition,55
oil_gas_oil_gas_activity_large_model,regulatory,65
oil_gas_oil_gas_activity_large_model,demand,45
oil_gas_oil_gas_activity_large_model,location,50
oil_gas_oil_gas_activity_large_model,staff,40
oil_gas_oil_gas_activity_large_model,technology,85
oil_gas_oil_gas_activity_large_model,financial,100
oil_gas_oil_gas_activity_large_model,reputation,35
oil_gas_utilities_activity_small_model,competition,65
oil_gas_utilities_activity_small_model,regulatory,75
oil_gas_utilities_activity_small_model,demand,55
oil_gas_utilities_activity_small_model,location,60
oil_gas_utilities_activity_small_model,staff,50
oil_gas_utilities_activity_small_model,technology,95
oil_gas_utilities_activity_small_model,financial,100
oil_gas_utilities_activity_small_model,reputation,45
oil_gas_utilities_activity_medium_model,competition,60
oil_gas_utilities_activity_medium_model,regulatory,70
oil_gas_utilities_activity_medium_model,demand,50
oil_gas_utilities_activity_medium_model,location,55
oil_gas_utilities_activity_medium_model,staff,45
oil_gas_utilities_activity_medium_model,technology,90
oil_gas_utilities_activity_medium_model,financial,100
oil_gas_utilities_activity_medium_model,reputation,40
oil_gas_utilities_activity_large_model,competition,55
oil_gas_utilities_activity_large_model,regulatory,65
oil_gas_utilities_activity_large_model,demand,45
oil_gas_utilities_activity_large_model,location,50
oil_gas_utilities_activity_large_model,staff,40
oil_gas_utilities_activity_large_model,technology,85
oil_gas_utilities_activity_large_model,financial,100
oil_gas_utilities_activity_large_model,reputation,35
oil_gas_efficiency_activity_small_model,competition,65
oil_gas_efficiency_activity_small_model,regulatory,75
oil_gas_efficiency_activity_small_model,demand,55
oil_gas_efficiency_activity_small_model,location,60
oil_gas_efficiency_activity_small_model,staff,50
oil_gas_efficiency_activity_small_model,technology,95
oil_gas_efficiency_activity_small_model,financial,100
oil_gas_efficiency_activity_small_model,reputation,45
oil_gas_efficiency_activity_medium_model,competition,60
oil_gas_efficiency_activity_medium_model,regulatory,70
oil_gas_efficiency_activity_medium_model,demand,50
oil_gas_efficiency_activity_medium_model,location,55
oil_gas_efficiency_activity_medium_model,staff,45
oil_gas_efficiency_activity_medium_model,technology,90
oil_gas_efficiency_activity_medium_model,financial,100
oil_gas_efficiency_activity_medium_model,reputation,40
oil_gas_efficiency_activity_large_model,competition,55
oil_gas_efficiency_activity_large_model,regulatory,65
oil_gas_efficiency_activity_large_model,demand,45
oil_gas_efficiency_activity_large_model,location,50
oil_gas_efficiency_activity_large_model,staff,40
oil_gas_efficiency_activity_large_model,technology,85
oil_gas_efficiency_activity_large_model,financial,100
oil_gas_efficiency_activity_large_model,reputation,35
oil_refineries_renewable_activity_small_model,competition,65
oil_refineries_renewable_activity_small_model,regulatory,75
oil_refineries_renewable_activity_small_model,demand,55
oil_refineries_renewable_activity_small_model,location,60
oil_refineries_renewable_activity_small_model,staff,50
oil_refineries_renewable_activity_small_model,technology,95
oil_refineries_renewable_activity_small_model,financial,100
oil_refineries_renewable_activity_small_model,reputation,45
oil_refineries_renewable_activity_medium_model,competition,60
oil_refineries_renewable_activity_medium_model,regulatory,70
oil_refineries_renewable_activity_medium_model,demand,50
oil_refineries_renewable_activity_medium_model,location,55
oil_refineries_renewable_activity_medium_model,staff,45
oil_refineries_renewable_activity_medium_model,technology,90
oil_refineries_renewable_activity_medium_model,financial,100
oil_refineries_renewable_activity_medium_model,reputation,40
oil_refineries_renewable_activity_large_model,competition,55
oil_refineries_renewable_activity_large_model,regulatory,65
oil_refineries_renewable_activity_large_model,demand,45
oil_refineries_renewable_activity_large_model,location,50
oil_refineries_renewable_activity_large_model,staff,40
oil_refineries_renewable_activity_large_model,technology,85
oil_refineries_renewable_activity_large_model,financial,100
oil_refineries_renewable_activity_large_model,reputation,35
oil_refineries_oil_gas_activity_small_model,competition,65
oil_refineries_oil_gas_activity_small_model,regulatory,75
oil_refineries_oil_gas_activity_small_model,demand,55
oil_refineries_oil_gas_activity_small_model,location,60
oil_refineries_oil_gas_activity_small_model,staff,50
oil_refineries_oil_gas_activity_small_model,technology,95
oil_refineries_oil_gas_activity_small_model,financial,100
oil_refineries_oil_gas_activity_small_model,reputation,45
oil_refineries_oil_gas_activity_medium_model,competition,60
oil_refineries_oil_gas_activity_medium_model,regulatory,70
oil_refineries_oil_gas_activity_medium_model,demand,50
oil_refineries_oil_gas_activity_medium_model,location,55
oil_refineries_oil_gas_activity_medium_model,staff,45
oil_refineries_oil_gas_activity_medium_model,technology,90
oil_refineries_oil_gas_activity_medium_model,financial,100
oil_refineries_oil_gas_activity_medium_model,reputation,40
oil_refineries_oil_gas_activity_large_model,competition,55
oil_refineries_oil_gas_activity_large_model,regulatory,65
oil_refineries_oil_gas_activity_large_model,demand,45
oil_refineries_oil_gas_activity_large_model,location,50
oil_refineries_oil_gas_activity_large_model,staff,40
oil_refineries_oil_gas_activity_large_model,technology,85
oil_refineries_oil_gas_activity_large_model,financial,100
oil_refineries_oil_gas_activity_large_model,reputation,35
oil_refineries_utilities_activity_small_model,competition,65
oil_refineries_utilities_activity_small_model,regulatory,75
oil_refineries_utilities_activity_small_model,demand,55
oil_refineries_utilities_activity_small_model,location,60
oil_refineries_utilities_activity_small_model,staff,50
oil_refineries_utilities_activity_small_model,technology,95
oil_refineries_utilities_activity_small_model,financial,100
oil_refineries_utilities_activity_small_model,reputation,45
oil_refineries_utilities_activity_medium_model,competition,60
oil_refineries_utilities_activity_medium_model,regulatory,70
oil_refineries_utilities_activity_medium_model,demand,50
oil_refineries_utilities_activity_medium_model,location,55
oil_refineries_utilities_activity_medium_model,staff,45
oil_refineries_utilities_activity_medium_model,technology,90
oil_refineries_utilities_activity_medium_model,financial,100
oil_refineries_utilities_activity_medium_model,reputation,40
oil_refineries_utilities_activity_large_model,competition,55
oil_refineries_utilities_activity_large_model,regulatory,65
oil_refineries_utilities_activity_large_model,demand,45
oil_refineries_utilities_activity_large_model,location,50
oil_refineries_utilities_activity_large_model,staff,40
oil_refineries_utilities_activity_large_model,technology,85
oil_refineries_utilities_activity_large_model,financial,100
oil_refineries_utilities_activity_large_model,reputation,35
oil_refineries_efficiency_activity_small_model,competition,65
oil_refineries_efficiency_activity_small_model,regulatory,75
oil_refineries_efficiency_activity_small_model,demand,55
oil_refineries_efficiency_activity_small_model,location,60
oil_refineries_efficiency_activity_small_model,staff,50
oil_refineries_efficiency_activity_small_model,technology,95
oil_refineries_efficiency_activity_small_model,financial,100
oil_refineries_efficiency_activity_small_model,reputation,45
oil_refineries_efficiency_activity_medium_model,competition,60
oil_refineries_efficiency_activity_medium_model,regulatory,70
oil_refineries_efficiency_activity_medium_model,demand,50
oil_refineries_efficiency_activity_medium_model,location,55
oil_refineries_efficiency_activity_medium_model,staff,45
oil_refineries_efficiency_activity_medium_model,technology,90
oil_refineries_efficiency_activity_medium_model,financial,100
oil_refineries_efficiency_activity_medium_model,reputation,40
oil_refineries_efficiency_activity_large_model,competition,55
oil_refineries_efficiency_activity_large_model,regulatory,65
oil_refineries_efficiency_activity_large_model,demand,45
oil_refineries_efficiency_activity_large_model,location,50
oil_refineries_efficiency_activity_large_model,staff,40
oil_refineries_efficiency_activity_large_model,technology,85
oil_refineries_efficiency_activity_large_model,financial,100
oil_refineries_efficiency_activity_large_model,reputation,35
metal_refineries_consulting_activity_small_model,competition,65
metal_refineries_consulting_activity_small_model,regulatory,45
metal_refineries_consulting_activity_small_model,demand,55
metal_refineries_consulting_activity_small_model,location,60
metal_refineries_consulting_activity_small_model,staff,50
metal_refineries_consulting_activity_small_model,technology,40
metal_refineries_consulting_activity_small_model,financial,55
metal_refineries_consulting_activity_small_model,reputation,45
metal_refineries_consulting_activity_medium_model,competition,60
metal_refineries_consulting_activity_medium_model,regulatory,40
metal_refineries_consulting_activity_medium_model,demand,50
metal_refineries_consulting_activity_medium_model,location,55
metal_refineries_consulting_activity_medium_model,staff,45
metal_refineries_consulting_activity_medium_model,technology,35
metal_refineries_consulting_activity_medium_model,financial,50
metal_refineries_consulting_activity_medium_model,reputation,40
metal_refineries_consulting_activity_large_model,competition,55
metal_refineries_consulting_activity_large_model,regulatory,35
metal_refineries_consulting_activity_large_model,demand,45
metal_refineries_consulting_activity_large_model,location,50
metal_refineries_consulting_activity_large_model,staff,40
metal_refineries_consulting_activity_large_model,technology,30
metal_refineries_consulting_activity_large_model,financial,45
metal_refineries_consulting_activity_large_model,reputation,35
metal_refineries_maintenance_activity_small_model,competition,65
metal_refineries_maintenance_activity_small_model,regulatory,45
metal_refineries_maintenance_activity_small_model,demand,55
metal_refineries_maintenance_activity_small_model,location,60
metal_refineries_maintenance_activity_small_model,staff,50
metal_refineries_maintenance_activity_small_model,technology,40
metal_refineries_maintenance_activity_small_model,financial,55
metal_refineries_maintenance_activity_small_model,reputation,45
metal_refineries_maintenance_activity_medium_model,competition,60
metal_refineries_maintenance_activity_medium_model,regulatory,40
metal_refineries_maintenance_activity_medium_model,demand,50
metal_refineries_maintenance_activity_medium_model,location,55
metal_refineries_maintenance_activity_medium_model,staff,45
metal_refineries_maintenance_activity_medium_model,technology,35
metal_refineries_maintenance_activity_medium_model,financial,50
metal_refineries_maintenance_activity_medium_model,reputation,40
metal_refineries_maintenance_activity_large_model,competition,55
metal_refineries_maintenance_activity_large_model,regulatory,35
metal_refineries_maintenance_activity_large_model,demand,45
metal_refineries_maintenance_activity_large_model,location,50
metal_refineries_maintenance_activity_large_model,staff,40
metal_refineries_maintenance_activity_large_model,technology,30
metal_refineries_maintenance_activity_large_model,financial,45
metal_refineries_maintenance_activity_large_model,reputation,35
metal_refineries_cleaning_activity_small_model,competition,65
metal_refineries_cleaning_activity_small_model,regulatory,45
metal_refineries_cleaning_activity_small_model,demand,55
metal_refineries_cleaning_activity_small_model,location,60
metal_refineries_cleaning_activity_small_model,staff,50
metal_refineries_cleaning_activity_small_model,technology,40
metal_refineries_cleaning_activity_small_model,financial,55
metal_refineries_cleaning_activity_small_model,reputation,45
metal_refineries_cleaning_activity_medium_model,competition,60
metal_refineries_cleaning_activity_medium_model,regulatory,40
metal_refineries_cleaning_activity_medium_model,demand,50
metal_refineries_cleaning_activity_medium_model,location,55
metal_refineries_cleaning_activity_medium_model,staff,45
metal_refineries_cleaning_activity_medium_model,technology,35
metal_refineries_cleaning_activity_medium_model,financial,50
metal_refineries_cleaning_activity_medium_model,reputation,40
metal_refineries_cleaning_activity_large_model,competition,55
metal_refineries_cleaning_activity_large_model,regulatory,35
metal_refineries_cleaning_activity_large_model,demand,45
metal_refineries_cleaning_activity_large_model,location,50
metal_refineries_cleaning_activity_large_model,staff,40
metal_refineries_cleaning_activity_large_model,technology,30
metal_refineries_cleaning_activity_large_model,financial,45
metal_refineries_cleaning_activity_large_model,reputation,35
metal_refineries_security_activity_small_model,competition,65
metal_refineries_security_activity_small_model,regulatory,45
metal_refineries_security_activity_small_model,demand,55
metal_refineries_security_activity_small_model,location,60
metal_refineries_security_activity_small_model,staff,50
metal_refineries_security_activity_small_model,technology,40
metal_refineries_security_activity_small_model,financial,55
metal_refineries_security_activity_small_model,reputation,45
metal_refineries_security_activity_medium_model,competition,60
metal_refineries_security_activity_medium_model,regulatory,40
metal_refineries_security_activity_medium_model,demand,50
metal_refineries_security_activity_medium_model,location,55
metal_refineries_security_activity_medium_model,staff,45
metal_refineries_security_activity_medium_model,technology,35
metal_refineries_security_activity_medium_model,financial,50
metal_refineries_security_activity_medium_model,reputation,40
metal_refineries_security_activity_large_model,competition,55
metal_refineries_security_activity_large_model,regulatory,35
metal_refineries_security_activity_large_model,demand,45
metal_refineries_security_activity_large_model,location,50
metal_refineries_security_activity_large_model,staff,40
metal_refineries_security_activity_large_model,technology,30
metal_refineries_security_activity_large_model,financial,45
metal_refineries_security_activity_large_model,reputation,35
water_consulting_activity_small_model,competition,65
water_consulting_activity_small_model,regulatory,45
water_consulting_activity_small_model,demand,55
water_consulting_activity_small_model,location,60
water_consulting_activity_small_model,staff,50
water_consulting_activity_small_model,technology,40
water_consulting_activity_small_model,financial,55
water_consulting_activity_small_model,reputation,45
water_consulting_activity_medium_model,competition,60
water_consulting_activity_medium_model,regulatory,40
water_consulting_activity_medium_model,demand,50
water_consulting_activity_medium_model,location,55
water_consulting_activity_medium_model,staff,45
water_consulting_activity_medium_model,technology,35
water_consulting_activity_medium_model,financial,50
water_consulting_activity_medium_model,reputation,40
water_consulting_activity_large_model,competition,55
water_consulting_activity_large_model,regulatory,35
water_consulting_activity_large_model,demand,45
water_consulting_activity_large_model,location,50
water_consulting_activity_large_model,staff,40
water_consulting_activity_large_model,technology,30
water_consulting_activity_large_model,financial,45
water_consulting_activity_large_model,reputation,35
water_maintenance_activity_small_model,competition,65
water_maintenance_activity_small_model,regulatory,45
water_maintenance_activity_small_model,demand,55
water_maintenance_activity_small_model,location,60
water_maintenance_activity_small_model,staff,50
water_maintenance_activity_small_model,technology,40
water_maintenance_activity_small_model,financial,55
water_maintenance_activity_small_model,reputation,45
water_maintenance_activity_medium_model,competition,60
water_maintenance_activity_medium_model,regulatory,40
water_maintenance_activity_medium_model,demand,50
water_maintenance_activity_medium_model,location,55
water_maintenance_activity_medium_model,staff,45
water_maintenance_activity_medium_model,technology,35
water_maintenance_activity_medium_model,financial,50
water_maintenance_activity_medium_model,reputation,40
water_maintenance_activity_large_model,competition,55
water_maintenance_activity_large_model,regulatory,35
water_maintenance_activity_large_model,demand,45
water_maintenance_activity_large_model,location,50
water_maintenance_activity_large_model,staff,40
water_maintenance_activity_large_model,technology,30
water_maintenance_activity_large_model,financial,45
water_maintenance_activity_large_model,reputation,35
water_cleaning_activity_small_model,competition,65
water_cleaning_activity_small_model,regulatory,45
water_cleaning_activity_small_model,demand,55
water_cleaning_activity_small_model,location,60
water_cleaning_activity_small_model,staff,50
water_cleaning_activity_small_model,technology,40
water_cleaning_activity_small_model,financial,55
water_cleaning_activity_small_model,reputation,45
water_cleaning_activity_medium_model,competition,60
water_cleaning_activity_medium_model,regulatory,40
water_cleaning_activity_medium_model,demand,50
water_cleaning_activity_medium_model,location,55
water_cleaning_activity_medium_model,staff,45
water_cleaning_activity_medium_model,technology,35
water_cleaning_activity_medium_model,financial,50
water_cleaning_activity_medium_model,reputation,40
water_cleaning_activity_large_model,competition,55
water_cleaning_activity_large_model,regulatory,35
water_cleaning_activity_large_model,demand,45
water_cleaning_activity_large_model,location,50
water_cleaning_activity_large_model,staff,40
water_cleaning_activity_large_model,technology,30
water_cleaning_activity_large_model,financial,45
water_cleaning_activity_large_model,reputation,35
water_security_activity_small_model,competition,65
water_security_activity_small_model,regulatory,45
water_security_activity_small_model,demand,55
water_security_activity_small_model,location,60
water_security_activity_small_model,staff,50
water_security_activity_small_model,technology,40
water_security_activity_small_model,financial,55
water_security_activity_small_model,reputation,45
water_security_activity_medium_model,competition,60
water_security_activity_medium_model,regulatory,40
water_security_activity_medium_model,demand,50
water_security_activity_medium_model,location,55
water_security_activity_medium_model,staff,45
water_security_activity_medium_model,technology,35
water_security_activity_medium_model,financial,50
water_security_activity_medium_model,reputation,40
water_security_activity_large_model,competition,55
water_security_activity_large_model,regulatory,35
water_security_activity_large_model,demand,45
water_security_activity_large_model,location,50
water_security_activity_large_model,staff,40
water_security_activity_large_model,technology,30
water_security_activity_large_model,financial,45
water_security_activity_large_model,reputation,35
well_drilling_consulting_activity_small_model,competition,65
well_drilling_consulting_activity_small_model,regulatory,45
well_drilling_consulting_activity_small_model,demand,55
well_drilling_consulting_activity_small_model,location,60
well_drilling_consulting_activity_small_model,staff,50
well_drilling_consulting_activity_small_model,technology,40
well_drilling_consulting_activity_small_model,financial,55
well_drilling_consulting_activity_small_model,reputation,45
well_drilling_consulting_activity_medium_model,competition,60
well_drilling_consulting_activity_medium_model,regulatory,40
well_drilling_consulting_activity_medium_model,demand,50
well_drilling_consulting_activity_medium_model,location,55
well_drilling_consulting_activity_medium_model,staff,45
well_drilling_consulting_activity_medium_model,technology,35
well_drilling_consulting_activity_medium_model,financial,50
well_drilling_consulting_activity_medium_model,reputation,40
well_drilling_consulting_activity_large_model,competition,55
well_drilling_consulting_activity_large_model,regulatory,35
well_drilling_consulting_activity_large_model,demand,45
well_drilling_consulting_activity_large_model,location,50
well_drilling_consulting_activity_large_model,staff,40
well_drilling_consulting_activity_large_model,technology,30
well_drilling_consulting_activity_large_model,financial,45
well_drilling_consulting_activity_large_model,reputation,35
well_drilling_maintenance_activity_small_model,competition,65
well_drilling_maintenance_activity_small_model,regulatory,45
well_drilling_maintenance_activity_small_model,demand,55
well_drilling_maintenance_activity_small_model,location,60
well_drilling_maintenance_activity_small_model,staff,50
well_drilling_maintenance_activity_small_model,technology,40
well_drilling_maintenance_activity_small_model,financial,55
well_drilling_maintenance_activity_small_model,reputation,45
well_drilling_maintenance_activity_medium_model,competition,60
well_drilling_maintenance_activity_medium_model,regulatory,40
well_drilling_maintenance_activity_medium_model,demand,50
well_drilling_maintenance_activity_medium_model,location,55
well_drilling_maintenance_activity_medium_model,staff,45
well_drilling_maintenance_activity_medium_model,technology,35
well_drilling_maintenance_activity_medium_model,financial,50
well_drilling_maintenance_activity_medium_model,reputation,40
well_drilling_maintenance_activity_large_model,competition,55
well_drilling_maintenance_activity_large_model,regulatory,35
well_drilling_maintenance_activity_large_model,demand,45
well_drilling_maintenance_activity_large_model,location,50
well_drilling_maintenance_activity_large_model,staff,40
well_drilling_maintenance_activity_large_model,technology,30
well_drilling_maintenance_activity_large_model,financial,45
well_drilling_maintenance_activity_large_model,reputation,35
well_drilling_cleaning_activity_small_model,competition,65
well_drilling_cleaning_activity_small_model,regulatory,45
well_drilling_cleaning_activity_small_model,demand,55
well_drilling_cleaning_activity_small_model,location,60
well_drilling_cleaning_activity_small_model,staff,50
well_drilling_cleaning_activity_small_model,technology,40
well_drilling_cleaning_activity_small_model,financial,55
well_drilling_cleaning_activity_small_model,reputation,45
well_drilling_cleaning_activity_medium_model,competition,60
well_drilling_cleaning_activity_medium_model,regulatory,40
well_drilling_cleaning_activity_medium_model,demand,50
well_drilling_cleaning_activity_medium_model,location,55
well_drilling_cleaning_activity_medium_model,staff,45
well_drilling_cleaning_activity_medium_model,technology,35
well_drilling_cleaning_activity_medium_model,financial,50
well_drilling_cleaning_activity_medium_model,reputation,40
well_drilling_cleaning_activity_large_model,competition,55
well_drilling_cleaning_activity_large_model,regulatory,35
well_drilling_cleaning_activity_large_model,demand,45
well_drilling_cleaning_activity_large_model,location,50
well_drilling_cleaning_activity_large_model,staff,40
well_drilling_cleaning_activity_large_model,technology,30
well_drilling_cleaning_activity_large_model,financial,45
well_drilling_cleaning_activity_large_model,reputation,35
well_drilling_security_activity_small_model,competition,65
well_drilling_security_activity_small_model,regulatory,45
well_drilling_security_activity_small_model,demand,55
well_drilling_security_activity_small_model,location,60
well_drilling_security_activity_small_model,staff,50
well_drilling_security_activity_small_model,technology,40
well_drilling_security_activity_small_model,financial,55
well_drilling_security_activity_small_model,reputation,45
well_drilling_security_activity_medium_model,competition,60
well_drilling_security_activity_medium_model,regulatory,40
well_drilling_security_activity_medium_model,demand,50
well_drilling_security_activity_medium_model,location,55
well_drilling_security_activity_medium_model,staff,45
well_drilling_security_activity_medium_model,technology,35
well_drilling_security_activity_medium_model,financial,50
well_drilling_security_activity_medium_model,reputation,40
well_drilling_security_activity_large_model,competition,55
well_drilling_security_activity_large_model,regulatory,35
well_drilling_security_activity_large_model,demand,45
well_drilling_security_activity_large_model,location,50
well_drilling_security_activity_large_model,staff,40
well_drilling_security_activity_large_model,technology,30
well_drilling_security_activity_large_model,financial,45
well_drilling_security_activity_large_model,reputation,35
agriculture_farming_activity_small_model,competition,65
agriculture_farming_activity_small_model,regulatory,45
agriculture_farming_activity_small_model,demand,100
agriculture_farming_activity_small_model,location,60
agriculture_farming_activity_small_model,staff,50
agriculture_farming_activity_small_model,technology,40
agriculture_farming_activity_small_model,financial,55
agriculture_farming_activity_small_model,reputation,45
agriculture_farming_activity_medium_model,competition,60
agriculture_farming_activity_medium_model,regulatory,40
agriculture_farming_activity_medium_model,demand,95
agriculture_farming_activity_medium_model,location,55
agriculture_farming_activity_medium_model,staff,45
agriculture_farming_activity_medium_model,technology,35
agriculture_farming_activity_medium_model,financial,50
agriculture_farming_activity_medium_model,reputation,40
agriculture_farming_activity_large_model,competition,55
agriculture_farming_activity_large_model,regulatory,35
agriculture_farming_activity_large_model,demand,90
agriculture_farming_activity_large_model,location,50
agriculture_farming_activity_large_model,staff,40
agriculture_farming_activity_large_model,technology,30
agriculture_farming_activity_large_model,financial,45
agriculture_farming_activity_large_model,reputation,35
agriculture_livestock_activity_small_model,competition,65
agriculture_livestock_activity_small_model,regulatory,45
agriculture_livestock_activity_small_model,demand,100
agriculture_livestock_activity_small_model,location,60
agriculture_livestock_activity_small_model,staff,50
agriculture_livestock_activity_small_model,technology,40
agriculture_livestock_activity_small_model,financial,55
agriculture_livestock_activity_small_model,reputation,45
agriculture_livestock_activity_medium_model,competition,60
agriculture_livestock_activity_medium_model,regulatory,40
agriculture_livestock_activity_medium_model,demand,95
agriculture_livestock_activity_medium_model,location,55
agriculture_livestock_activity_medium_model,staff,45
agriculture_livestock_activity_medium_model,technology,35
agriculture_livestock_activity_medium_model,financial,50
agriculture_livestock_activity_medium_model,reputation,40
agriculture_livestock_activity_large_model,competition,55
agriculture_livestock_activity_large_model,regulatory,35
agriculture_livestock_activity_large_model,demand,90
agriculture_livestock_activity_large_model,location,50
agriculture_livestock_activity_large_model,staff,40
agriculture_livestock_activity_large_model,technology,30
agriculture_livestock_activity_large_model,financial,45
agriculture_livestock_activity_large_model,reputation,35
agriculture_processing_activity_small_model,competition,65
agriculture_processing_activity_small_model,regulatory,45
agriculture_processing_activity_small_model,demand,100
agriculture_processing_activity_small_model,location,60
agriculture_processing_activity_small_model,staff,50
agriculture_processing_activity_small_model,technology,40
agriculture_processing_activity_small_model,financial,55
agriculture_processing_activity_small_model,reputation,45
agriculture_processing_activity_medium_model,competition,60
agriculture_processing_activity_medium_model,regulatory,40
agriculture_processing_activity_medium_model,demand,95
agriculture_processing_activity_medium_model,location,55
agriculture_processing_activity_medium_model,staff,45
agriculture_processing_activity_medium_model,technology,35
agriculture_processing_activity_medium_model,financial,50
agriculture_processing_activity_medium_model,reputation,40
agriculture_processing_activity_large_model,competition,55
agriculture_processing_activity_large_model,regulatory,35
agriculture_processing_activity_large_model,demand,90
agriculture_processing_activity_large_model,location,50
agriculture_processing_activity_large_model,staff,40
agriculture_processing_activity_large_model,technology,30
agriculture_processing_activity_large_model,financial,45
agriculture_processing_activity_large_model,reputation,35
agriculture_distribution_activity_small_model,competition,65
agriculture_distribution_activity_small_model,regulatory,45
agriculture_distribution_activity_small_model,demand,100
agriculture_distribution_activity_small_model,location,60
agriculture_distribution_activity_small_model,staff,50
agriculture_distribution_activity_small_model,technology,40
agriculture_distribution_activity_small_model,financial,55
agriculture_distribution_activity_small_model,reputation,45
agriculture_distribution_activity_medium_model,competition,60
agriculture_distribution_activity_medium_model,regulatory,40
agriculture_distribution_activity_medium_model,demand,95
agriculture_distribution_activity_medium_model,location,55
agriculture_distribution_activity_medium_model,staff,45
agriculture_distribution_activity_medium_model,technology,35
agriculture_distribution_activity_medium_model,financial,50
agriculture_distribution_activity_medium_model,reputation,40
agriculture_distribution_activity_large_model,competition,55
agriculture_distribution_activity_large_model,regulatory,35
agriculture_distribution_activity_large_model,demand,90
agriculture_distribution_activity_large_model,location,50
agriculture_distribution_activity_large_model,staff,40
agriculture_distribution_activity_large_model,technology,30
agriculture_distribution_activity_large_model,financial,45
agriculture_distribution_activity_large_model,reputation,35
agricultural_inputs_farming_activity_small_model,competition,65
agricultural_inputs_farming_activity_small_model,regulatory,45
agricultural_inputs_farming_activity_small_model,demand,100
agricultural_inputs_farming_activity_small_model,location,60
agricultural_inputs_farming_activity_small_model,staff,50
agricultural_inputs_farming_activity_small_model,technology,40
agricultural_inputs_farming_activity_small_model,financial,55
agricultural_inputs_farming_activity_small_model,reputation,45
agricultural_inputs_farming_activity_medium_model,competition,60
agricultural_inputs_farming_activity_medium_model,regulatory,40
agricultural_inputs_farming_activity_medium_model,demand,95
agricultural_inputs_farming_activity_medium_model,location,55
agricultural_inputs_farming_activity_medium_model,staff,45
agricultural_inputs_farming_activity_medium_model,technology,35
agricultural_inputs_farming_activity_medium_model,financial,50
agricultural_inputs_farming_activity_medium_model,reputation,40
agricultural_inputs_farming_activity_large_model,competition,55
agricultural_inputs_farming_activity_large_model,regulatory,35
agricultural_inputs_farming_activity_large_model,demand,90
agricultural_inputs_farming_activity_large_model,location,50
agricultural_inputs_farming_activity_large_model,staff,40
agricultural_inputs_farming_activity_large_model,technology,30
agricultural_inputs_farming_activity_large_model,financial,45
agricultural_inputs_farming_activity_large_model,reputation,35
agricultural_inputs_livestock_activity_small_model,competition,65
agricultural_inputs_livestock_activity_small_model,regulatory,45
agricultural_inputs_livestock_activity_small_model,demand,100
agricultural_inputs_livestock_activity_small_model,location,60
agricultural_inputs_livestock_activity_small_model,staff,50
agricultural_inputs_livestock_activity_small_model,technology,40
agricultural_inputs_livestock_activity_small_model,financial,55
agricultural_inputs_livestock_activity_small_model,reputation,45
agricultural_inputs_livestock_activity_medium_model,competition,60
agricultural_inputs_livestock_activity_medium_model,regulatory,40
agricultural_inputs_livestock_activity_medium_model,demand,95
agricultural_inputs_livestock_activity_medium_model,location,55
agricultural_inputs_livestock_activity_medium_model,staff,45
agricultural_inputs_livestock_activity_medium_model,technology,35
agricultural_inputs_livestock_activity_medium_model,financial,50
agricultural_inputs_livestock_activity_medium_model,reputation,40
agricultural_inputs_livestock_activity_large_model,competition,55
agricultural_inputs_livestock_activity_large_model,regulatory,35
agricultural_inputs_livestock_activity_large_model,demand,90
agricultural_inputs_livestock_activity_large_model,location,50
agricultural_inputs_livestock_activity_large_model,staff,40
agricultural_inputs_livestock_activity_large_model,technology,30
agricultural_inputs_livestock_activity_large_model,financial,45
agricultural_inputs_livestock_activity_large_model,reputation,35
agricultural_inputs_processing_activity_small_model,competition,65
agricultural_inputs_processing_activity_small_model,regulatory,45
agricultural_inputs_processing_activity_small_model,demand,100
agricultural_inputs_processing_activity_small_model,location,60
agricultural_inputs_processing_activity_small_model,staff,50
agricultural_inputs_processing_activity_small_model,technology,40
agricultural_inputs_processing_activity_small_model,financial,55
agricultural_inputs_processing_activity_small_model,reputation,45
agricultural_inputs_processing_activity_medium_model,competition,60
agricultural_inputs_processing_activity_medium_model,regulatory,40
agricultural_inputs_processing_activity_medium_model,demand,95
agricultural_inputs_processing_activity_medium_model,location,55
agricultural_inputs_processing_activity_medium_model,staff,45
agricultural_inputs_processing_activity_medium_model,technology,35
agricultural_inputs_processing_activity_medium_model,financial,50
agricultural_inputs_processing_activity_medium_model,reputation,40
agricultural_inputs_processing_activity_large_model,competition,55
agricultural_inputs_processing_activity_large_model,regulatory,35
agricultural_inputs_processing_activity_large_model,demand,90
agricultural_inputs_processing_activity_large_model,location,50
agricultural_inputs_processing_activity_large_model,staff,40
agricultural_inputs_processing_activity_large_model,technology,30
agricultural_inputs_processing_activity_large_model,financial,45
agricultural_inputs_processing_activity_large_model,reputation,35
agricultural_inputs_distribution_activity_small_model,competition,65
agricultural_inputs_distribution_activity_small_model,regulatory,45
agricultural_inputs_distribution_activity_small_model,demand,100
agricultural_inputs_distribution_activity_small_model,location,60
agricultural_inputs_distribution_activity_small_model,staff,50
agricultural_inputs_distribution_activity_small_model,technology,40
agricultural_inputs_distribution_activity_small_model,financial,55
agricultural_inputs_distribution_activity_small_model,reputation,45
agricultural_inputs_distribution_activity_medium_model,competition,60
agricultural_inputs_distribution_activity_medium_model,regulatory,40
agricultural_inputs_distribution_activity_medium_model,demand,95
agricultural_inputs_distribution_activity_medium_model,location,55
agricultural_inputs_distribution_activity_medium_model,staff,45
agricultural_inputs_distribution_activity_medium_model,technology,35
agricultural_inputs_distribution_activity_medium_model,financial,50
agricultural_inputs_distribution_activity_medium_model,reputation,40
agricultural_inputs_distribution_activity_large_model,competition,55
agricultural_inputs_distribution_activity_large_model,regulatory,35
agricultural_inputs_distribution_activity_large_model,demand,90
agricultural_inputs_distribution_activity_large_model,location,50
agricultural_inputs_distribution_activity_large_model,staff,40
agricultural_inputs_distribution_activity_large_model,technology,30
agricultural_inputs_distribution_activity_large_model,financial,45
agricultural_inputs_distribution_activity_large_model,reputation,35
desertification_control_consulting_activity_small_model,competition,65
desertification_control_consulting_activity_small_model,regulatory,45
desertification_control_consulting_activity_small_model,demand,55
desertification_control_consulting_activity_small_model,location,60
desertification_control_consulting_activity_small_model,staff,50
desertification_control_consulting_activity_small_model,technology,40
desertification_control_consulting_activity_small_model,financial,55
desertification_control_consulting_activity_small_model,reputation,45
desertification_control_consulting_activity_medium_model,competition,60
desertification_control_consulting_activity_medium_model,regulatory,40
desertification_control_consulting_activity_medium_model,demand,50
desertification_control_consulting_activity_medium_model,location,55
desertification_control_consulting_activity_medium_model,staff,45
desertification_control_consulting_activity_medium_model,technology,35
desertification_control_consulting_activity_medium_model,financial,50
desertification_control_consulting_activity_medium_model,reputation,40
desertification_control_consulting_activity_large_model,competition,55
desertification_control_consulting_activity_large_model,regulatory,35
desertification_control_consulting_activity_large_model,demand,45
desertification_control_consulting_activity_large_model,location,50
desertification_control_consulting_activity_large_model,staff,40
desertification_control_consulting_activity_large_model,technology,30
desertification_control_consulting_activity_large_model,financial,45
desertification_control_consulting_activity_large_model,reputation,35
desertification_control_maintenance_activity_small_model,competition,65
desertification_control_maintenance_activity_small_model,regulatory,45
desertification_control_maintenance_activity_small_model,demand,55
desertification_control_maintenance_activity_small_model,location,60
desertification_control_maintenance_activity_small_model,staff,50
desertification_control_maintenance_activity_small_model,technology,40
desertification_control_maintenance_activity_small_model,financial,55
desertification_control_maintenance_activity_small_model,reputation,45
desertification_control_maintenance_activity_medium_model,competition,60
desertification_control_maintenance_activity_medium_model,regulatory,40
desertification_control_maintenance_activity_medium_model,demand,50
desertification_control_maintenance_activity_medium_model,location,55
desertification_control_maintenance_activity_medium_model,staff,45
desertification_control_maintenance_activity_medium_model,technology,35
desertification_control_maintenance_activity_medium_model,financial,50
desertification_control_maintenance_activity_medium_model,reputation,40
desertification_control_maintenance_activity_large_model,competition,55
desertification_control_maintenance_activity_large_model,regulatory,35
desertification_control_maintenance_activity_large_model,demand,45
desertification_control_maintenance_activity_large_model,location,50
desertification_control_maintenance_activity_large_model,staff,40
desertification_control_maintenance_activity_large_model,technology,30
desertification_control_maintenance_activity_large_model,financial,45
desertification_control_maintenance_activity_large_model,reputation,35
desertification_control_cleaning_activity_small_model,competition,65
desertification_control_cleaning_activity_small_model,regulatory,45
desertification_control_cleaning_activity_small_model,demand,55
desertification_control_cleaning_activity_small_model,location,60
desertification_control_cleaning_activity_small_model,staff,50
desertification_control_cleaning_activity_small_model,technology,40
desertification_control_cleaning_activity_small_model,financial,55
desertification_control_cleaning_activity_small_model,reputation,45
desertification_control_cleaning_activity_medium_model,competition,60
desertification_control_cleaning_activity_medium_model,regulatory,40
desertification_control_cleaning_activity_medium_model,demand,50
desertification_control_cleaning_activity_medium_model,location,55
desertification_control_cleaning_activity_medium_model,staff,45
desertification_control_cleaning_activity_medium_model,technology,35
desertification_control_cleaning_activity_medium_model,financial,50
desertification_control_cleaning_activity_medium_model,reputation,40
desertification_control_cleaning_activity_large_model,competition,55
desertification_control_cleaning_activity_large_model,regulatory,35
desertification_control_cleaning_activity_large_model,demand,45
desertification_control_cleaning_activity_large_model,location,50
desertification_control_cleaning_activity_large_model,staff,40
desertification_control_cleaning_activity_large_model,technology,30
desertification_control_cleaning_activity_large_model,financial,45
desertification_control_cleaning_activity_large_model,reputation,35
desertification_control_security_activity_small_model,competition,65
desertification_control_security_activity_small_model,regulatory,45
desertification_control_security_activity_small_model,demand,55
desertification_control_security_activity_small_model,location,60
desertification_control_security_activity_small_model,staff,50
desertification_control_security_activity_small_model,technology,40
desertification_control_security_activity_small_model,financial,55
desertification_control_security_activity_small_model,reputation,45
desertification_control_security_activity_medium_model,competition,60
desertification_control_security_activity_medium_model,regulatory,40
desertification_control_security_activity_medium_model,demand,50
desertification_control_security_activity_medium_model,location,55
desertification_control_security_activity_medium_model,staff,45
desertification_control_security_activity_medium_model,technology,35
desertification_control_security_activity_medium_model,financial,50
desertification_control_security_activity_medium_model,reputation,40
desertification_control_security_activity_large_model,competition,55
desertification_control_security_activity_large_model,regulatory,35
desertification_control_security_activity_large_model,demand,45
desertification_control_security_activity_large_model,location,50
desertification_control_security_activity_large_model,staff,40
desertification_control_security_activity_large_model,technology,30
desertification_control_security_activity_large_model,financial,45
desertification_control_security_activity_large_model,reputation,35
livestock_farming_activity_small_model,competition,65
livestock_farming_activity_small_model,regulatory,45
livestock_farming_activity_small_model,demand,100
livestock_farming_activity_small_model,location,60
livestock_farming_activity_small_model,staff,50
livestock_farming_activity_small_model,technology,40
livestock_farming_activity_small_model,financial,55
livestock_farming_activity_small_model,reputation,45
livestock_farming_activity_medium_model,competition,60
livestock_farming_activity_medium_model,regulatory,40
livestock_farming_activity_medium_model,demand,95
livestock_farming_activity_medium_model,location,55
livestock_farming_activity_medium_model,staff,45
livestock_farming_activity_medium_model,technology,35
livestock_farming_activity_medium_model,financial,50
livestock_farming_activity_medium_model,reputation,40
livestock_farming_activity_large_model,competition,55
livestock_farming_activity_large_model,regulatory,35
livestock_farming_activity_large_model,demand,90
livestock_farming_activity_large_model,location,50
livestock_farming_activity_large_model,staff,40
livestock_farming_activity_large_model,technology,30
livestock_farming_activity_large_model,financial,45
livestock_farming_activity_large_model,reputation,35
livestock_livestock_activity_small_model,competition,65
livestock_livestock_activity_small_model,regulatory,45
livestock_livestock_activity_small_model,demand,100
livestock_livestock_activity_small_model,location,60
livestock_livestock_activity_small_model,staff,50
livestock_livestock_activity_small_model,technology,40
livestock_livestock_activity_small_model,financial,55
livestock_livestock_activity_small_model,reputation,45
livestock_livestock_activity_medium_model,competition,60
livestock_livestock_activity_medium_model,regulatory,40
livestock_livestock_activity_medium_model,demand,95
livestock_livestock_activity_medium_model,location,55
livestock_livestock_activity_medium_model,staff,45
livestock_livestock_activity_medium_model,technology,35
livestock_livestock_activity_medium_model,financial,50
livestock_livestock_activity_medium_model,reputation,40
livestock_livestock_activity_large_model,competition,55
livestock_livestock_activity_large_model,regulatory,35
livestock_livestock_activity_large_model,demand,90
livestock_livestock_activity_large_model,location,50
livestock_livestock_activity_large_model,staff,40
livestock_livestock_activity_large_model,technology,30
livestock_livestock_activity_large_model,financial,45
livestock_livestock_activity_large_model,reputation,35
livestock_processing_activity_small_model,competition,65
livestock_processing_activity_small_model,regulatory,45
livestock_processing_activity_small_model,demand,100
livestock_processing_activity_small_model,location,60
livestock_processing_activity_small_model,staff,50
livestock_processing_activity_small_model,technology,40
livestock_processing_activity_small_model,financial,55
livestock_processing_activity_small_model,reputation,45
livestock_processing_activity_medium_model,competition,60
livestock_processing_activity_medium_model,regulatory,40
livestock_processing_activity_medium_model,demand,95
livestock_processing_activity_medium_model,location,55
livestock_processing_activity_medium_model,staff,45
livestock_processing_activity_medium_model,technology,35
livestock_processing_activity_medium_model,financial,50
livestock_processing_activity_medium_model,reputation,40
livestock_processing_activity_large_model,competition,55
livestock_processing_activity_large_model,regulatory,35
livestock_processing_activity_large_model,demand,90
livestock_processing_activity_large_model,location,50
livestock_processing_activity_large_model,staff,40
livestock_processing_activity_large_model,technology,30
livestock_processing_activity_large_model,financial,45
livestock_processing_activity_large_model,reputation,35
livestock_distribution_activity_small_model,competition,65
livestock_distribution_activity_small_model,regulatory,45
livestock_distribution_activity_small_model,demand,100
livestock_distribution_activity_small_model,location,60
livestock_distribution_activity_small_model,staff,50
livestock_distribution_activity_small_model,technology,40
livestock_distribution_activity_small_model,financial,55
livestock_distribution_activity_small_model,reputation,45
livestock_distribution_activity_medium_model,competition,60
livestock_distribution_activity_medium_model,regulatory,40
livestock_distribution_activity_medium_model,demand,95
livestock_distribution_activity_medium_model,location,55
livestock_distribution_activity_medium_model,staff,45
livestock_distribution_activity_medium_model,technology,35
livestock_distribution_activity_medium_model,financial,50
livestock_distribution_activity_medium_model,reputation,40
livestock_distribution_activity_large_model,competition,55
livestock_distribution_activity_large_model,regulatory,35
livestock_distribution_activity_large_model,demand,90
livestock_distribution_activity_large_model,location,50
livestock_distribution_activity_large_model,staff,40
livestock_distribution_activity_large_model,technology,30
livestock_distribution_activity_large_model,financial,45
livestock_distribution_activity_large_model,reputation,35
poultry_consulting_activity_small_model,competition,65
poultry_consulting_activity_small_model,regulatory,45
poultry_consulting_activity_small_model,demand,55
poultry_consulting_activity_small_model,location,60
poultry_consulting_activity_small_model,staff,50
poultry_consulting_activity_small_model,technology,40
poultry_consulting_activity_small_model,financial,55
poultry_consulting_activity_small_model,reputation,45
poultry_consulting_activity_medium_model,competition,60
poultry_consulting_activity_medium_model,regulatory,40
poultry_consulting_activity_medium_model,demand,50
poultry_consulting_activity_medium_model,location,55
poultry_consulting_activity_medium_model,staff,45
poultry_consulting_activity_medium_model,technology,35
poultry_consulting_activity_medium_model,financial,50
poultry_consulting_activity_medium_model,reputation,40
poultry_consulting_activity_large_model,competition,55
poultry_consulting_activity_large_model,regulatory,35
poultry_consulting_activity_large_model,demand,45
poultry_consulting_activity_large_model,location,50
poultry_consulting_activity_large_model,staff,40
poultry_consulting_activity_large_model,technology,30
poultry_consulting_activity_large_model,financial,45
poultry_consulting_activity_large_model,reputation,35
poultry_maintenance_activity_small_model,competition,65
poultry_maintenance_activity_small_model,regulatory,45
poultry_maintenance_activity_small_model,demand,55
poultry_maintenance_activity_small_model,location,60
poultry_maintenance_activity_small_model,staff,50
poultry_maintenance_activity_small_model,technology,40
poultry_maintenance_activity_small_model,financial,55
poultry_maintenance_activity_small_model,reputation,45
poultry_maintenance_activity_medium_model,competition,60
poultry_maintenance_activity_medium_model,regulatory,40
poultry_maintenance_activity_medium_model,demand,50
poultry_maintenance_activity_medium_model,location,55
poultry_maintenance_activity_medium_model,staff,45
poultry_maintenance_activity_medium_model,technology,35
poultry_maintenance_activity_medium_model,financial,50
poultry_maintenance_activity_medium_model,reputation,40
poultry_maintenance_activity_large_model,competition,55
poultry_maintenance_activity_large_model,regulatory,35
poultry_maintenance_activity_large_model,demand,45
poultry_maintenance_activity_large_model,location,50
poultry_maintenance_activity_large_model,staff,40
poultry_maintenance_activity_large_model,technology,30
poultry_maintenance_activity_large_model,financial,45
poultry_maintenance_activity_large_model,reputation,35
poultry_cleaning_activity_small_model,competition,65
poultry_cleaning_activity_small_model,regulatory,45
poultry_cleaning_activity_small_model,demand,55
poultry_cleaning_activity_small_model,location,60
poultry_cleaning_activity_small_model,staff,50
poultry_cleaning_activity_small_model,technology,40
poultry_cleaning_activity_small_model,financial,55
poultry_cleaning_activity_small_model,reputation,45
poultry_cleaning_activity_medium_model,competition,60
poultry_cleaning_activity_medium_model,regulatory,40
poultry_cleaning_activity_medium_model,demand,50
poultry_cleaning_activity_medium_model,location,55
poultry_cleaning_activity_medium_model,staff,45
poultry_cleaning_activity_medium_model,technology,35
poultry_cleaning_activity_medium_model,financial,50
poultry_cleaning_activity_medium_model,reputation,40
poultry_cleaning_activity_large_model,competition,55
poultry_cleaning_activity_large_model,regulatory,35
poultry_cleaning_activity_large_model,demand,45
poultry_cleaning_activity_large_model,location,50
poultry_cleaning_activity_large_model,staff,40
poultry_cleaning_activity_large_model,technology,30
poultry_cleaning_activity_large_model,financial,45
poultry_cleaning_activity_large_model,reputation,35
poultry_security_activity_small_model,competition,65
poultry_security_activity_small_model,regulatory,45
poultry_security_activity_small_model,demand,55
poultry_security_activity_small_model,location,60
poultry_security_activity_small_model,staff,50
poultry_security_activity_small_model,technology,40
poultry_security_activity_small_model,financial,55
poultry_security_activity_small_model,reputation,45
poultry_security_activity_medium_model,competition,60
poultry_security_activity_medium_model,regulatory,40
poultry_security_activity_medium_model,demand,50
poultry_security_activity_medium_model,location,55
poultry_security_activity_medium_model,staff,45
poultry_security_activity_medium_model,technology,35
poultry_security_activity_medium_model,financial,50
poultry_security_activity_medium_model,reputation,40
poultry_security_activity_large_model,competition,55
poultry_security_activity_large_model,regulatory,35
poultry_security_activity_large_model,demand,45
poultry_security_activity_large_model,location,50
poultry_security_activity_large_model,staff,40
poultry_security_activity_large_model,technology,30
poultry_security_activity_large_model,financial,45
poultry_security_activity_large_model,reputation,35
fisheries_consulting_activity_small_model,competition,65
fisheries_consulting_activity_small_model,regulatory,45
fisheries_consulting_activity_small_model,demand,55
fisheries_consulting_activity_small_model,location,60
fisheries_consulting_activity_small_model,staff,50
fisheries_consulting_activity_small_model,technology,40
fisheries_consulting_activity_small_model,financial,55
fisheries_consulting_activity_small_model,reputation,45
fisheries_consulting_activity_medium_model,competition,60
fisheries_consulting_activity_medium_model,regulatory,40
fisheries_consulting_activity_medium_model,demand,50
fisheries_consulting_activity_medium_model,location,55
fisheries_consulting_activity_medium_model,staff,45
fisheries_consulting_activity_medium_model,technology,35
fisheries_consulting_activity_medium_model,financial,50
fisheries_consulting_activity_medium_model,reputation,40
fisheries_consulting_activity_large_model,competition,55
fisheries_consulting_activity_large_model,regulatory,35
fisheries_consulting_activity_large_model,demand,45
fisheries_consulting_activity_large_model,location,50
fisheries_consulting_activity_large_model,staff,40
fisheries_consulting_activity_large_model,technology,30
fisheries_consulting_activity_large_model,financial,45
fisheries_consulting_activity_large_model,reputation,35
fisheries_maintenance_activity_small_model,competition,65
fisheries_maintenance_activity_small_model,regulatory,45
fisheries_maintenance_activity_small_model,demand,55
fisheries_maintenance_activity_small_model,location,60
fisheries_maintenance_activity_small_model,staff,50
fisheries_maintenance_activity_small_model,technology,40
fisheries_maintenance_activity_small_model,financial,55
fisheries_maintenance_activity_small_model,reputation,45
fisheries_maintenance_activity_medium_model,competition,60
fisheries_maintenance_activity_medium_model,regulatory,40
fisheries_maintenance_activity_medium_model,demand,50
fisheries_maintenance_activity_medium_model,location,55
fisheries_maintenance_activity_medium_model,staff,45
fisheries_maintenance_activity_medium_model,technology,35
fisheries_maintenance_activity_medium_model,financial,50
fisheries_maintenance_activity_medium_model,reputation,40
fisheries_maintenance_activity_large_model,competition,55
fisheries_maintenance_activity_large_model,regulatory,35
fisheries_maintenance_activity_large_model,demand,45
fisheries_maintenance_activity_large_model,location,50
fisheries_maintenance_activity_large_model,staff,40
fisheries_maintenance_activity_large_model,technology,30
fisheries_maintenance_activity_large_model,financial,45
fisheries_maintenance_activity_large_model,reputation,35
fisheries_cleaning_activity_small_model,competition,65
fisheries_cleaning_activity_small_model,regulatory,45
fisheries_cleaning_activity_small_model,demand,55
fisheries_cleaning_activity_small_model,location,60
fisheries_cleaning_activity_small_model,staff,50
fisheries_cleaning_activity_small_model,technology,40
fisheries_cleaning_activity_small_model,financial,55
fisheries_cleaning_activity_small_model,reputation,45
fisheries_cleaning_activity_medium_model,competition,60
fisheries_cleaning_activity_medium_model,regulatory,40
fisheries_cleaning_activity_medium_model,demand,50
fisheries_cleaning_activity_medium_model,location,55
fisheries_cleaning_activity_medium_model,staff,45
fisheries_cleaning_activity_medium_model,technology,35
fisheries_cleaning_activity_medium_model,financial,50
fisheries_cleaning_activity_medium_model,reputation,40
fisheries_cleaning_activity_large_model,competition,55
fisheries_cleaning_activity_large_model,regulatory,35
fisheries_cleaning_activity_large_model,demand,45
fisheries_cleaning_activity_large_model,location,50
fisheries_cleaning_activity_large_model,staff,40
fisheries_cleaning_activity_large_model,technology,30
fisheries_cleaning_activity_large_model,financial,45
fisheries_cleaning_activity_large_model,reputation,35
fisheries_security_activity_small_model,competition,65
fisheries_security_activity_small_model,regulatory,45
fisheries_security_activity_small_model,demand,55
fisheries_security_activity_small_model,location,60
fisheries_security_activity_small_model,staff,50
fisheries_security_activity_small_model,technology,40
fisheries_security_activity_small_model,financial,55
fisheries_security_activity_small_model,reputation,45
fisheries_security_activity_medium_model,competition,60
fisheries_security_activity_medium_model,regulatory,40
fisheries_security_activity_medium_model,demand,50
fisheries_security_activity_medium_model,location,55
fisheries_security_activity_medium_model,staff,45
fisheries_security_activity_medium_model,technology,35
fisheries_security_activity_medium_model,financial,50
fisheries_security_activity_medium_model,reputation,40
fisheries_security_activity_large_model,competition,55
fisheries_security_activity_large_model,regulatory,35
fisheries_security_activity_large_model,demand,45
fisheries_security_activity_large_model,location,50
fisheries_security_activity_large_model,staff,40
fisheries_security_activity_large_model,technology,30
fisheries_security_activity_large_model,financial,45
fisheries_security_activity_large_model,reputation,35
real_estate_residential_activity_small_model,competition,65
real_estate_residential_activity_small_model,regulatory,45
real_estate_residential_activity_small_model,demand,55
real_estate_residential_activity_small_model,location,60
real_estate_residential_activity_small_model,staff,50
real_estate_residential_activity_small_model,technology,40
real_estate_residential_activity_small_model,financial,55
real_estate_residential_activity_small_model,reputation,45
real_estate_residential_activity_medium_model,competition,60
real_estate_residential_activity_medium_model,regulatory,40
real_estate_residential_activity_medium_model,demand,50
real_estate_residential_activity_medium_model,location,55
real_estate_residential_activity_medium_model,staff,45
real_estate_residential_activity_medium_model,technology,35
real_estate_residential_activity_medium_model,financial,50
real_estate_residential_activity_medium_model,reputation,40
real_estate_residential_activity_large_model,competition,55
real_estate_residential_activity_large_model,regulatory,35
real_estate_residential_activity_large_model,demand,45
real_estate_residential_activity_large_model,location,50
real_estate_residential_activity_large_model,staff,40
real_estate_residential_activity_large_model,technology,30
real_estate_residential_activity_large_model,financial,45
real_estate_residential_activity_large_model,reputation,35
real_estate_commercial_activity_small_model,competition,65
real_estate_commercial_activity_small_model,regulatory,45
real_estate_commercial_activity_small_model,demand,55
real_estate_commercial_activity_small_model,location,60
real_estate_commercial_activity_small_model,staff,50
real_estate_commercial_activity_small_model,technology,40
real_estate_commercial_activity_small_model,financial,55
real_estate_commercial_activity_small_model,reputation,45
real_estate_commercial_activity_medium_model,competition,60
real_estate_commercial_activity_medium_model,regulatory,40
real_estate_commercial_activity_medium_model,demand,50
real_estate_commercial_activity_medium_model,location,55
real_estate_commercial_activity_medium_model,staff,45
real_estate_commercial_activity_medium_model,technology,35
real_estate_commercial_activity_medium_model,financial,50
real_estate_commercial_activity_medium_model,reputation,40
real_estate_commercial_activity_large_model,competition,55
real_estate_commercial_activity_large_model,regulatory,35
real_estate_commercial_activity_large_model,demand,45
real_estate_commercial_activity_large_model,location,50
real_estate_commercial_activity_large_model,staff,40
real_estate_commercial_activity_large_model,technology,30
real_estate_commercial_activity_large_model,financial,45
real_estate_commercial_activity_large_model,reputation,35
real_estate_industrial_activity_small_model,competition,65
real_estate_industrial_activity_small_model,regulatory,45
real_estate_industrial_activity_small_model,demand,55
real_estate_industrial_activity_small_model,location,60
real_estate_industrial_activity_small_model,staff,50
real_estate_industrial_activity_small_model,technology,40
real_estate_industrial_activity_small_model,financial,55
real_estate_industrial_activity_small_model,reputation,45
real_estate_industrial_activity_medium_model,competition,60
real_estate_industrial_activity_medium_model,regulatory,40
real_estate_industrial_activity_medium_model,demand,50
real_estate_industrial_activity_medium_model,location,55
real_estate_industrial_activity_medium_model,staff,45
real_estate_industrial_activity_medium_model,technology,35
real_estate_industrial_activity_medium_model,financial,50
real_estate_industrial_activity_medium_model,reputation,40
real_estate_industrial_activity_large_model,competition,55
real_estate_industrial_activity_large_model,regulatory,35
real_estate_industrial_activity_large_model,demand,45
real_estate_industrial_activity_large_model,location,50
real_estate_industrial_activity_large_model,staff,40
real_estate_industrial_activity_large_model,technology,30
real_estate_industrial_activity_large_model,financial,45
real_estate_industrial_activity_large_model,reputation,35
real_estate_brokerage_activity_small_model,competition,65
real_estate_brokerage_activity_small_model,regulatory,45
real_estate_brokerage_activity_small_model,demand,55
real_estate_brokerage_activity_small_model,location,60
real_estate_brokerage_activity_small_model,staff,50
real_estate_brokerage_activity_small_model,technology,40
real_estate_brokerage_activity_small_model,financial,55
real_estate_brokerage_activity_small_model,reputation,45
real_estate_brokerage_activity_medium_model,competition,60
real_estate_brokerage_activity_medium_model,regulatory,40
real_estate_brokerage_activity_medium_model,demand,50
real_estate_brokerage_activity_medium_model,location,55
real_estate_brokerage_activity_medium_model,staff,45
real_estate_brokerage_activity_medium_model,technology,35
real_estate_brokerage_activity_medium_model,financial,50
real_estate_brokerage_activity_medium_model,reputation,40
real_estate_brokerage_activity_large_model,competition,55
real_estate_brokerage_activity_large_model,regulatory,35
real_estate_brokerage_activity_large_model,demand,45
real_estate_brokerage_activity_large_model,location,50
real_estate_brokerage_activity_large_model,staff,40
real_estate_brokerage_activity_large_model,technology,30
real_estate_brokerage_activity_large_model,financial,45
real_estate_brokerage_activity_large_model,reputation,35
contracting_consulting_activity_small_model,competition,65
contracting_consulting_activity_small_model,regulatory,45
contracting_consulting_activity_small_model,demand,55
contracting_consulting_activity_small_model,location,60
contracting_consulting_activity_small_model,staff,50
contracting_consulting_activity_small_model,technology,40
contracting_consulting_activity_small_model,financial,55
contracting_consulting_activity_small_model,reputation,45
contracting_consulting_activity_medium_model,competition,60
contracting_consulting_activity_medium_model,regulatory,40
contracting_consulting_activity_medium_model,demand,50
contracting_consulting_activity_medium_model,location,55
contracting_consulting_activity_medium_model,staff,45
contracting_consulting_activity_medium_model,technology,35
contracting_consulting_activity_medium_model,financial,50
contracting_consulting_activity_medium_model,reputation,40
contracting_consulting_activity_large_model,competition,55
contracting_consulting_activity_large_model,regulatory,35
contracting_consulting_activity_large_model,demand,45
contracting_consulting_activity_large_model,location,50
contracting_consulting_activity_large_model,staff,40
contracting_consulting_activity_large_model,technology,30
contracting_consulting_activity_large_model,financial,45
contracting_consulting_activity_large_model,reputation,35
contracting_maintenance_activity_small_model,competition,65
contracting_maintenance_activity_small_model,regulatory,45
contracting_maintenance_activity_small_model,demand,55
contracting_maintenance_activity_small_model,location,60
contracting_maintenance_activity_small_model,staff,50
contracting_maintenance_activity_small_model,technology,40
contracting_maintenance_activity_small_model,financial,55
contracting_maintenance_activity_small_model,reputation,45
contracting_maintenance_activity_medium_model,competition,60
contracting_maintenance_activity_medium_model,regulatory,40
contracting_maintenance_activity_medium_model,demand,50
contracting_maintenance_activity_medium_model,location,55
contracting_maintenance_activity_medium_model,staff,45
contracting_maintenance_activity_medium_model,technology,35
contracting_maintenance_activity_medium_model,financial,50
contracting_maintenance_activity_medium_model,reputation,40
contracting_maintenance_activity_large_model,competition,55
contracting_maintenance_activity_large_model,regulatory,35
contracting_maintenance_activity_large_model,demand,45
contracting_maintenance_activity_large_model,location,50
contracting_maintenance_activity_large_model,staff,40
contracting_maintenance_activity_large_model,technology,30
contracting_maintenance_activity_large_model,financial,45
contracting_maintenance_activity_large_model,reputation,35
contracting_cleaning_activity_small_model,competition,65
contracting_cleaning_activity_small_model,regulatory,45
contracting_cleaning_activity_small_model,demand,55
contracting_cleaning_activity_small_model,location,60
contracting_cleaning_activity_small_model,staff,50
contracting_cleaning_activity_small_model,technology,40
contracting_cleaning_activity_small_model,financial,55
contracting_cleaning_activity_small_model,reputation,45
contracting_cleaning_activity_medium_model,competition,60
contracting_cleaning_activity_medium_model,regulatory,40
contracting_cleaning_activity_medium_model,demand,50
contracting_cleaning_activity_medium_model,location,55
contracting_cleaning_activity_medium_model,staff,45
contracting_cleaning_activity_medium_model,technology,35
contracting_cleaning_activity_medium_model,financial,50
contracting_cleaning_activity_medium_model,reputation,40
contracting_cleaning_activity_large_model,competition,55
contracting_cleaning_activity_large_model,regulatory,35
contracting_cleaning_activity_large_model,demand,45
contracting_cleaning_activity_large_model,location,50
contracting_cleaning_activity_large_model,staff,40
contracting_cleaning_activity_large_model,technology,30
contracting_cleaning_activity_large_model,financial,45
contracting_cleaning_activity_large_model,reputation,35
contracting_security_activity_small_model,competition,65
contracting_security_activity_small_model,regulatory,45
contracting_security_activity_small_model,demand,55
contracting_security_activity_small_model,location,60
contracting_security_activity_small_model,staff,50
contracting_security_activity_small_model,technology,40
contracting_security_activity_small_model,financial,55
contracting_security_activity_small_model,reputation,45
contracting_security_activity_medium_model,competition,60
contracting_security_activity_medium_model,regulatory,40
contracting_security_activity_medium_model,demand,50
contracting_security_activity_medium_model,location,55
contracting_security_activity_medium_model,staff,45
contracting_security_activity_medium_model,technology,35
contracting_security_activity_medium_model,financial,50
contracting_security_activity_medium_model,reputation,40
contracting_security_activity_large_model,competition,55
contracting_security_activity_large_model,regulatory,35
contracting_security_activity_large_model,demand,45
contracting_security_activity_large_model,location,50
contracting_security_activity_large_model,staff,40
contracting_security_activity_large_model,technology,30
contracting_security_activity_large_model,financial,45
contracting_security_activity_large_model,reputation,35
industrial_cities_factories_activity_small_model,competition,65
industrial_cities_factories_activity_small_model,regulatory,45
industrial_cities_factories_activity_small_model,demand,55
industrial_cities_factories_activity_small_model,location,60
industrial_cities_factories_activity_small_model,staff,50
industrial_cities_factories_activity_small_model,technology,90
industrial_cities_factories_activity_small_model,financial,100
industrial_cities_factories_activity_small_model,reputation,45
industrial_cities_factories_activity_medium_model,competition,60
industrial_cities_factories_activity_medium_model,regulatory,40
industrial_cities_factories_activity_medium_model,demand,50
industrial_cities_factories_activity_medium_model,location,55
industrial_cities_factories_activity_medium_model,staff,45
industrial_cities_factories_activity_medium_model,technology,85
industrial_cities_factories_activity_medium_model,financial,100
industrial_cities_factories_activity_medium_model,reputation,40
industrial_cities_factories_activity_large_model,competition,55
industrial_cities_factories_activity_large_model,regulatory,35
industrial_cities_factories_activity_large_model,demand,45
industrial_cities_factories_activity_large_model,location,50
industrial_cities_factories_activity_large_model,staff,40
industrial_cities_factories_activity_large_model,technology,80
industrial_cities_factories_activity_large_model,financial,100
industrial_cities_factories_activity_large_model,reputation,35
industrial_cities_workshops_activity_small_model,competition,65
industrial_cities_workshops_activity_small_model,regulatory,45
industrial_cities_workshops_activity_small_model,demand,55
industrial_cities_workshops_activity_small_model,location,60
industrial_cities_workshops_activity_small_model,staff,50
industrial_cities_workshops_activity_small_model,technology,90
industrial_cities_workshops_activity_small_model,financial,100
industrial_cities_workshops_activity_small_model,reputation,45
industrial_cities_workshops_activity_medium_model,competition,60
industrial_cities_workshops_activity_medium_model,regulatory,40
industrial_cities_workshops_activity_medium_model,demand,50
industrial_cities_workshops_activity_medium_model,location,55
industrial_cities_workshops_activity_medium_model,staff,45
industrial_cities_workshops_activity_medium_model,technology,85
industrial_cities_workshops_activity_medium_model,financial,100
industrial_cities_workshops_activity_medium_model,reputation,40
industrial_cities_workshops_activity_large_model,competition,55
industrial_cities_workshops_activity_large_model,regulatory,35
industrial_cities_workshops_activity_large_model,demand,45
industrial_cities_workshops_activity_large_model,location,50
industrial_cities_workshops_activity_large_model,staff,40
industrial_cities_workshops_activity_large_model,technology,80
industrial_cities_workshops_activity_large_model,financial,100
industrial_cities_workshops_activity_large_model,reputation,35
industrial_cities_assembly_activity_small_model,competition,65
industrial_cities_assembly_activity_small_model,regulatory,45
industrial_cities_assembly_activity_small_model,demand,55
industrial_cities_assembly_activity_small_model,location,60
industrial_cities_assembly_activity_small_model,staff,50
industrial_cities_assembly_activity_small_model,technology,90
industrial_cities_assembly_activity_small_model,financial,100
industrial_cities_assembly_activity_small_model,reputation,45
industrial_cities_assembly_activity_medium_model,competition,60
industrial_cities_assembly_activity_medium_model,regulatory,40
industrial_cities_assembly_activity_medium_model,demand,50
industrial_cities_assembly_activity_medium_model,location,55
industrial_cities_assembly_activity_medium_model,staff,45
industrial_cities_assembly_activity_medium_model,technology,85
industrial_cities_assembly_activity_medium_model,financial,100
industrial_cities_assembly_activity_medium_model,reputation,40
industrial_cities_assembly_activity_large_model,competition,55
industrial_cities_assembly_activity_large_model,regulatory,35
industrial_cities_assembly_activity_large_model,demand,45
industrial_cities_assembly_activity_large_model,location,50
industrial_cities_assembly_activity_large_model,staff,40
industrial_cities_assembly_activity_large_model,technology,80
industrial_cities_assembly_activity_large_model,financial,100
industrial_cities_assembly_activity_large_model,reputation,35
industrial_cities_packaging_activity_small_model,competition,65
industrial_cities_packaging_activity_small_model,regulatory,45
industrial_cities_packaging_activity_small_model,demand,55
industrial_cities_packaging_activity_small_model,location,60
industrial_cities_packaging_activity_small_model,staff,50
industrial_cities_packaging_activity_small_model,technology,90
industrial_cities_packaging_activity_small_model,financial,100
industrial_cities_packaging_activity_small_model,reputation,45
industrial_cities_packaging_activity_medium_model,competition,60
industrial_cities_packaging_activity_medium_model,regulatory,40
industrial_cities_packaging_activity_medium_model,demand,50
industrial_cities_packaging_activity_medium_model,location,55
industrial_cities_packaging_activity_medium_model,staff,45
industrial_cities_packaging_activity_medium_model,technology,85
industrial_cities_packaging_activity_medium_model,financial,100
industrial_cities_packaging_activity_medium_model,reputation,40
industrial_cities_packaging_activity_large_model,competition,55
industrial_cities_packaging_activity_large_model,regulatory,35
industrial_cities_packaging_activity_large_model,demand,45
industrial_cities_packaging_activity_large_model,location,50
industrial_cities_packaging_activity_large_model,staff,40
industrial_cities_packaging_activity_large_model,technology,80
industrial_cities_packaging_activity_large_model,financial,100
industrial_cities_packaging_activity_large_model,reputation,35
logistics_transport_activity_small_model,competition,65
logistics_transport_activity_small_model,regulatory,45
logistics_transport_activity_small_model,demand,55
logistics_transport_activity_small_model,location,60
logistics_transport_activity_small_model,staff,50
logistics_transport_activity_small_model,technology,40
logistics_transport_activity_small_model,financial,55
logistics_transport_activity_small_model,reputation,45
logistics_transport_activity_medium_model,competition,60
logistics_transport_activity_medium_model,regulatory,40
logistics_transport_activity_medium_model,demand,50
logistics_transport_activity_medium_model,location,55
logistics_transport_activity_medium_model,staff,45
logistics_transport_activity_medium_model,technology,35
logistics_transport_activity_medium_model,financial,50
logistics_transport_activity_medium_model,reputation,40
logistics_transport_activity_large_model,competition,55
logistics_transport_activity_large_model,regulatory,35
logistics_transport_activity_large_model,demand,45
logistics_transport_activity_large_model,location,50
logistics_transport_activity_large_model,staff,40
logistics_transport_activity_large_model,technology,30
logistics_transport_activity_large_model,financial,45
logistics_transport_activity_large_model,reputation,35
logistics_warehousing_activity_small_model,competition,65
logistics_warehousing_activity_small_model,regulatory,45
logistics_warehousing_activity_small_model,demand,55
logistics_warehousing_activity_small_model,location,60
logistics_warehousing_activity_small_model,staff,50
logistics_warehousing_activity_small_model,technology,40
logistics_warehousing_activity_small_model,financial,55
logistics_warehousing_activity_small_model,reputation,45
logistics_warehousing_activity_medium_model,competition,60
logistics_warehousing_activity_medium_model,regulatory,40
logistics_warehousing_activity_medium_model,demand,50
logistics_warehousing_activity_medium_model,location,55
logistics_warehousing_activity_medium_model,staff,45
logistics_warehousing_activity_medium_model,technology,35
logistics_warehousing_activity_medium_model,financial,50
logistics_warehousing_activity_medium_model,reputation,40
logistics_warehousing_activity_large_model,competition,55
logistics_warehousing_activity_large_model,regulatory,35
logistics_warehousing_activity_large_model,demand,45
logistics_warehousing_activity_large_model,location,50
logistics_warehousing_activity_large_model,staff,40
logistics_warehousing_activity_large_model,technology,30
logistics_warehousing_activity_large_model,financial,45
logistics_warehousing_activity_large_model,reputation,35
logistics_shipping_activity_small_model,competition,65
logistics_shipping_activity_small_model,regulatory,45
logistics_shipping_activity_small_model,demand,55
logistics_shipping_activity_small_model,location,60
logistics_shipping_activity_small_model,staff,50
logistics_shipping_activity_small_model,technology,40
logistics_shipping_activity_small_model,financial,55
logistics_shipping_activity_small_model,reputation,45
logistics_shipping_activity_medium_model,competition,60
logistics_shipping_activity_medium_model,regulatory,40
logistics_shipping_activity_medium_model,demand,50
logistics_shipping_activity_medium_model,location,55
logistics_shipping_activity_medium_model,staff,45
logistics_shipping_activity_medium_model,technology,35
logistics_shipping_activity_medium_model,financial,50
logistics_shipping_activity_medium_model,reputation,40
logistics_shipping_activity_large_model,competition,55
logistics_shipping_activity_large_model,regulatory,35
logistics_shipping_activity_large_model,demand,45
logistics_shipping_activity_large_model,location,50
logistics_shipping_activity_large_model,staff,40
logistics_shipping_activity_large_model,technology,30
logistics_shipping_activity_large_model,financial,45
logistics_shipping_activity_large_model,reputation,35
logistics_last_mile_activity_small_model,competition,65
logistics_last_mile_activity_small_model,regulatory,45
logistics_last_mile_activity_small_model,demand,55
logistics_last_mile_activity_small_model,location,60
logistics_last_mile_activity_small_model,staff,50
logistics_last_mile_activity_small_model,technology,40
logistics_last_mile_activity_small_model,financial,55
logistics_last_mile_activity_small_model,reputation,45
logistics_last_mile_activity_medium_model,competition,60
logistics_last_mile_activity_medium_model,regulatory,40
logistics_last_mile_activity_medium_model,demand,50
logistics_last_mile_activity_medium_model,location,55
logistics_last_mile_activity_medium_model,staff,45
logistics_last_mile_activity_medium_model,technology,35
logistics_last_mile_activity_medium_model,financial,50
logistics_last_mile_activity_medium_model,reputation,40
logistics_last_mile_activity_large_model,competition,55
logistics_last_mile_activity_large_model,regulatory,35
logistics_last_mile_activity_large_model,demand,45
logistics_last_mile_activity_large_model,location,50
logistics_last_mile_activity_large_model,staff,40
logistics_last_mile_activity_large_model,technology,30
logistics_last_mile_activity_large_model,financial,45
logistics_last_mile_activity_large_model,reputation,35
dry_warehouses_transport_activity_small_model,competition,65
dry_warehouses_transport_activity_small_model,regulatory,45
dry_warehouses_transport_activity_small_model,demand,55
dry_warehouses_transport_activity_small_model,location,60
dry_warehouses_transport_activity_small_model,staff,50
dry_warehouses_transport_activity_small_model,technology,40
dry_warehouses_transport_activity_small_model,financial,55
dry_warehouses_transport_activity_small_model,reputation,45
dry_warehouses_transport_activity_medium_model,competition,60
dry_warehouses_transport_activity_medium_model,regulatory,40
dry_warehouses_transport_activity_medium_model,demand,50
dry_warehouses_transport_activity_medium_model,location,55
dry_warehouses_transport_activity_medium_model,staff,45
dry_warehouses_transport_activity_medium_model,technology,35
dry_warehouses_transport_activity_medium_model,financial,50
dry_warehouses_transport_activity_medium_model,reputation,40
dry_warehouses_transport_activity_large_model,competition,55
dry_warehouses_transport_activity_large_model,regulatory,35
dry_warehouses_transport_activity_large_model,demand,45
dry_warehouses_transport_activity_large_model,location,50
dry_warehouses_transport_activity_large_model,staff,40
dry_warehouses_transport_activity_large_model,technology,30
dry_warehouses_transport_activity_large_model,financial,45
dry_warehouses_transport_activity_large_model,reputation,35
dry_warehouses_warehousing_activity_small_model,competition,65
dry_warehouses_warehousing_activity_small_model,regulatory,45
dry_warehouses_warehousing_activity_small_model,demand,55
dry_warehouses_warehousing_activity_small_model,location,60
dry_warehouses_warehousing_activity_small_model,staff,50
dry_warehouses_warehousing_activity_small_model,technology,40
dry_warehouses_warehousing_activity_small_model,financial,55
dry_warehouses_warehousing_activity_small_model,reputation,45
dry_warehouses_warehousing_activity_medium_model,competition,60
dry_warehouses_warehousing_activity_medium_model,regulatory,40
dry_warehouses_warehousing_activity_medium_model,demand,50
dry_warehouses_warehousing_activity_medium_model,location,55
dry_warehouses_warehousing_activity_medium_model,staff,45
dry_warehouses_warehousing_activity_medium_model,technology,35
dry_warehouses_warehousing_activity_medium_model,financial,50
dry_warehouses_warehousing_activity_medium_model,reputation,40
dry_warehouses_warehousing_activity_large_model,competition,55
dry_warehouses_warehousing_activity_large_model,regulatory,35
dry_warehouses_warehousing_activity_large_model,demand,45
dry_warehouses_warehousing_activity_large_model,location,50
dry_warehouses_warehousing_activity_large_model,staff,40
dry_warehouses_warehousing_activity_large_model,technology,30
dry_warehouses_warehousing_activity_large_model,financial,45
dry_warehouses_warehousing_activity_large_model,reputation,35
dry_warehouses_shipping_activity_small_model,competition,65
dry_warehouses_shipping_activity_small_model,regulatory,45
dry_warehouses_shipping_activity_small_model,demand,55
dry_warehouses_shipping_activity_small_model,location,60
dry_warehouses_shipping_activity_small_model,staff,50
dry_warehouses_shipping_activity_small_model,technology,40
dry_warehouses_shipping_activity_small_model,financial,55
dry_warehouses_shipping_activity_small_model,reputation,45
dry_warehouses_shipping_activity_medium_model,competition,60
dry_warehouses_shipping_activity_medium_model,regulatory,40
dry_warehouses_shipping_activity_medium_model,demand,50
dry_warehouses_shipping_activity_medium_model,location,55
dry_warehouses_shipping_activity_medium_model,staff,45
dry_warehouses_shipping_activity_medium_model,technology,35
dry_warehouses_shipping_activity_medium_model,financial,50
dry_warehouses_shipping_activity_medium_model,reputation,40
dry_warehouses_shipping_activity_large_model,competition,55
dry_warehouses_shipping_activity_large_model,regulatory,35
dry_warehouses_shipping_activity_large_model,demand,45
dry_warehouses_shipping_activity_large_model,location,50
dry_warehouses_shipping_activity_large_model,staff,40
dry_warehouses_shipping_activity_large_model,technology,30
dry_warehouses_shipping_activity_large_model,financial,45
dry_warehouses_shipping_activity_large_model,reputation,35
dry_warehouses_last_mile_activity_small_model,competition,65
dry_warehouses_last_mile_activity_small_model,regulatory,45
dry_warehouses_last_mile_activity_small_model,demand,55
dry_warehouses_last_mile_activity_small_model,location,60
dry_warehouses_last_mile_activity_small_model,staff,50
dry_warehouses_last_mile_activity_small_model,technology,40
dry_warehouses_last_mile_activity_small_model,financial,55
dry_warehouses_last_mile_activity_small_model,reputation,45
dry_warehouses_last_mile_activity_medium_model,competition,60
dry_warehouses_last_mile_activity_medium_model,regulatory,40
dry_warehouses_last_mile_activity_medium_model,demand,50
dry_warehouses_last_mile_activity_medium_model,location,55
dry_warehouses_last_mile_activity_medium_model,staff,45
dry_warehouses_last_mile_activity_medium_model,technology,35
dry_warehouses_last_mile_activity_medium_model,financial,50
dry_warehouses_last_mile_activity_medium_model,reputation,40
dry_warehouses_last_mile_activity_large_model,competition,55
dry_warehouses_last_mile_activity_large_model,regulatory,35
dry_warehouses_last_mile_activity_large_model,demand,45
dry_warehouses_last_mile_activity_large_model,location,50
dry_warehouses_last_mile_activity_large_model,staff,40
dry_warehouses_last_mile_activity_large_model,technology,30
dry_warehouses_last_mile_activity_large_model,financial,45
dry_warehouses_last_mile_activity_large_model,reputation,35
cold_warehouses_transport_activity_small_model,competition,65
cold_warehouses_transport_activity_small_model,regulatory,45
cold_warehouses_transport_activity_small_model,demand,55
cold_warehouses_transport_activity_small_model,location,60
cold_warehouses_transport_activity_small_model,staff,50
cold_warehouses_transport_activity_small_model,technology,40
cold_warehouses_transport_activity_small_model,financial,55
cold_warehouses_transport_activity_small_model,reputation,45
cold_warehouses_transport_activity_medium_model,competition,60
cold_warehouses_transport_activity_medium_model,regulatory,40
cold_warehouses_transport_activity_medium_model,demand,50
cold_warehouses_transport_activity_medium_model,location,55
cold_warehouses_transport_activity_medium_model,staff,45
cold_warehouses_transport_activity_medium_model,technology,35
cold_warehouses_transport_activity_medium_model,financial,50
cold_warehouses_transport_activity_medium_model,reputation,40
cold_warehouses_transport_activity_large_model,competition,55
cold_warehouses_transport_activity_large_model,regulatory,35
cold_warehouses_transport_activity_large_model,demand,45
cold_warehouses_transport_activity_large_model,location,50
cold_warehouses_transport_activity_large_model,staff,40
cold_warehouses_transport_activity_large_model,technology,30
cold_warehouses_transport_activity_large_model,financial,45
cold_warehouses_transport_activity_large_model,reputation,35
cold_warehouses_warehousing_activity_small_model,competition,65
cold_warehouses_warehousing_activity_small_model,regulatory,45
cold_warehouses_warehousing_activity_small_model,demand,55
cold_warehouses_warehousing_activity_small_model,location,60
cold_warehouses_warehousing_activity_small_model,staff,50
cold_warehouses_warehousing_activity_small_model,technology,40
cold_warehouses_warehousing_activity_small_model,financial,55
cold_warehouses_warehousing_activity_small_model,reputation,45
cold_warehouses_warehousing_activity_medium_model,competition,60
cold_warehouses_warehousing_activity_medium_model,regulatory,40
cold_warehouses_warehousing_activity_medium_model,demand,50
cold_warehouses_warehousing_activity_medium_model,location,55
cold_warehouses_warehousing_activity_medium_model,staff,45
cold_warehouses_warehousing_activity_medium_model,technology,35
cold_warehouses_warehousing_activity_medium_model,financial,50
cold_warehouses_warehousing_activity_medium_model,reputation,40
cold_warehouses_warehousing_activity_large_model,competition,55
cold_warehouses_warehousing_activity_large_model,regulatory,35
cold_warehouses_warehousing_activity_large_model,demand,45
cold_warehouses_warehousing_activity_large_model,location,50
cold_warehouses_warehousing_activity_large_model,staff,40
cold_warehouses_warehousing_activity_large_model,technology,30
cold_warehouses_warehousing_activity_large_model,financial,45
cold_warehouses_warehousing_activity_large_model,reputation,35
cold_warehouses_shipping_activity_small_model,competition,65
cold_warehouses_shipping_activity_small_model,regulatory,45
cold_warehouses_shipping_activity_small_model,demand,55
cold_warehouses_shipping_activity_small_model,location,60
cold_warehouses_shipping_activity_small_model,staff,50
cold_warehouses_shipping_activity_small_model,technology,40
cold_warehouses_shipping_activity_small_model,financial,55
cold_warehouses_shipping_activity_small_model,reputation,45
cold_warehouses_shipping_activity_medium_model,competition,60
cold_warehouses_shipping_activity_medium_model,regulatory,40
cold_warehouses_shipping_activity_medium_model,demand,50
cold_warehouses_shipping_activity_medium_model,location,55
cold_warehouses_shipping_activity_medium_model,staff,45
cold_warehouses_shipping_activity_medium_model,technology,35
cold_warehouses_shipping_activity_medium_model,financial,50
cold_warehouses_shipping_activity_medium_model,reputation,40
cold_warehouses_shipping_activity_large_model,competition,55
cold_warehouses_shipping_activity_large_model,regulatory,35
cold_warehouses_shipping_activity_large_model,demand,45
cold_warehouses_shipping_activity_large_model,location,50
cold_warehouses_shipping_activity_large_model,staff,40
cold_warehouses_shipping_activity_large_model,technology,30
cold_warehouses_shipping_activity_large_model,financial,45
cold_warehouses_shipping_activity_large_model,reputation,35
cold_warehouses_last_mile_activity_small_model,competition,65
cold_warehouses_last_mile_activity_small_model,regulatory,45
cold_warehouses_last_mile_activity_small_model,demand,55
cold_warehouses_last_mile_activity_small_model,location,60
cold_warehouses_last_mile_activity_small_model,staff,50
cold_warehouses_last_mile_activity_small_model,technology,40
cold_warehouses_last_mile_activity_small_model,financial,55
cold_warehouses_last_mile_activity_small_model,reputation,45
cold_warehouses_last_mile_activity_medium_model,competition,60
cold_warehouses_last_mile_activity_medium_model,regulatory,40
cold_warehouses_last_mile_activity_medium_model,demand,50
cold_warehouses_last_mile_activity_medium_model,location,55
cold_warehouses_last_mile_activity_medium_model,staff,45
cold_warehouses_last_mile_activity_medium_model,technology,35
cold_warehouses_last_mile_activity_medium_model,financial,50
cold_warehouses_last_mile_activity_medium_model,reputation,40
cold_warehouses_last_mile_activity_large_model,competition,55
cold_warehouses_last_mile_activity_large_model,regulatory,35
cold_warehouses_last_mile_activity_large_model,demand,45
cold_warehouses_last_mile_activity_large_model,location,50
cold_warehouses_last_mile_activity_large_model,staff,40
cold_warehouses_last_mile_activity_large_model,technology,30
cold_warehouses_last_mile_activity_large_model,financial,45
cold_warehouses_last_mile_activity_large_model,reputation,35
transport_transport_activity_small_model,competition,65
transport_transport_activity_small_model,regulatory,45
transport_transport_activity_small_model,demand,55
transport_transport_activity_small_model,location,60
transport_transport_activity_small_model,staff,50
transport_transport_activity_small_model,technology,40
transport_transport_activity_small_model,financial,55
transport_transport_activity_small_model,reputation,45
transport_transport_activity_medium_model,competition,60
transport_transport_activity_medium_model,regulatory,40
transport_transport_activity_medium_model,demand,50
transport_transport_activity_medium_model,location,55
transport_transport_activity_medium_model,staff,45
transport_transport_activity_medium_model,technology,35
transport_transport_activity_medium_model,financial,50
transport_transport_activity_medium_model,reputation,40
transport_transport_activity_large_model,competition,55
transport_transport_activity_large_model,regulatory,35
transport_transport_activity_large_model,demand,45
transport_transport_activity_large_model,location,50
transport_transport_activity_large_model,staff,40
transport_transport_activity_large_model,technology,30
transport_transport_activity_large_model,financial,45
transport_transport_activity_large_model,reputation,35
transport_warehousing_activity_small_model,competition,65
transport_warehousing_activity_small_model,regulatory,45
transport_warehousing_activity_small_model,demand,55
transport_warehousing_activity_small_model,location,60
transport_warehousing_activity_small_model,staff,50
transport_warehousing_activity_small_model,technology,40
transport_warehousing_activity_small_model,financial,55
transport_warehousing_activity_small_model,reputation,45
transport_warehousing_activity_medium_model,competition,60
transport_warehousing_activity_medium_model,regulatory,40
transport_warehousing_activity_medium_model,demand,50
transport_warehousing_activity_medium_model,location,55
transport_warehousing_activity_medium_model,staff,45
transport_warehousing_activity_medium_model,technology,35
transport_warehousing_activity_medium_model,financial,50
transport_warehousing_activity_medium_model,reputation,40
transport_warehousing_activity_large_model,competition,55
transport_warehousing_activity_large_model,regulatory,35
transport_warehousing_activity_large_model,demand,45
transport_warehousing_activity_large_model,location,50
transport_warehousing_activity_large_model,staff,40
transport_warehousing_activity_large_model,technology,30
transport_warehousing_activity_large_model,financial,45
transport_warehousing_activity_large_model,reputation,35
transport_shipping_activity_small_model,competition,65
transport_shipping_activity_small_model,regulatory,45
transport_shipping_activity_small_model,demand,55
transport_shipping_activity_small_model,location,60
transport_shipping_activity_small_model,staff,50
transport_shipping_activity_small_model,technology,40
transport_shipping_activity_small_model,financial,55
transport_shipping_activity_small_model,reputation,45
transport_shipping_activity_medium_model,competition,60
transport_shipping_activity_medium_model,regulatory,40
transport_shipping_activity_medium_model,demand,50
transport_shipping_activity_medium_model,location,55
transport_shipping_activity_medium_model,staff,45
transport_shipping_activity_medium_model,technology,35
transport_shipping_activity_medium_model,financial,50
transport_shipping_activity_medium_model,reputation,40
transport_shipping_activity_large_model,competition,55
transport_shipping_activity_large_model,regulatory,35
transport_shipping_activity_large_model,demand,45
transport_shipping_activity_large_model,location,50
transport_shipping_activity_large_model,staff,40
transport_shipping_activity_large_model,technology,30
transport_shipping_activity_large_model,financial,45
transport_shipping_activity_large_model,reputation,35
transport_last_mile_activity_small_model,competition,65
transport_last_mile_activity_small_model,regulatory,45
transport_last_mile_activity_small_model,demand,55
transport_last_mile_activity_small_model,location,60
transport_last_mile_activity_small_model,staff,50
transport_last_mile_activity_small_model,technology,40
transport_last_mile_activity_small_model,financial,55
transport_last_mile_activity_small_model,reputation,45
transport_last_mile_activity_medium_model,competition,60
transport_last_mile_activity_medium_model,regulatory,40
transport_last_mile_activity_medium_model,demand,50
transport_last_mile_activity_medium_model,location,55
transport_last_mile_activity_medium_model,staff,45
transport_last_mile_activity_medium_model,technology,35
transport_last_mile_activity_medium_model,financial,50
transport_last_mile_activity_medium_model,reputation,40
transport_last_mile_activity_large_model,competition,55
transport_last_mile_activity_large_model,regulatory,35
transport_last_mile_activity_large_model,demand,45
transport_last_mile_activity_large_model,location,50
transport_last_mile_activity_large_model,staff,40
transport_last_mile_activity_large_model,technology,30
transport_last_mile_activity_large_model,financial,45
transport_last_mile_activity_large_model,reputation,35
ports_consulting_activity_small_model,competition,65
ports_consulting_activity_small_model,regulatory,45
ports_consulting_activity_small_model,demand,55
ports_consulting_activity_small_model,location,60
ports_consulting_activity_small_model,staff,50
ports_consulting_activity_small_model,technology,40
ports_consulting_activity_small_model,financial,55
ports_consulting_activity_small_model,reputation,45
ports_consulting_activity_medium_model,competition,60
ports_consulting_activity_medium_model,regulatory,40
ports_consulting_activity_medium_model,demand,50
ports_consulting_activity_medium_model,location,55
ports_consulting_activity_medium_model,staff,45
ports_consulting_activity_medium_model,technology,35
ports_consulting_activity_medium_model,financial,50
ports_consulting_activity_medium_model,reputation,40
ports_consulting_activity_large_model,competition,55
ports_consulting_activity_large_model,regulatory,35
ports_consulting_activity_large_model,demand,45
ports_consulting_activity_large_model,location,50
ports_consulting_activity_large_model,staff,40
ports_consulting_activity_large_model,technology,30
ports_consulting_activity_large_model,financial,45
ports_consulting_activity_large_model,reputation,35
ports_maintenance_activity_small_model,competition,65
ports_maintenance_activity_small_model,regulatory,45
ports_maintenance_activity_small_model,demand,55
ports_maintenance_activity_small_model,location,60
ports_maintenance_activity_small_model,staff,50
ports_maintenance_activity_small_model,technology,40
ports_maintenance_activity_small_model,financial,55
ports_maintenance_activity_small_model,reputation,45
ports_maintenance_activity_medium_model,competition,60
ports_maintenance_activity_medium_model,regulatory,40
ports_maintenance_activity_medium_model,demand,50
ports_maintenance_activity_medium_model,location,55
ports_maintenance_activity_medium_model,staff,45
ports_maintenance_activity_medium_model,technology,35
ports_maintenance_activity_medium_model,financial,50
ports_maintenance_activity_medium_model,reputation,40
ports_maintenance_activity_large_model,competition,55
ports_maintenance_activity_large_model,regulatory,35
ports_maintenance_activity_large_model,demand,45
ports_maintenance_activity_large_model,location,50
ports_maintenance_activity_large_model,staff,40
ports_maintenance_activity_large_model,technology,30
ports_maintenance_activity_large_model,financial,45
ports_maintenance_activity_large_model,reputation,35
ports_cleaning_activity_small_model,competition,65
ports_cleaning_activity_small_model,regulatory,45
ports_cleaning_activity_small_model,demand,55
ports_cleaning_activity_small_model,location,60
ports_cleaning_activity_small_model,staff,50
ports_cleaning_activity_small_model,technology,40
ports_cleaning_activity_small_model,financial,55
ports_cleaning_activity_small_model,reputation,45
ports_cleaning_activity_medium_model,competition,60
ports_cleaning_activity_medium_model,regulatory,40
ports_cleaning_activity_medium_model,demand,50
ports_cleaning_activity_medium_model,location,55
ports_cleaning_activity_medium_model,staff,45
ports_cleaning_activity_medium_model,technology,35
ports_cleaning_activity_medium_model,financial,50
ports_cleaning_activity_medium_model,reputation,40
ports_cleaning_activity_large_model,competition,55
ports_cleaning_activity_large_model,regulatory,35
ports_cleaning_activity_large_model,demand,45
ports_cleaning_activity_large_model,location,50
ports_cleaning_activity_large_model,staff,40
ports_cleaning_activity_large_model,technology,30
ports_cleaning_activity_large_model,financial,45
ports_cleaning_activity_large_model,reputation,35
ports_security_activity_small_model,competition,65
ports_security_activity_small_model,regulatory,45
ports_security_activity_small_model,demand,55
ports_security_activity_small_model,location,60
ports_security_activity_small_model,staff,50
ports_security_activity_small_model,technology,40
ports_security_activity_small_model,financial,55
ports_security_activity_small_model,reputation,45
ports_security_activity_medium_model,competition,60
ports_security_activity_medium_model,regulatory,40
ports_security_activity_medium_model,demand,50
ports_security_activity_medium_model,location,55
ports_security_activity_medium_model,staff,45
ports_security_activity_medium_model,technology,35
ports_security_activity_medium_model,financial,50
ports_security_activity_medium_model,reputation,40
ports_security_activity_large_model,competition,55
ports_security_activity_large_model,regulatory,35
ports_security_activity_large_model,demand,45
ports_security_activity_large_model,location,50
ports_security_activity_large_model,staff,40
ports_security_activity_large_model,technology,30
ports_security_activity_large_model,financial,45
ports_security_activity_large_model,reputation,35
aviation_consulting_activity_small_model,competition,65
aviation_consulting_activity_small_model,regulatory,45
aviation_consulting_activity_small_model,demand,55
aviation_consulting_activity_small_model,location,60
aviation_consulting_activity_small_model,staff,50
aviation_consulting_activity_small_model,technology,40
aviation_consulting_activity_small_model,financial,55
aviation_consulting_activity_small_model,reputation,45
aviation_consulting_activity_medium_model,competition,60
aviation_consulting_activity_medium_model,regulatory,40
aviation_consulting_activity_medium_model,demand,50
aviation_consulting_activity_medium_model,location,55
aviation_consulting_activity_medium_model,staff,45
aviation_consulting_activity_medium_model,technology,35
aviation_consulting_activity_medium_model,financial,50
aviation_consulting_activity_medium_model,reputation,40
aviation_consulting_activity_large_model,competition,55
aviation_consulting_activity_large_model,regulatory,35
aviation_consulting_activity_large_model,demand,45
aviation_consulting_activity_large_model,location,50
aviation_consulting_activity_large_model,staff,40
aviation_consulting_activity_large_model,technology,30
aviation_consulting_activity_large_model,financial,45
aviation_consulting_activity_large_model,reputation,35
aviation_maintenance_activity_small_model,competition,65
aviation_maintenance_activity_small_model,regulatory,45
aviation_maintenance_activity_small_model,demand,55
aviation_maintenance_activity_small_model,location,60
aviation_maintenance_activity_small_model,staff,50
aviation_maintenance_activity_small_model,technology,40
aviation_maintenance_activity_small_model,financial,55
aviation_maintenance_activity_small_model,reputation,45
aviation_maintenance_activity_medium_model,competition,60
aviation_maintenance_activity_medium_model,regulatory,40
aviation_maintenance_activity_medium_model,demand,50
aviation_maintenance_activity_medium_model,location,55
aviation_maintenance_activity_medium_model,staff,45
aviation_maintenance_activity_medium_model,technology,35
aviation_maintenance_activity_medium_model,financial,50
aviation_maintenance_activity_medium_model,reputation,40
aviation_maintenance_activity_large_model,competition,55
aviation_maintenance_activity_large_model,regulatory,35
aviation_maintenance_activity_large_model,demand,45
aviation_maintenance_activity_large_model,location,50
aviation_maintenance_activity_large_model,staff,40
aviation_maintenance_activity_large_model,technology,30
aviation_maintenance_activity_large_model,financial,45
aviation_maintenance_activity_large_model,reputation,35
aviation_cleaning_activity_small_model,competition,65
aviation_cleaning_activity_small_model,regulatory,45
aviation_cleaning_activity_small_model,demand,55
aviation_cleaning_activity_small_model,location,60
aviation_cleaning_activity_small_model,staff,50
aviation_cleaning_activity_small_model,technology,40
aviation_cleaning_activity_small_model,financial,55
aviation_cleaning_activity_small_model,reputation,45
aviation_cleaning_activity_medium_model,competition,60
aviation_cleaning_activity_medium_model,regulatory,40
aviation_cleaning_activity_medium_model,demand,50
aviation_cleaning_activity_medium_model,location,55
aviation_cleaning_activity_medium_model,staff,45
aviation_cleaning_activity_medium_model,technology,35
aviation_cleaning_activity_medium_model,financial,50
aviation_cleaning_activity_medium_model,reputation,40
aviation_cleaning_activity_large_model,competition,55
aviation_cleaning_activity_large_model,regulatory,35
aviation_cleaning_activity_large_model,demand,45
aviation_cleaning_activity_large_model,location,50
aviation_cleaning_activity_large_model,staff,40
aviation_cleaning_activity_large_model,technology,30
aviation_cleaning_activity_large_model,financial,45
aviation_cleaning_activity_large_model,reputation,35
aviation_security_activity_small_model,competition,65
aviation_security_activity_small_model,regulatory,45
aviation_security_activity_small_model,demand,55
aviation_security_activity_small_model,location,60
aviation_security_activity_small_model,staff,50
aviation_security_activity_small_model,technology,40
aviation_security_activity_small_model,financial,55
aviation_security_activity_small_model,reputation,45
aviation_security_activity_medium_model,competition,60
aviation_security_activity_medium_model,regulatory,40
aviation_security_activity_medium_model,demand,50
aviation_security_activity_medium_model,location,55
aviation_security_activity_medium_model,staff,45
aviation_security_activity_medium_model,technology,35
aviation_security_activity_medium_model,financial,50
aviation_security_activity_medium_model,reputation,40
aviation_security_activity_large_model,competition,55
aviation_security_activity_large_model,regulatory,35
aviation_security_activity_large_model,demand,45
aviation_security_activity_large_model,location,50
aviation_security_activity_large_model,staff,40
aviation_security_activity_large_model,technology,30
aviation_security_activity_large_model,financial,45
aviation_security_activity_large_model,reputation,35
private_aviation_consulting_activity_small_model,competition,65
private_aviation_consulting_activity_small_model,regulatory,45
private_aviation_consulting_activity_small_model,demand,55
private_aviation_consulting_activity_small_model,location,60
private_aviation_consulting_activity_small_model,staff,50
private_aviation_consulting_activity_small_model,technology,40
private_aviation_consulting_activity_small_model,financial,55
private_aviation_consulting_activity_small_model,reputation,45
private_aviation_consulting_activity_medium_model,competition,60
private_aviation_consulting_activity_medium_model,regulatory,40
private_aviation_consulting_activity_medium_model,demand,50
private_aviation_consulting_activity_medium_model,location,55
private_aviation_consulting_activity_medium_model,staff,45
private_aviation_consulting_activity_medium_model,technology,35
private_aviation_consulting_activity_medium_model,financial,50
private_aviation_consulting_activity_medium_model,reputation,40
private_aviation_consulting_activity_large_model,competition,55
private_aviation_consulting_activity_large_model,regulatory,35
private_aviation_consulting_activity_large_model,demand,45
private_aviation_consulting_activity_large_model,location,50
private_aviation_consulting_activity_large_model,staff,40
private_aviation_consulting_activity_large_model,technology,30
private_aviation_consulting_activity_large_model,financial,45
private_aviation_consulting_activity_large_model,reputation,35
private_aviation_maintenance_activity_small_model,competition,65
private_aviation_maintenance_activity_small_model,regulatory,45
private_aviation_maintenance_activity_small_model,demand,55
private_aviation_maintenance_activity_small_model,location,60
private_aviation_maintenance_activity_small_model,staff,50
private_aviation_maintenance_activity_small_model,technology,40
private_aviation_maintenance_activity_small_model,financial,55
private_aviation_maintenance_activity_small_model,reputation,45
private_aviation_maintenance_activity_medium_model,competition,60
private_aviation_maintenance_activity_medium_model,regulatory,40
private_aviation_maintenance_activity_medium_model,demand,50
private_aviation_maintenance_activity_medium_model,location,55
private_aviation_maintenance_activity_medium_model,staff,45
private_aviation_maintenance_activity_medium_model,technology,35
private_aviation_maintenance_activity_medium_model,financial,50
private_aviation_maintenance_activity_medium_model,reputation,40
private_aviation_maintenance_activity_large_model,competition,55
private_aviation_maintenance_activity_large_model,regulatory,35
private_aviation_maintenance_activity_large_model,demand,45
private_aviation_maintenance_activity_large_model,location,50
private_aviation_maintenance_activity_large_model,staff,40
private_aviation_maintenance_activity_large_model,technology,30
private_aviation_maintenance_activity_large_model,financial,45
private_aviation_maintenance_activity_large_model,reputation,35
private_aviation_cleaning_activity_small_model,competition,65
private_aviation_cleaning_activity_small_model,regulatory,45
private_aviation_cleaning_activity_small_model,demand,55
private_aviation_cleaning_activity_small_model,location,60
private_aviation_cleaning_activity_small_model,staff,50
private_aviation_cleaning_activity_small_model,technology,40
private_aviation_cleaning_activity_small_model,financial,55
private_aviation_cleaning_activity_small_model,reputation,45
private_aviation_cleaning_activity_medium_model,competition,60
private_aviation_cleaning_activity_medium_model,regulatory,40
private_aviation_cleaning_activity_medium_model,demand,50
private_aviation_cleaning_activity_medium_model,location,55
private_aviation_cleaning_activity_medium_model,staff,45
private_aviation_cleaning_activity_medium_model,technology,35
private_aviation_cleaning_activity_medium_model,financial,50
private_aviation_cleaning_activity_medium_model,reputation,40
private_aviation_cleaning_activity_large_model,competition,55
private_aviation_cleaning_activity_large_model,regulatory,35
private_aviation_cleaning_activity_large_model,demand,45
private_aviation_cleaning_activity_large_model,location,50
private_aviation_cleaning_activity_large_model,staff,40
private_aviation_cleaning_activity_large_model,technology,30
private_aviation_cleaning_activity_large_model,financial,45
private_aviation_cleaning_activity_large_model,reputation,35
private_aviation_security_activity_small_model,competition,65
private_aviation_security_activity_small_model,regulatory,45
private_aviation_security_activity_small_model,demand,55
private_aviation_security_activity_small_model,location,60
private_aviation_security_activity_small_model,staff,50
private_aviation_security_activity_small_model,technology,40
private_aviation_security_activity_small_model,financial,55
private_aviation_security_activity_small_model,reputation,45
private_aviation_security_activity_medium_model,competition,60
private_aviation_security_activity_medium_model,regulatory,40
private_aviation_security_activity_medium_model,demand,50
private_aviation_security_activity_medium_model,location,55
private_aviation_security_activity_medium_model,staff,45
private_aviation_security_activity_medium_model,technology,35
private_aviation_security_activity_medium_model,financial,50
private_aviation_security_activity_medium_model,reputation,40
private_aviation_security_activity_large_model,competition,55
private_aviation_security_activity_large_model,regulatory,35
private_aviation_security_activity_large_model,demand,45
private_aviation_security_activity_large_model,location,50
private_aviation_security_activity_large_model,staff,40
private_aviation_security_activity_large_model,technology,30
private_aviation_security_activity_large_model,financial,45
private_aviation_security_activity_large_model,reputation,35
hajj_umrah_consulting_activity_small_model,competition,65
hajj_umrah_consulting_activity_small_model,regulatory,45
hajj_umrah_consulting_activity_small_model,demand,55
hajj_umrah_consulting_activity_small_model,location,60
hajj_umrah_consulting_activity_small_model,staff,50
hajj_umrah_consulting_activity_small_model,technology,40
hajj_umrah_consulting_activity_small_model,financial,55
hajj_umrah_consulting_activity_small_model,reputation,45
hajj_umrah_consulting_activity_medium_model,competition,60
hajj_umrah_consulting_activity_medium_model,regulatory,40
hajj_umrah_consulting_activity_medium_model,demand,50
hajj_umrah_consulting_activity_medium_model,location,55
hajj_umrah_consulting_activity_medium_model,staff,45
hajj_umrah_consulting_activity_medium_model,technology,35
hajj_umrah_consulting_activity_medium_model,financial,50
hajj_umrah_consulting_activity_medium_model,reputation,40
hajj_umrah_consulting_activity_large_model,competition,55
hajj_umrah_consulting_activity_large_model,regulatory,35
hajj_umrah_consulting_activity_large_model,demand,45
hajj_umrah_consulting_activity_large_model,location,50
hajj_umrah_consulting_activity_large_model,staff,40
hajj_umrah_consulting_activity_large_model,technology,30
hajj_umrah_consulting_activity_large_model,financial,45
hajj_umrah_consulting_activity_large_model,reputation,35
hajj_umrah_maintenance_activity_small_model,competition,65
hajj_umrah_maintenance_activity_small_model,regulatory,45
hajj_umrah_maintenance_activity_small_model,demand,55
hajj_umrah_maintenance_activity_small_model,location,60
hajj_umrah_maintenance_activity_small_model,staff,50
hajj_umrah_maintenance_activity_small_model,technology,40
hajj_umrah_maintenance_activity_small_model,financial,55
hajj_umrah_maintenance_activity_small_model,reputation,45
hajj_umrah_maintenance_activity_medium_model,competition,60
hajj_umrah_maintenance_activity_medium_model,regulatory,40
hajj_umrah_maintenance_activity_medium_model,demand,50
hajj_umrah_maintenance_activity_medium_model,location,55
hajj_umrah_maintenance_activity_medium_model,staff,45
hajj_umrah_maintenance_activity_medium_model,technology,35
hajj_umrah_maintenance_activity_medium_model,financial,50
hajj_umrah_maintenance_activity_medium_model,reputation,40
hajj_umrah_maintenance_activity_large_model,competition,55
hajj_umrah_maintenance_activity_large_model,regulatory,35
hajj_umrah_maintenance_activity_large_model,demand,45
hajj_umrah_maintenance_activity_large_model,location,50
hajj_umrah_maintenance_activity_large_model,staff,40
hajj_umrah_maintenance_activity_large_model,technology,30
hajj_umrah_maintenance_activity_large_model,financial,45
hajj_umrah_maintenance_activity_large_model,reputation,35
hajj_umrah_cleaning_activity_small_model,competition,65
hajj_umrah_cleaning_activity_small_model,regulatory,45
hajj_umrah_cleaning_activity_small_model,demand,55
hajj_umrah_cleaning_activity_small_model,location,60
hajj_umrah_cleaning_activity_small_model,staff,50
hajj_umrah_cleaning_activity_small_model,technology,40
hajj_umrah_cleaning_activity_small_model,financial,55
hajj_umrah_cleaning_activity_small_model,reputation,45
hajj_umrah_cleaning_activity_medium_model,competition,60
hajj_umrah_cleaning_activity_medium_model,regulatory,40
hajj_umrah_cleaning_activity_medium_model,demand,50
hajj_umrah_cleaning_activity_medium_model,location,55
hajj_umrah_cleaning_activity_medium_model,staff,45
hajj_umrah_cleaning_activity_medium_model,technology,35
hajj_umrah_cleaning_activity_medium_model,financial,50
hajj_umrah_cleaning_activity_medium_model,reputation,40
hajj_umrah_cleaning_activity_large_model,competition,55
hajj_umrah_cleaning_activity_large_model,regulatory,35
hajj_umrah_cleaning_activity_large_model,demand,45
hajj_umrah_cleaning_activity_large_model,location,50
hajj_umrah_cleaning_activity_large_model,staff,40
hajj_umrah_cleaning_activity_large_model,technology,30
hajj_umrah_cleaning_activity_large_model,financial,45
hajj_umrah_cleaning_activity_large_model,reputation,35
hajj_umrah_security_activity_small_model,competition,65
hajj_umrah_security_activity_small_model,regulatory,45
hajj_umrah_security_activity_small_model,demand,55
hajj_umrah_security_activity_small_model,location,60
hajj_umrah_security_activity_small_model,staff,50
hajj_umrah_security_activity_small_model,technology,40
hajj_umrah_security_activity_small_model,financial,55
hajj_umrah_security_activity_small_model,reputation,45
hajj_umrah_security_activity_medium_model,competition,60
hajj_umrah_security_activity_medium_model,regulatory,40
hajj_umrah_security_activity_medium_model,demand,50
hajj_umrah_security_activity_medium_model,location,55
hajj_umrah_security_activity_medium_model,staff,45
hajj_umrah_security_activity_medium_model,technology,35
hajj_umrah_security_activity_medium_model,financial,50
hajj_umrah_security_activity_medium_model,reputation,40
hajj_umrah_security_activity_large_model,competition,55
hajj_umrah_security_activity_large_model,regulatory,35
hajj_umrah_security_activity_large_model,demand,45
hajj_umrah_security_activity_large_model,location,50
hajj_umrah_security_activity_large_model,staff,40
hajj_umrah_security_activity_large_model,technology,30
hajj_umrah_security_activity_large_model,financial,45
hajj_umrah_security_activity_large_model,reputation,35
tourism_events_activity_small_model,competition,100
tourism_events_activity_small_model,regulatory,45
tourism_events_activity_small_model,demand,100
tourism_events_activity_small_model,location,60
tourism_events_activity_small_model,staff,50
tourism_events_activity_small_model,technology,40
tourism_events_activity_small_model,financial,55
tourism_events_activity_small_model,reputation,100
tourism_events_activity_medium_model,competition,100
tourism_events_activity_medium_model,regulatory,40
tourism_events_activity_medium_model,demand,100
tourism_events_activity_medium_model,location,55
tourism_events_activity_medium_model,staff,45
tourism_events_activity_medium_model,technology,35
tourism_events_activity_medium_model,financial,50
tourism_events_activity_medium_model,reputation,95
tourism_events_activity_large_model,competition,100
tourism_events_activity_large_model,regulatory,35
tourism_events_activity_large_model,demand,100
tourism_events_activity_large_model,location,50
tourism_events_activity_large_model,staff,40
tourism_events_activity_large_model,technology,30
tourism_events_activity_large_model,financial,45
tourism_events_activity_large_model,reputation,90
tourism_media_activity_small_model,competition,100
tourism_media_activity_small_model,regulatory,45
tourism_media_activity_small_model,demand,100
tourism_media_activity_small_model,location,60
tourism_media_activity_small_model,staff,50
tourism_media_activity_small_model,technology,40
tourism_media_activity_small_model,financial,55
tourism_media_activity_small_model,reputation,100
tourism_media_activity_medium_model,competition,100
tourism_media_activity_medium_model,regulatory,40
tourism_media_activity_medium_model,demand,100
tourism_media_activity_medium_model,location,55
tourism_media_activity_medium_model,staff,45
tourism_media_activity_medium_model,technology,35
tourism_media_activity_medium_model,financial,50
tourism_media_activity_medium_model,reputation,95
tourism_media_activity_large_model,competition,100
tourism_media_activity_large_model,regulatory,35
tourism_media_activity_large_model,demand,100
tourism_media_activity_large_model,location,50
tourism_media_activity_large_model,staff,40
tourism_media_activity_large_model,technology,30
tourism_media_activity_large_model,financial,45
tourism_media_activity_large_model,reputation,90
tourism_sports_activity_small_model,competition,100
tourism_sports_activity_small_model,regulatory,45
tourism_sports_activity_small_model,demand,100
tourism_sports_activity_small_model,location,60
tourism_sports_activity_small_model,staff,50
tourism_sports_activity_small_model,technology,40
tourism_sports_activity_small_model,financial,55
tourism_sports_activity_small_model,reputation,100
tourism_sports_activity_medium_model,competition,100
tourism_sports_activity_medium_model,regulatory,40
tourism_sports_activity_medium_model,demand,100
tourism_sports_activity_medium_model,location,55
tourism_sports_activity_medium_model,staff,45
tourism_sports_activity_medium_model,technology,35
tourism_sports_activity_medium_model,financial,50
tourism_sports_activity_medium_model,reputation,95
tourism_sports_activity_large_model,competition,100
tourism_sports_activity_large_model,regulatory,35
tourism_sports_activity_large_model,demand,100
tourism_sports_activity_large_model,location,50
tourism_sports_activity_large_model,staff,40
tourism_sports_activity_large_model,technology,30
tourism_sports_activity_large_model,financial,45
tourism_sports_activity_large_model,reputation,90
tourism_tourism_activity_small_model,competition,100
tourism_tourism_activity_small_model,regulatory,45
tourism_tourism_activity_small_model,demand,100
tourism_tourism_activity_small_model,location,60
tourism_tourism_activity_small_model,staff,50
tourism_tourism_activity_small_model,technology,40
tourism_tourism_activity_small_model,financial,55
tourism_tourism_activity_small_model,reputation,100
tourism_tourism_activity_medium_model,competition,100
tourism_tourism_activity_medium_model,regulatory,40
tourism_tourism_activity_medium_model,demand,100
tourism_tourism_activity_medium_model,location,55
tourism_tourism_activity_medium_model,staff,45
tourism_tourism_activity_medium_model,technology,35
tourism_tourism_activity_medium_model,financial,50
tourism_tourism_activity_medium_model,reputation,95
tourism_tourism_activity_large_model,competition,100
tourism_tourism_activity_large_model,regulatory,35
tourism_tourism_activity_large_model,demand,100
tourism_tourism_activity_large_model,location,50
tourism_tourism_activity_large_model,staff,40
tourism_tourism_activity_large_model,technology,30
tourism_tourism_activity_large_model,financial,45
tourism_tourism_activity_large_model,reputation,90
hospitality_software_activity_small_model,competition,100
hospitality_software_activity_small_model,regulatory,45
hospitality_software_activity_small_model,demand,55
hospitality_software_activity_small_model,location,60
hospitality_software_activity_small_model,staff,50
hospitality_software_activity_small_model,technology,100
hospitality_software_activity_small_model,financial,100
hospitality_software_activity_small_model,reputation,45
hospitality_software_activity_medium_model,competition,100
hospitality_software_activity_medium_model,regulatory,40
hospitality_software_activity_medium_model,demand,50
hospitality_software_activity_medium_model,location,55
hospitality_software_activity_medium_model,staff,45
hospitality_software_activity_medium_model,technology,95
hospitality_software_activity_medium_model,financial,95
hospitality_software_activity_medium_model,reputation,40
hospitality_software_activity_large_model,competition,100
hospitality_software_activity_large_model,regulatory,35
hospitality_software_activity_large_model,demand,45
hospitality_software_activity_large_model,location,50
hospitality_software_activity_large_model,staff,40
hospitality_software_activity_large_model,technology,90
hospitality_software_activity_large_model,financial,90
hospitality_software_activity_large_model,reputation,35
hospitality_hardware_activity_small_model,competition,100
hospitality_hardware_activity_small_model,regulatory,45
hospitality_hardware_activity_small_model,demand,55
hospitality_hardware_activity_small_model,location,60
hospitality_hardware_activity_small_model,staff,50
hospitality_hardware_activity_small_model,technology,100
hospitality_hardware_activity_small_model,financial,100
hospitality_hardware_activity_small_model,reputation,45
hospitality_hardware_activity_medium_model,competition,100
hospitality_hardware_activity_medium_model,regulatory,40
hospitality_hardware_activity_medium_model,demand,50
hospitality_hardware_activity_medium_model,location,55
hospitality_hardware_activity_medium_model,staff,45
hospitality_hardware_activity_medium_model,technology,95
hospitality_hardware_activity_medium_model,financial,95
hospitality_hardware_activity_medium_model,reputation,40
hospitality_hardware_activity_large_model,competition,100
hospitality_hardware_activity_large_model,regulatory,35
hospitality_hardware_activity_large_model,demand,45
hospitality_hardware_activity_large_model,location,50
hospitality_hardware_activity_large_model,staff,40
hospitality_hardware_activity_large_model,technology,90
hospitality_hardware_activity_large_model,financial,90
hospitality_hardware_activity_large_model,reputation,35
hospitality_it_services_activity_small_model,competition,100
hospitality_it_services_activity_small_model,regulatory,45
hospitality_it_services_activity_small_model,demand,55
hospitality_it_services_activity_small_model,location,60
hospitality_it_services_activity_small_model,staff,50
hospitality_it_services_activity_small_model,technology,100
hospitality_it_services_activity_small_model,financial,100
hospitality_it_services_activity_small_model,reputation,45
hospitality_it_services_activity_medium_model,competition,100
hospitality_it_services_activity_medium_model,regulatory,40
hospitality_it_services_activity_medium_model,demand,50
hospitality_it_services_activity_medium_model,location,55
hospitality_it_services_activity_medium_model,staff,45
hospitality_it_services_activity_medium_model,technology,95
hospitality_it_services_activity_medium_model,financial,95
hospitality_it_services_activity_medium_model,reputation,40
hospitality_it_services_activity_large_model,competition,100
hospitality_it_services_activity_large_model,regulatory,35
hospitality_it_services_activity_large_model,demand,45
hospitality_it_services_activity_large_model,location,50
hospitality_it_services_activity_large_model,staff,40
hospitality_it_services_activity_large_model,technology,90
hospitality_it_services_activity_large_model,financial,90
hospitality_it_services_activity_large_model,reputation,35
hospitality_telecom_activity_small_model,competition,100
hospitality_telecom_activity_small_model,regulatory,45
hospitality_telecom_activity_small_model,demand,55
hospitality_telecom_activity_small_model,location,60
hospitality_telecom_activity_small_model,staff,50
hospitality_telecom_activity_small_model,technology,100
hospitality_telecom_activity_small_model,financial,100
hospitality_telecom_activity_small_model,reputation,45
hospitality_telecom_activity_medium_model,competition,100
hospitality_telecom_activity_medium_model,regulatory,40
hospitality_telecom_activity_medium_model,demand,50
hospitality_telecom_activity_medium_model,location,55
hospitality_telecom_activity_medium_model,staff,45
hospitality_telecom_activity_medium_model,technology,95
hospitality_telecom_activity_medium_model,financial,95
hospitality_telecom_activity_medium_model,reputation,40
hospitality_telecom_activity_large_model,competition,100
hospitality_telecom_activity_large_model,regulatory,35
hospitality_telecom_activity_large_model,demand,45
hospitality_telecom_activity_large_model,location,50
hospitality_telecom_activity_large_model,staff,40
hospitality_telecom_activity_large_model,technology,90
hospitality_telecom_activity_large_model,financial,90
hospitality_telecom_activity_large_model,reputation,35
entertainment_events_activity_small_model,competition,100
entertainment_events_activity_small_model,regulatory,45
entertainment_events_activity_small_model,demand,100
entertainment_events_activity_small_model,location,60
entertainment_events_activity_small_model,staff,50
entertainment_events_activity_small_model,technology,40
entertainment_events_activity_small_model,financial,55
entertainment_events_activity_small_model,reputation,100
entertainment_events_activity_medium_model,competition,100
entertainment_events_activity_medium_model,regulatory,40
entertainment_events_activity_medium_model,demand,100
entertainment_events_activity_medium_model,location,55
entertainment_events_activity_medium_model,staff,45
entertainment_events_activity_medium_model,technology,35
entertainment_events_activity_medium_model,financial,50
entertainment_events_activity_medium_model,reputation,95
entertainment_events_activity_large_model,competition,100
entertainment_events_activity_large_model,regulatory,35
entertainment_events_activity_large_model,demand,100
entertainment_events_activity_large_model,location,50
entertainment_events_activity_large_model,staff,40
entertainment_events_activity_large_model,technology,30
entertainment_events_activity_large_model,financial,45
entertainment_events_activity_large_model,reputation,90
entertainment_media_activity_small_model,competition,100
entertainment_media_activity_small_model,regulatory,45
entertainment_media_activity_small_model,demand,100
entertainment_media_activity_small_model,location,60
entertainment_media_activity_small_model,staff,50
entertainment_media_activity_small_model,technology,40
entertainment_media_activity_small_model,financial,55
entertainment_media_activity_small_model,reputation,100
entertainment_media_activity_medium_model,competition,100
entertainment_media_activity_medium_model,regulatory,40
entertainment_media_activity_medium_model,demand,100
entertainment_media_activity_medium_model,location,55
entertainment_media_activity_medium_model,staff,45
entertainment_media_activity_medium_model,technology,35
entertainment_media_activity_medium_model,financial,50
entertainment_media_activity_medium_model,reputation,95
entertainment_media_activity_large_model,competition,100
entertainment_media_activity_large_model,regulatory,35
entertainment_media_activity_large_model,demand,100
entertainment_media_activity_large_model,location,50
entertainment_media_activity_large_model,staff,40
entertainment_media_activity_large_model,technology,30
entertainment_media_activity_large_model,financial,45
entertainment_media_activity_large_model,reputation,90
entertainment_sports_activity_small_model,competition,100
entertainment_sports_activity_small_model,regulatory,45
entertainment_sports_activity_small_model,demand,100
entertainment_sports_activity_small_model,location,60
entertainment_sports_activity_small_model,staff,50
entertainment_sports_activity_small_model,technology,40
entertainment_sports_activity_small_model,financial,55
entertainment_sports_activity_small_model,reputation,100
entertainment_sports_activity_medium_model,competition,100
entertainment_sports_activity_medium_model,regulatory,40
entertainment_sports_activity_medium_model,demand,100
entertainment_sports_activity_medium_model,location,55
entertainment_sports_activity_medium_model,staff,45
entertainment_sports_activity_medium_model,technology,35
entertainment_sports_activity_medium_model,financial,50
entertainment_sports_activity_medium_model,reputation,95
entertainment_sports_activity_large_model,competition,100
entertainment_sports_activity_large_model,regulatory,35
entertainment_sports_activity_large_model,demand,100
entertainment_sports_activity_large_model,location,50
entertainment_sports_activity_large_model,staff,40
entertainment_sports_activity_large_model,technology,30
entertainment_sports_activity_large_model,financial,45
entertainment_sports_activity_large_model,reputation,90
entertainment_tourism_activity_small_model,competition,100
entertainment_tourism_activity_small_model,regulatory,45
entertainment_tourism_activity_small_model,demand,100
entertainment_tourism_activity_small_model,location,60
entertainment_tourism_activity_small_model,staff,50
entertainment_tourism_activity_small_model,technology,40
entertainment_tourism_activity_small_model,financial,55
entertainment_tourism_activity_small_model,reputation,100
entertainment_tourism_activity_medium_model,competition,100
entertainment_tourism_activity_medium_model,regulatory,40
entertainment_tourism_activity_medium_model,demand,100
entertainment_tourism_activity_medium_model,location,55
entertainment_tourism_activity_medium_model,staff,45
entertainment_tourism_activity_medium_model,technology,35
entertainment_tourism_activity_medium_model,financial,50
entertainment_tourism_activity_medium_model,reputation,95
entertainment_tourism_activity_large_model,competition,100
entertainment_tourism_activity_large_model,regulatory,35
entertainment_tourism_activity_large_model,demand,100
entertainment_tourism_activity_large_model,location,50
entertainment_tourism_activity_large_model,staff,40
entertainment_tourism_activity_large_model,technology,30
entertainment_tourism_activity_large_model,financial,45
entertainment_tourism_activity_large_model,reputation,90
culture_consulting_activity_small_model,competition,65
culture_consulting_activity_small_model,regulatory,45
culture_consulting_activity_small_model,demand,55
culture_consulting_activity_small_model,location,60
culture_consulting_activity_small_model,staff,50
culture_consulting_activity_small_model,technology,40
culture_consulting_activity_small_model,financial,55
culture_consulting_activity_small_model,reputation,45
culture_consulting_activity_medium_model,competition,60
culture_consulting_activity_medium_model,regulatory,40
culture_consulting_activity_medium_model,demand,50
culture_consulting_activity_medium_model,location,55
culture_consulting_activity_medium_model,staff,45
culture_consulting_activity_medium_model,technology,35
culture_consulting_activity_medium_model,financial,50
culture_consulting_activity_medium_model,reputation,40
culture_consulting_activity_large_model,competition,55
culture_consulting_activity_large_model,regulatory,35
culture_consulting_activity_large_model,demand,45
culture_consulting_activity_large_model,location,50
culture_consulting_activity_large_model,staff,40
culture_consulting_activity_large_model,technology,30
culture_consulting_activity_large_model,financial,45
culture_consulting_activity_large_model,reputation,35
culture_maintenance_activity_small_model,competition,65
culture_maintenance_activity_small_model,regulatory,45
culture_maintenance_activity_small_model,demand,55
culture_maintenance_activity_small_model,location,60
culture_maintenance_activity_small_model,staff,50
culture_maintenance_activity_small_model,technology,40
culture_maintenance_activity_small_model,financial,55
culture_maintenance_activity_small_model,reputation,45
culture_maintenance_activity_medium_model,competition,60
culture_maintenance_activity_medium_model,regulatory,40
culture_maintenance_activity_medium_model,demand,50
culture_maintenance_activity_medium_model,location,55
culture_maintenance_activity_medium_model,staff,45
culture_maintenance_activity_medium_model,technology,35
culture_maintenance_activity_medium_model,financial,50
culture_maintenance_activity_medium_model,reputation,40
culture_maintenance_activity_large_model,competition,55
culture_maintenance_activity_large_model,regulatory,35
culture_maintenance_activity_large_model,demand,45
culture_maintenance_activity_large_model,location,50
culture_maintenance_activity_large_model,staff,40
culture_maintenance_activity_large_model,technology,30
culture_maintenance_activity_large_model,financial,45
culture_maintenance_activity_large_model,reputation,35
culture_cleaning_activity_small_model,competition,65
culture_cleaning_activity_small_model,regulatory,45
culture_cleaning_activity_small_model,demand,55
culture_cleaning_activity_small_model,location,60
culture_cleaning_activity_small_model,staff,50
culture_cleaning_activity_small_model,technology,40
culture_cleaning_activity_small_model,financial,55
culture_cleaning_activity_small_model,reputation,45
culture_cleaning_activity_medium_model,competition,60
culture_cleaning_activity_medium_model,regulatory,40
culture_cleaning_activity_medium_model,demand,50
culture_cleaning_activity_medium_model,location,55
culture_cleaning_activity_medium_model,staff,45
culture_cleaning_activity_medium_model,technology,35
culture_cleaning_activity_medium_model,financial,50
culture_cleaning_activity_medium_model,reputation,40
culture_cleaning_activity_large_model,competition,55
culture_cleaning_activity_large_model,regulatory,35
culture_cleaning_activity_large_model,demand,45
culture_cleaning_activity_large_model,location,50
culture_cleaning_activity_large_model,staff,40
culture_cleaning_activity_large_model,technology,30
culture_cleaning_activity_large_model,financial,45
culture_cleaning_activity_large_model,reputation,35
culture_security_activity_small_model,competition,65
culture_security_activity_small_model,regulatory,45
culture_security_activity_small_model,demand,55
culture_security_activity_small_model,location,60
culture_security_activity_small_model,staff,50
culture_security_activity_small_model,technology,40
culture_security_activity_small_model,financial,55
culture_security_activity_small_model,reputation,45
culture_security_activity_medium_model,competition,60
culture_security_activity_medium_model,regulatory,40
culture_security_activity_medium_model,demand,50
culture_security_activity_medium_model,location,55
culture_security_activity_medium_model,staff,45
culture_security_activity_medium_model,technology,35
culture_security_activity_medium_model,financial,50
culture_security_activity_medium_model,reputation,40
culture_security_activity_large_model,competition,55
culture_security_activity_large_model,regulatory,35
culture_security_activity_large_model,demand,45
culture_security_activity_large_model,location,50
culture_security_activity_large_model,staff,40
culture_security_activity_large_model,technology,30
culture_security_activity_large_model,financial,45
culture_security_activity_large_model,reputation,35
media_events_activity_small_model,competition,100
media_events_activity_small_model,regulatory,45
media_events_activity_small_model,demand,100
media_events_activity_small_model,location,60
media_events_activity_small_model,staff,50
media_events_activity_small_model,technology,40
media_events_activity_small_model,financial,55
media_events_activity_small_model,reputation,100
media_events_activity_medium_model,competition,100
media_events_activity_medium_model,regulatory,40
media_events_activity_medium_model,demand,100
media_events_activity_medium_model,location,55
media_events_activity_medium_model,staff,45
media_events_activity_medium_model,technology,35
media_events_activity_medium_model,financial,50
media_events_activity_medium_model,reputation,95
media_events_activity_large_model,competition,100
media_events_activity_large_model,regulatory,35
media_events_activity_large_model,demand,100
media_events_activity_large_model,location,50
media_events_activity_large_model,staff,40
media_events_activity_large_model,technology,30
media_events_activity_large_model,financial,45
media_events_activity_large_model,reputation,90
media_media_activity_small_model,competition,100
media_media_activity_small_model,regulatory,45
media_media_activity_small_model,demand,100
media_media_activity_small_model,location,60
media_media_activity_small_model,staff,50
media_media_activity_small_model,technology,40
media_media_activity_small_model,financial,55
media_media_activity_small_model,reputation,100
media_media_activity_medium_model,competition,100
media_media_activity_medium_model,regulatory,40
media_media_activity_medium_model,demand,100
media_media_activity_medium_model,location,55
media_media_activity_medium_model,staff,45
media_media_activity_medium_model,technology,35
media_media_activity_medium_model,financial,50
media_media_activity_medium_model,reputation,95
media_media_activity_large_model,competition,100
media_media_activity_large_model,regulatory,35
media_media_activity_large_model,demand,100
media_media_activity_large_model,location,50
media_media_activity_large_model,staff,40
media_media_activity_large_model,technology,30
media_media_activity_large_model,financial,45
media_media_activity_large_model,reputation,90
media_sports_activity_small_model,competition,100
media_sports_activity_small_model,regulatory,45
media_sports_activity_small_model,demand,100
media_sports_activity_small_model,location,60
media_sports_activity_small_model,staff,50
media_sports_activity_small_model,technology,40
media_sports_activity_small_model,financial,55
media_sports_activity_small_model,reputation,100
media_sports_activity_medium_model,competition,100
media_sports_activity_medium_model,regulatory,40
media_sports_activity_medium_model,demand,100
media_sports_activity_medium_model,location,55
media_sports_activity_medium_model,staff,45
media_sports_activity_medium_model,technology,35
media_sports_activity_medium_model,financial,50
media_sports_activity_medium_model,reputation,95
media_sports_activity_large_model,competition,100
media_sports_activity_large_model,regulatory,35
media_sports_activity_large_model,demand,100
media_sports_activity_large_model,location,50
media_sports_activity_large_model,staff,40
media_sports_activity_large_model,technology,30
media_sports_activity_large_model,financial,45
media_sports_activity_large_model,reputation,90
media_tourism_activity_small_model,competition,100
media_tourism_activity_small_model,regulatory,45
media_tourism_activity_small_model,demand,100
media_tourism_activity_small_model,location,60
media_tourism_activity_small_model,staff,50
media_tourism_activity_small_model,technology,40
media_tourism_activity_small_model,financial,55
media_tourism_activity_small_model,reputation,100
media_tourism_activity_medium_model,competition,100
media_tourism_activity_medium_model,regulatory,40
media_tourism_activity_medium_model,demand,100
media_tourism_activity_medium_model,location,55
media_tourism_activity_medium_model,staff,45
media_tourism_activity_medium_model,technology,35
media_tourism_activity_medium_model,financial,50
media_tourism_activity_medium_model,reputation,95
media_tourism_activity_large_model,competition,100
media_tourism_activity_large_model,regulatory,35
media_tourism_activity_large_model,demand,100
media_tourism_activity_large_model,location,50
media_tourism_activity_large_model,staff,40
media_tourism_activity_large_model,technology,30
media_tourism_activity_large_model,financial,45
media_tourism_activity_large_model,reputation,90
advertising_consulting_activity_small_model,competition,65
advertising_consulting_activity_small_model,regulatory,45
advertising_consulting_activity_small_model,demand,55
advertising_consulting_activity_small_model,location,60
advertising_consulting_activity_small_model,staff,50
advertising_consulting_activity_small_model,technology,40
advertising_consulting_activity_small_model,financial,55
advertising_consulting_activity_small_model,reputation,45
advertising_consulting_activity_medium_model,competition,60
advertising_consulting_activity_medium_model,regulatory,40
advertising_consulting_activity_medium_model,demand,50
advertising_consulting_activity_medium_model,location,55
advertising_consulting_activity_medium_model,staff,45
advertising_consulting_activity_medium_model,technology,35
advertising_consulting_activity_medium_model,financial,50
advertising_consulting_activity_medium_model,reputation,40
advertising_consulting_activity_large_model,competition,55
advertising_consulting_activity_large_model,regulatory,35
advertising_consulting_activity_large_model,demand,45
advertising_consulting_activity_large_model,location,50
advertising_consulting_activity_large_model,staff,40
advertising_consulting_activity_large_model,technology,30
advertising_consulting_activity_large_model,financial,45
advertising_consulting_activity_large_model,reputation,35
advertising_maintenance_activity_small_model,competition,65
advertising_maintenance_activity_small_model,regulatory,45
advertising_maintenance_activity_small_model,demand,55
advertising_maintenance_activity_small_model,location,60
advertising_maintenance_activity_small_model,staff,50
advertising_maintenance_activity_small_model,technology,40
advertising_maintenance_activity_small_model,financial,55
advertising_maintenance_activity_small_model,reputation,45
advertising_maintenance_activity_medium_model,competition,60
advertising_maintenance_activity_medium_model,regulatory,40
advertising_maintenance_activity_medium_model,demand,50
advertising_maintenance_activity_medium_model,location,55
advertising_maintenance_activity_medium_model,staff,45
advertising_maintenance_activity_medium_model,technology,35
advertising_maintenance_activity_medium_model,financial,50
advertising_maintenance_activity_medium_model,reputation,40
advertising_maintenance_activity_large_model,competition,55
advertising_maintenance_activity_large_model,regulatory,35
advertising_maintenance_activity_large_model,demand,45
advertising_maintenance_activity_large_model,location,50
advertising_maintenance_activity_large_model,staff,40
advertising_maintenance_activity_large_model,technology,30
advertising_maintenance_activity_large_model,financial,45
advertising_maintenance_activity_large_model,reputation,35
advertising_cleaning_activity_small_model,competition,65
advertising_cleaning_activity_small_model,regulatory,45
advertising_cleaning_activity_small_model,demand,55
advertising_cleaning_activity_small_model,location,60
advertising_cleaning_activity_small_model,staff,50
advertising_cleaning_activity_small_model,technology,40
advertising_cleaning_activity_small_model,financial,55
advertising_cleaning_activity_small_model,reputation,45
advertising_cleaning_activity_medium_model,competition,60
advertising_cleaning_activity_medium_model,regulatory,40
advertising_cleaning_activity_medium_model,demand,50
advertising_cleaning_activity_medium_model,location,55
advertising_cleaning_activity_medium_model,staff,45
advertising_cleaning_activity_medium_model,technology,35
advertising_cleaning_activity_medium_model,financial,50
advertising_cleaning_activity_medium_model,reputation,40
advertising_cleaning_activity_large_model,competition,55
advertising_cleaning_activity_large_model,regulatory,35
advertising_cleaning_activity_large_model,demand,45
advertising_cleaning_activity_large_model,location,50
advertising_cleaning_activity_large_model,staff,40
advertising_cleaning_activity_large_model,technology,30
advertising_cleaning_activity_large_model,financial,45
advertising_cleaning_activity_large_model,reputation,35
advertising_security_activity_small_model,competition,65
advertising_security_activity_small_model,regulatory,45
advertising_security_activity_small_model,demand,55
advertising_security_activity_small_model,location,60
advertising_security_activity_small_model,staff,50
advertising_security_activity_small_model,technology,40
advertising_security_activity_small_model,financial,55
advertising_security_activity_small_model,reputation,45
advertising_security_activity_medium_model,competition,60
advertising_security_activity_medium_model,regulatory,40
advertising_security_activity_medium_model,demand,50
advertising_security_activity_medium_model,location,55
advertising_security_activity_medium_model,staff,45
advertising_security_activity_medium_model,technology,35
advertising_security_activity_medium_model,financial,50
advertising_security_activity_medium_model,reputation,40
advertising_security_activity_large_model,competition,55
advertising_security_activity_large_model,regulatory,35
advertising_security_activity_large_model,demand,45
advertising_security_activity_large_model,location,50
advertising_security_activity_large_model,staff,40
advertising_security_activity_large_model,technology,30
advertising_security_activity_large_model,financial,45
advertising_security_activity_large_model,reputation,35
technology_software_activity_small_model,competition,100
technology_software_activity_small_model,regulatory,45
technology_software_activity_small_model,demand,55
technology_software_activity_small_model,location,60
technology_software_activity_small_model,staff,50
technology_software_activity_small_model,technology,100
technology_software_activity_small_model,financial,100
technology_software_activity_small_model,reputation,45
technology_software_activity_medium_model,competition,100
technology_software_activity_medium_model,regulatory,40
technology_software_activity_medium_model,demand,50
technology_software_activity_medium_model,location,55
technology_software_activity_medium_model,staff,45
technology_software_activity_medium_model,technology,95
technology_software_activity_medium_model,financial,95
technology_software_activity_medium_model,reputation,40
technology_software_activity_large_model,competition,100
technology_software_activity_large_model,regulatory,35
technology_software_activity_large_model,demand,45
technology_software_activity_large_model,location,50
technology_software_activity_large_model,staff,40
technology_software_activity_large_model,technology,90
technology_software_activity_large_model,financial,90
technology_software_activity_large_model,reputation,35
technology_hardware_activity_small_model,competition,100
technology_hardware_activity_small_model,regulatory,45
technology_hardware_activity_small_model,demand,55
technology_hardware_activity_small_model,location,60
technology_hardware_activity_small_model,staff,50
technology_hardware_activity_small_model,technology,100
technology_hardware_activity_small_model,financial,100
technology_hardware_activity_small_model,reputation,45
technology_hardware_activity_medium_model,competition,100
technology_hardware_activity_medium_model,regulatory,40
technology_hardware_activity_medium_model,demand,50
technology_hardware_activity_medium_model,location,55
technology_hardware_activity_medium_model,staff,45
technology_hardware_activity_medium_model,technology,95
technology_hardware_activity_medium_model,financial,95
technology_hardware_activity_medium_model,reputation,40
technology_hardware_activity_large_model,competition,100
technology_hardware_activity_large_model,regulatory,35
technology_hardware_activity_large_model,demand,45
technology_hardware_activity_large_model,location,50
technology_hardware_activity_large_model,staff,40
technology_hardware_activity_large_model,technology,90
technology_hardware_activity_large_model,financial,90
technology_hardware_activity_large_model,reputation,35
technology_it_services_activity_small_model,competition,100
technology_it_services_activity_small_model,regulatory,45
technology_it_services_activity_small_model,demand,55
technology_it_services_activity_small_model,location,60
technology_it_services_activity_small_model,staff,50
technology_it_services_activity_small_model,technology,100
technology_it_services_activity_small_model,financial,100
technology_it_services_activity_small_model,reputation,45
technology_it_services_activity_medium_model,competition,100
technology_it_services_activity_medium_model,regulatory,40
technology_it_services_activity_medium_model,demand,50
technology_it_services_activity_medium_model,location,55
technology_it_services_activity_medium_model,staff,45
technology_it_services_activity_medium_model,technology,95
technology_it_services_activity_medium_model,financial,95
technology_it_services_activity_medium_model,reputation,40
technology_it_services_activity_large_model,competition,100
technology_it_services_activity_large_model,regulatory,35
technology_it_services_activity_large_model,demand,45
technology_it_services_activity_large_model,location,50
technology_it_services_activity_large_model,staff,40
technology_it_services_activity_large_model,technology,90
technology_it_services_activity_large_model,financial,90
technology_it_services_activity_large_model,reputation,35
technology_telecom_activity_small_model,competition,100
technology_telecom_activity_small_model,regulatory,45
technology_telecom_activity_small_model,demand,55
technology_telecom_activity_small_model,location,60
technology_telecom_activity_small_model,staff,50
technology_telecom_activity_small_model,technology,100
technology_telecom_activity_small_model,financial,100
technology_telecom_activity_small_model,reputation,45
technology_telecom_activity_medium_model,competition,100
technology_telecom_activity_medium_model,regulatory,40
technology_telecom_activity_medium_model,demand,50
technology_telecom_activity_medium_model,location,55
technology_telecom_activity_medium_model,staff,45
technology_telecom_activity_medium_model,technology,95
technology_telecom_activity_medium_model,financial,95
technology_telecom_activity_medium_model,reputation,40
technology_telecom_activity_large_model,competition,100
technology_telecom_activity_large_model,regulatory,35
technology_telecom_activity_large_model,demand,45
technology_telecom_activity_large_model,location,50
technology_telecom_activity_large_model,staff,40
technology_telecom_activity_large_model,technology,90
technology_telecom_activity_large_model,financial,90
technology_telecom_activity_large_model,reputation,35
artificial_intelligence_consulting_activity_small_model,competition,65
artificial_intelligence_consulting_activity_small_model,regulatory,45
artificial_intelligence_consulting_activity_small_model,demand,55
artificial_intelligence_consulting_activity_small_model,location,60
artificial_intelligence_consulting_activity_small_model,staff,50
artificial_intelligence_consulting_activity_small_model,technology,40
artificial_intelligence_consulting_activity_small_model,financial,55
artificial_intelligence_consulting_activity_small_model,reputation,45
artificial_intelligence_consulting_activity_medium_model,competition,60
artificial_intelligence_consulting_activity_medium_model,regulatory,40
artificial_intelligence_consulting_activity_medium_model,demand,50
artificial_intelligence_consulting_activity_medium_model,location,55
artificial_intelligence_consulting_activity_medium_model,staff,45
artificial_intelligence_consulting_activity_medium_model,technology,35
artificial_intelligence_consulting_activity_medium_model,financial,50
artificial_intelligence_consulting_activity_medium_model,reputation,40
artificial_intelligence_consulting_activity_large_model,competition,55
artificial_intelligence_consulting_activity_large_model,regulatory,35
artificial_intelligence_consulting_activity_large_model,demand,45
artificial_intelligence_consulting_activity_large_model,location,50
artificial_intelligence_consulting_activity_large_model,staff,40
artificial_intelligence_consulting_activity_large_model,technology,30
artificial_intelligence_consulting_activity_large_model,financial,45
artificial_intelligence_consulting_activity_large_model,reputation,35
artificial_intelligence_maintenance_activity_small_model,competition,65
artificial_intelligence_maintenance_activity_small_model,regulatory,45
artificial_intelligence_maintenance_activity_small_model,demand,55
artificial_intelligence_maintenance_activity_small_model,location,60
artificial_intelligence_maintenance_activity_small_model,staff,50
artificial_intelligence_maintenance_activity_small_model,technology,40
artificial_intelligence_maintenance_activity_small_model,financial,55
artificial_intelligence_maintenance_activity_small_model,reputation,45
artificial_intelligence_maintenance_activity_medium_model,competition,60
artificial_intelligence_maintenance_activity_medium_model,regulatory,40
artificial_intelligence_maintenance_activity_medium_model,demand,50
artificial_intelligence_maintenance_activity_medium_model,location,55
artificial_intelligence_maintenance_activity_medium_model,staff,45
artificial_intelligence_maintenance_activity_medium_model,technology,35
artificial_intelligence_maintenance_activity_medium_model,financial,50
artificial_intelligence_maintenance_activity_medium_model,reputation,40
artificial_intelligence_maintenance_activity_large_model,competition,55
artificial_intelligence_maintenance_activity_large_model,regulatory,35
artificial_intelligence_maintenance_activity_large_model,demand,45
artificial_intelligence_maintenance_activity_large_model,location,50
artificial_intelligence_maintenance_activity_large_model,staff,40
artificial_intelligence_maintenance_activity_large_model,technology,30
artificial_intelligence_maintenance_activity_large_model,financial,45
artificial_intelligence_maintenance_activity_large_model,reputation,35
artificial_intelligence_cleaning_activity_small_model,competition,65
artificial_intelligence_cleaning_activity_small_model,regulatory,45
artificial_intelligence_cleaning_activity_small_model,demand,55
artificial_intelligence_cleaning_activity_small_model,location,60
artificial_intelligence_cleaning_activity_small_model,staff,50
artificial_intelligence_cleaning_activity_small_model,technology,40
artificial_intelligence_cleaning_activity_small_model,financial,55
artificial_intelligence_cleaning_activity_small_model,reputation,45
artificial_intelligence_cleaning_activity_medium_model,competition,60
artificial_intelligence_cleaning_activity_medium_model,regulatory,40
artificial_intelligence_cleaning_activity_medium_model,demand,50
artificial_intelligence_cleaning_activity_medium_model,location,55
artificial_intelligence_cleaning_activity_medium_model,staff,45
artificial_intelligence_cleaning_activity_medium_model,technology,35
artificial_intelligence_cleaning_activity_medium_model,financial,50
artificial_intelligence_cleaning_activity_medium_model,reputation,40
artificial_intelligence_cleaning_activity_large_model,competition,55
artificial_intelligence_cleaning_activity_large_model,regulatory,35
artificial_intelligence_cleaning_activity_large_model,demand,45
artificial_intelligence_cleaning_activity_large_model,location,50
artificial_intelligence_cleaning_activity_large_model,staff,40
artificial_intelligence_cleaning_activity_large_model,technology,30
artificial_intelligence_cleaning_activity_large_model,financial,45
artificial_intelligence_cleaning_activity_large_model,reputation,35
artificial_intelligence_security_activity_small_model,competition,65
artificial_intelligence_security_activity_small_model,regulatory,45
artificial_intelligence_security_activity_small_model,demand,55
artificial_intelligence_security_activity_small_model,location,60
artificial_intelligence_security_activity_small_model,staff,50
artificial_intelligence_security_activity_small_model,technology,40
artificial_intelligence_security_activity_small_model,financial,55
artificial_intelligence_security_activity_small_model,reputation,45
artificial_intelligence_security_activity_medium_model,competition,60
artificial_intelligence_security_activity_medium_model,regulatory,40
artificial_intelligence_security_activity_medium_model,demand,50
artificial_intelligence_security_activity_medium_model,location,55
artificial_intelligence_security_activity_medium_model,staff,45
artificial_intelligence_security_activity_medium_model,technology,35
artificial_intelligence_security_activity_medium_model,financial,50
artificial_intelligence_security_activity_medium_model,reputation,40
artificial_intelligence_security_activity_large_model,competition,55
artificial_intelligence_security_activity_large_model,regulatory,35
artificial_intelligence_security_activity_large_model,demand,45
artificial_intelligence_security_activity_large_model,location,50
artificial_intelligence_security_activity_large_model,staff,40
artificial_intelligence_security_activity_large_model,technology,30
artificial_intelligence_security_activity_large_model,financial,45
artificial_intelligence_security_activity_large_model,reputation,35
cybersecurity_software_activity_small_model,competition,100
cybersecurity_software_activity_small_model,regulatory,45
cybersecurity_software_activity_small_model,demand,55
cybersecurity_software_activity_small_model,location,60
cybersecurity_software_activity_small_model,staff,50
cybersecurity_software_activity_small_model,technology,100
cybersecurity_software_activity_small_model,financial,100
cybersecurity_software_activity_small_model,reputation,45
cybersecurity_software_activity_medium_model,competition,100
cybersecurity_software_activity_medium_model,regulatory,40
cybersecurity_software_activity_medium_model,demand,50
cybersecurity_software_activity_medium_model,location,55
cybersecurity_software_activity_medium_model,staff,45
cybersecurity_software_activity_medium_model,technology,95
cybersecurity_software_activity_medium_model,financial,95
cybersecurity_software_activity_medium_model,reputation,40
cybersecurity_software_activity_large_model,competition,100
cybersecurity_software_activity_large_model,regulatory,35
cybersecurity_software_activity_large_model,demand,45
cybersecurity_software_activity_large_model,location,50
cybersecurity_software_activity_large_model,staff,40
cybersecurity_software_activity_large_model,technology,90
cybersecurity_software_activity_large_model,financial,90
cybersecurity_software_activity_large_model,reputation,35
cybersecurity_hardware_activity_small_model,competition,100
cybersecurity_hardware_activity_small_model,regulatory,45
cybersecurity_hardware_activity_small_model,demand,55
cybersecurity_hardware_activity_small_model,location,60
cybersecurity_hardware_activity_small_model,staff,50
cybersecurity_hardware_activity_small_model,technology,100
cybersecurity_hardware_activity_small_model,financial,100
cybersecurity_hardware_activity_small_model,reputation,45
cybersecurity_hardware_activity_medium_model,competition,100
cybersecurity_hardware_activity_medium_model,regulatory,40
cybersecurity_hardware_activity_medium_model,demand,50
cybersecurity_hardware_activity_medium_model,location,55
cybersecurity_hardware_activity_medium_model,staff,45
cybersecurity_hardware_activity_medium_model,technology,95
cybersecurity_hardware_activity_medium_model,financial,95
cybersecurity_hardware_activity_medium_model,reputation,40
cybersecurity_hardware_activity_large_model,competition,100
cybersecurity_hardware_activity_large_model,regulatory,35
cybersecurity_hardware_activity_large_model,demand,45
cybersecurity_hardware_activity_large_model,location,50
cybersecurity_hardware_activity_large_model,staff,40
cybersecurity_hardware_activity_large_model,technology,90
cybersecurity_hardware_activity_large_model,financial,90
cybersecurity_hardware_activity_large_model,reputation,35
cybersecurity_it_services_activity_small_model,competition,100
cybersecurity_it_services_activity_small_model,regulatory,45
cybersecurity_it_services_activity_small_model,demand,55
cybersecurity_it_services_activity_small_model,location,60
cybersecurity_it_services_activity_small_model,staff,50
cybersecurity_it_services_activity_small_model,technology,100
cybersecurity_it_services_activity_small_model,financial,100
cybersecurity_it_services_activity_small_model,reputation,45
cybersecurity_it_services_activity_medium_model,competition,100
cybersecurity_it_services_activity_medium_model,regulatory,40
cybersecurity_it_services_activity_medium_model,demand,50
cybersecurity_it_services_activity_medium_model,location,55
cybersecurity_it_services_activity_medium_model,staff,45
cybersecurity_it_services_activity_medium_model,technology,95
cybersecurity_it_services_activity_medium_model,financial,95
cybersecurity_it_services_activity_medium_model,reputation,40
cybersecurity_it_services_activity_large_model,competition,100
cybersecurity_it_services_activity_large_model,regulatory,35
cybersecurity_it_services_activity_large_model,demand,45
cybersecurity_it_services_activity_large_model,location,50
cybersecurity_it_services_activity_large_model,staff,40
cybersecurity_it_services_activity_large_model,technology,90
cybersecurity_it_services_activity_large_model,financial,90
cybersecurity_it_services_activity_large_model,reputation,35
cybersecurity_telecom_activity_small_model,competition,100
cybersecurity_telecom_activity_small_model,regulatory,45
cybersecurity_telecom_activity_small_model,demand,55
cybersecurity_telecom_activity_small_model,location,60
cybersecurity_telecom_activity_small_model,staff,50
cybersecurity_telecom_activity_small_model,technology,100
cybersecurity_telecom_activity_small_model,financial,100
cybersecurity_telecom_activity_small_model,reputation,45
cybersecurity_telecom_activity_medium_model,competition,100
cybersecurity_telecom_activity_medium_model,regulatory,40
cybersecurity_telecom_activity_medium_model,demand,50
cybersecurity_telecom_activity_medium_model,location,55
cybersecurity_telecom_activity_medium_model,staff,45
cybersecurity_telecom_activity_medium_model,technology,95
cybersecurity_telecom_activity_medium_model,financial,95
cybersecurity_telecom_activity_medium_model,reputation,40
cybersecurity_telecom_activity_large_model,competition,100
cybersecurity_telecom_activity_large_model,regulatory,35
cybersecurity_telecom_activity_large_model,demand,45
cybersecurity_telecom_activity_large_model,location,50
cybersecurity_telecom_activity_large_model,staff,40
cybersecurity_telecom_activity_large_model,technology,90
cybersecurity_telecom_activity_large_model,financial,90
cybersecurity_telecom_activity_large_model,reputation,35
commerce_retail_activity_small_model,competition,65
commerce_retail_activity_small_model,regulatory,45
commerce_retail_activity_small_model,demand,55
commerce_retail_activity_small_model,location,60
commerce_retail_activity_small_model,staff,50
commerce_retail_activity_small_model,technology,40
commerce_retail_activity_small_model,financial,55
commerce_retail_activity_small_model,reputation,45
commerce_retail_activity_medium_model,competition,60
commerce_retail_activity_medium_model,regulatory,40
commerce_retail_activity_medium_model,demand,50
commerce_retail_activity_medium_model,location,55
commerce_retail_activity_medium_model,staff,45
commerce_retail_activity_medium_model,technology,35
commerce_retail_activity_medium_model,financial,50
commerce_retail_activity_medium_model,reputation,40
commerce_retail_activity_large_model,competition,55
commerce_retail_activity_large_model,regulatory,35
commerce_retail_activity_large_model,demand,45
commerce_retail_activity_large_model,location,50
commerce_retail_activity_large_model,staff,40
commerce_retail_activity_large_model,technology,30
commerce_retail_activity_large_model,financial,45
commerce_retail_activity_large_model,reputation,35
commerce_wholesale_activity_small_model,competition,65
commerce_wholesale_activity_small_model,regulatory,45
commerce_wholesale_activity_small_model,demand,55
commerce_wholesale_activity_small_model,location,60
commerce_wholesale_activity_small_model,staff,50
commerce_wholesale_activity_small_model,technology,40
commerce_wholesale_activity_small_model,financial,55
commerce_wholesale_activity_small_model,reputation,45
commerce_wholesale_activity_medium_model,competition,60
commerce_wholesale_activity_medium_model,regulatory,40
commerce_wholesale_activity_medium_model,demand,50
commerce_wholesale_activity_medium_model,location,55
commerce_wholesale_activity_medium_model,staff,45
commerce_wholesale_activity_medium_model,technology,35
commerce_wholesale_activity_medium_model,financial,50
commerce_wholesale_activity_medium_model,reputation,40
commerce_wholesale_activity_large_model,competition,55
commerce_wholesale_activity_large_model,regulatory,35
commerce_wholesale_activity_large_model,demand,45
commerce_wholesale_activity_large_model,location,50
commerce_wholesale_activity_large_model,staff,40
commerce_wholesale_activity_large_model,technology,30
commerce_wholesale_activity_large_model,financial,45
commerce_wholesale_activity_large_model,reputation,35
commerce_ecommerce_activity_small_model,competition,65
commerce_ecommerce_activity_small_model,regulatory,45
commerce_ecommerce_activity_small_model,demand,55
commerce_ecommerce_activity_small_model,location,60
commerce_ecommerce_activity_small_model,staff,50
commerce_ecommerce_activity_small_model,technology,40
commerce_ecommerce_activity_small_model,financial,55
commerce_ecommerce_activity_small_model,reputation,45
commerce_ecommerce_activity_medium_model,competition,60
commerce_ecommerce_activity_medium_model,regulatory,40
commerce_ecommerce_activity_medium_model,demand,50
commerce_ecommerce_activity_medium_model,location,55
commerce_ecommerce_activity_medium_model,staff,45
commerce_ecommerce_activity_medium_model,technology,35
commerce_ecommerce_activity_medium_model,financial,50
commerce_ecommerce_activity_medium_model,reputation,40
commerce_ecommerce_activity_large_model,competition,55
commerce_ecommerce_activity_large_model,regulatory,35
commerce_ecommerce_activity_large_model,demand,45
commerce_ecommerce_activity_large_model,location,50
commerce_ecommerce_activity_large_model,staff,40
commerce_ecommerce_activity_large_model,technology,30
commerce_ecommerce_activity_large_model,financial,45
commerce_ecommerce_activity_large_model,reputation,35
commerce_import_export_activity_small_model,competition,65
commerce_import_export_activity_small_model,regulatory,45
commerce_import_export_activity_small_model,demand,55
commerce_import_export_activity_small_model,location,60
commerce_import_export_activity_small_model,staff,50
commerce_import_export_activity_small_model,technology,40
commerce_import_export_activity_small_model,financial,55
commerce_import_export_activity_small_model,reputation,45
commerce_import_export_activity_medium_model,competition,60
commerce_import_export_activity_medium_model,regulatory,40
commerce_import_export_activity_medium_model,demand,50
commerce_import_export_activity_medium_model,location,55
commerce_import_export_activity_medium_model,staff,45
commerce_import_export_activity_medium_model,technology,35
commerce_import_export_activity_medium_model,financial,50
commerce_import_export_activity_medium_model,reputation,40
commerce_import_export_activity_large_model,competition,55
commerce_import_export_activity_large_model,regulatory,35
commerce_import_export_activity_large_model,demand,45
commerce_import_export_activity_large_model,location,50
commerce_import_export_activity_large_model,staff,40
commerce_import_export_activity_large_model,technology,30
commerce_import_export_activity_large_model,financial,45
commerce_import_export_activity_large_model,reputation,35
ecommerce_retail_activity_small_model,competition,65
ecommerce_retail_activity_small_model,regulatory,45
ecommerce_retail_activity_small_model,demand,55
ecommerce_retail_activity_small_model,location,60
ecommerce_retail_activity_small_model,staff,50
ecommerce_retail_activity_small_model,technology,40
ecommerce_retail_activity_small_model,financial,55
ecommerce_retail_activity_small_model,reputation,45
ecommerce_retail_activity_medium_model,competition,60
ecommerce_retail_activity_medium_model,regulatory,40
ecommerce_retail_activity_medium_model,demand,50
ecommerce_retail_activity_medium_model,location,55
ecommerce_retail_activity_medium_model,staff,45
ecommerce_retail_activity_medium_model,technology,35
ecommerce_retail_activity_medium_model,financial,50
ecommerce_retail_activity_medium_model,reputation,40
ecommerce_retail_activity_large_model,competition,55
ecommerce_retail_activity_large_model,regulatory,35
ecommerce_retail_activity_large_model,demand,45
ecommerce_retail_activity_large_model,location,50
ecommerce_retail_activity_large_model,staff,40
ecommerce_retail_activity_large_model,technology,30
ecommerce_retail_activity_large_model,financial,45
ecommerce_retail_activity_large_model,reputation,35
ecommerce_wholesale_activity_small_model,competition,65
ecommerce_wholesale_activity_small_model,regulatory,45
ecommerce_wholesale_activity_small_model,demand,55
ecommerce_wholesale_activity_small_model,location,60
ecommerce_wholesale_activity_small_model,staff,50
ecommerce_wholesale_activity_small_model,technology,40
ecommerce_wholesale_activity_small_model,financial,55
ecommerce_wholesale_activity_small_model,reputation,45
ecommerce_wholesale_activity_medium_model,competition,60
ecommerce_wholesale_activity_medium_model,regulatory,40
ecommerce_wholesale_activity_medium_model,demand,50
ecommerce_wholesale_activity_medium_model,location,55
ecommerce_wholesale_activity_medium_model,staff,45
ecommerce_wholesale_activity_medium_model,technology,35
ecommerce_wholesale_activity_medium_model,financial,50
ecommerce_wholesale_activity_medium_model,reputation,40
ecommerce_wholesale_activity_large_model,competition,55
ecommerce_wholesale_activity_large_model,regulatory,35
ecommerce_wholesale_activity_large_model,demand,45
ecommerce_wholesale_activity_large_model,location,50
ecommerce_wholesale_activity_large_model,staff,40
ecommerce_wholesale_activity_large_model,technology,30
ecommerce_wholesale_activity_large_model,financial,45
ecommerce_wholesale_activity_large_model,reputation,35
ecommerce_ecommerce_activity_small_model,competition,65
ecommerce_ecommerce_activity_small_model,regulatory,45
ecommerce_ecommerce_activity_small_model,demand,55
ecommerce_ecommerce_activity_small_model,location,60
ecommerce_ecommerce_activity_small_model,staff,50
ecommerce_ecommerce_activity_small_model,technology,40
ecommerce_ecommerce_activity_small_model,financial,55
ecommerce_ecommerce_activity_small_model,reputation,45
ecommerce_ecommerce_activity_medium_model,competition,60
ecommerce_ecommerce_activity_medium_model,regulatory,40
ecommerce_ecommerce_activity_medium_model,demand,50
ecommerce_ecommerce_activity_medium_model,location,55
ecommerce_ecommerce_activity_medium_model,staff,45
ecommerce_ecommerce_activity_medium_model,technology,35
ecommerce_ecommerce_activity_medium_model,financial,50
ecommerce_ecommerce_activity_medium_model,reputation,40
ecommerce_ecommerce_activity_large_model,competition,55
ecommerce_ecommerce_activity_large_model,regulatory,35
ecommerce_ecommerce_activity_large_model,demand,45
ecommerce_ecommerce_activity_large_model,location,50
ecommerce_ecommerce_activity_large_model,staff,40
ecommerce_ecommerce_activity_large_model,technology,30
ecommerce_ecommerce_activity_large_model,financial,45
ecommerce_ecommerce_activity_large_model,reputation,35
ecommerce_import_export_activity_small_model,competition,65
ecommerce_import_export_activity_small_model,regulatory,45
ecommerce_import_export_activity_small_model,demand,55
ecommerce_import_export_activity_small_model,location,60
ecommerce_import_export_activity_small_model,staff,50
ecommerce_import_export_activity_small_model,technology,40
ecommerce_import_export_activity_small_model,financial,55
ecommerce_import_export_activity_small_model,reputation,45
ecommerce_import_export_activity_medium_model,competition,60
ecommerce_import_export_activity_medium_model,regulatory,40
ecommerce_import_export_activity_medium_model,demand,50
ecommerce_import_export_activity_medium_model,location,55
ecommerce_import_export_activity_medium_model,staff,45
ecommerce_import_export_activity_medium_model,technology,35
ecommerce_import_export_activity_medium_model,financial,50
ecommerce_import_export_activity_medium_model,reputation,40
ecommerce_import_export_activity_large_model,competition,55
ecommerce_import_export_activity_large_model,regulatory,35
ecommerce_import_export_activity_large_model,demand,45
ecommerce_import_export_activity_large_model,location,50
ecommerce_import_export_activity_large_model,staff,40
ecommerce_import_export_activity_large_model,technology,30
ecommerce_import_export_activity_large_model,financial,45
ecommerce_import_export_activity_large_model,reputation,35
public_services_public_services_activity_small_model,competition,65
public_services_public_services_activity_small_model,regulatory,45
public_services_public_services_activity_small_model,demand,55
public_services_public_services_activity_small_model,location,60
public_services_public_services_activity_small_model,staff,50
public_services_public_services_activity_small_model,technology,40
public_services_public_services_activity_small_model,financial,55
public_services_public_services_activity_small_model,reputation,45
public_services_public_services_activity_medium_model,competition,60
public_services_public_services_activity_medium_model,regulatory,40
public_services_public_services_activity_medium_model,demand,50
public_services_public_services_activity_medium_model,location,55
public_services_public_services_activity_medium_model,staff,45
public_services_public_services_activity_medium_model,technology,35
public_services_public_services_activity_medium_model,financial,50
public_services_public_services_activity_medium_model,reputation,40
public_services_public_services_activity_large_model,competition,55
public_services_public_services_activity_large_model,regulatory,35
public_services_public_services_activity_large_model,demand,45
public_services_public_services_activity_large_model,location,50
public_services_public_services_activity_large_model,staff,40
public_services_public_services_activity_large_model,technology,30
public_services_public_services_activity_large_model,financial,45
public_services_public_services_activity_large_model,reputation,35
public_services_consulting_activity_small_model,competition,65
public_services_consulting_activity_small_model,regulatory,45
public_services_consulting_activity_small_model,demand,55
public_services_consulting_activity_small_model,location,60
public_services_consulting_activity_small_model,staff,50
public_services_consulting_activity_small_model,technology,40
public_services_consulting_activity_small_model,financial,55
public_services_consulting_activity_small_model,reputation,45
public_services_consulting_activity_medium_model,competition,60
public_services_consulting_activity_medium_model,regulatory,40
public_services_consulting_activity_medium_model,demand,50
public_services_consulting_activity_medium_model,location,55
public_services_consulting_activity_medium_model,staff,45
public_services_consulting_activity_medium_model,technology,35
public_services_consulting_activity_medium_model,financial,50
public_services_consulting_activity_medium_model,reputation,40
public_services_consulting_activity_large_model,competition,55
public_services_consulting_activity_large_model,regulatory,35
public_services_consulting_activity_large_model,demand,45
public_services_consulting_activity_large_model,location,50
public_services_consulting_activity_large_model,staff,40
public_services_consulting_activity_large_model,technology,30
public_services_consulting_activity_large_model,financial,45
public_services_consulting_activity_large_model,reputation,35
public_services_facilities_activity_small_model,competition,65
public_services_facilities_activity_small_model,regulatory,45
public_services_facilities_activity_small_model,demand,55
public_services_facilities_activity_small_model,location,60
public_services_facilities_activity_small_model,staff,50
public_services_facilities_activity_small_model,technology,40
public_services_facilities_activity_small_model,financial,55
public_services_facilities_activity_small_model,reputation,45
public_services_facilities_activity_medium_model,competition,60
public_services_facilities_activity_medium_model,regulatory,40
public_services_facilities_activity_medium_model,demand,50
public_services_facilities_activity_medium_model,location,55
public_services_facilities_activity_medium_model,staff,45
public_services_facilities_activity_medium_model,technology,35
public_services_facilities_activity_medium_model,financial,50
public_services_facilities_activity_medium_model,reputation,40
public_services_facilities_activity_large_model,competition,55
public_services_facilities_activity_large_model,regulatory,35
public_services_facilities_activity_large_model,demand,45
public_services_facilities_activity_large_model,location,50
public_services_facilities_activity_large_model,staff,40
public_services_facilities_activity_large_model,technology,30
public_services_facilities_activity_large_model,financial,45
public_services_facilities_activity_large_model,reputation,35
public_services_digital_activity_small_model,competition,65
public_services_digital_activity_small_model,regulatory,45
public_services_digital_activity_small_model,demand,55
public_services_digital_activity_small_model,location,60
public_services_digital_activity_small_model,staff,50
public_services_digital_activity_small_model,technology,40
public_services_digital_activity_small_model,financial,55
public_services_digital_activity_small_model,reputation,45
public_services_digital_activity_medium_model,competition,60
public_services_digital_activity_medium_model,regulatory,40
public_services_digital_activity_medium_model,demand,50
public_services_digital_activity_medium_model,location,55
public_services_digital_activity_medium_model,staff,45
public_services_digital_activity_medium_model,technology,35
public_services_digital_activity_medium_model,financial,50
public_services_digital_activity_medium_model,reputation,40
public_services_digital_activity_large_model,competition,55
public_services_digital_activity_large_model,regulatory,35
public_services_digital_activity_large_model,demand,45
public_services_digital_activity_large_model,location,50
public_services_digital_activity_large_model,staff,40
public_services_digital_activity_large_model,technology,30
public_services_digital_activity_large_model,financial,45
public_services_digital_activity_large_model,reputation,35
facilities_management_software_activity_small_model,competition,100
facilities_management_software_activity_small_model,regulatory,45
facilities_management_software_activity_small_model,demand,55
facilities_management_software_activity_small_model,location,60
facilities_management_software_activity_small_model,staff,50
facilities_management_software_activity_small_model,technology,100
facilities_management_software_activity_small_model,financial,100
facilities_management_software_activity_small_model,reputation,45
facilities_management_software_activity_medium_model,competition,100
facilities_management_software_activity_medium_model,regulatory,40
facilities_management_software_activity_medium_model,demand,50
facilities_management_software_activity_medium_model,location,55
facilities_management_software_activity_medium_model,staff,45
facilities_management_software_activity_medium_model,technology,95
facilities_management_software_activity_medium_model,financial,95
facilities_management_software_activity_medium_model,reputation,40
facilities_management_software_activity_large_model,competition,100
facilities_management_software_activity_large_model,regulatory,35
facilities_management_software_activity_large_model,demand,45
facilities_management_software_activity_large_model,location,50
facilities_management_software_activity_large_model,staff,40
facilities_management_software_activity_large_model,technology,90
facilities_management_software_activity_large_model,financial,90
facilities_management_software_activity_large_model,reputation,35
facilities_management_hardware_activity_small_model,competition,100
facilities_management_hardware_activity_small_model,regulatory,45
facilities_management_hardware_activity_small_model,demand,55
facilities_management_hardware_activity_small_model,location,60
facilities_management_hardware_activity_small_model,staff,50
facilities_management_hardware_activity_small_model,technology,100
facilities_management_hardware_activity_small_model,financial,100
facilities_management_hardware_activity_small_model,reputation,45
facilities_management_hardware_activity_medium_model,competition,100
facilities_management_hardware_activity_medium_model,regulatory,40
facilities_management_hardware_activity_medium_model,demand,50
facilities_management_hardware_activity_medium_model,location,55
facilities_management_hardware_activity_medium_model,staff,45
facilities_management_hardware_activity_medium_model,technology,95
facilities_management_hardware_activity_medium_model,financial,95
facilities_management_hardware_activity_medium_model,reputation,40
facilities_management_hardware_activity_large_model,competition,100
facilities_management_hardware_activity_large_model,regulatory,35
facilities_management_hardware_activity_large_model,demand,45
facilities_management_hardware_activity_large_model,location,50
facilities_management_hardware_activity_large_model,staff,40
facilities_management_hardware_activity_large_model,technology,90
facilities_management_hardware_activity_large_model,financial,90
facilities_management_hardware_activity_large_model,reputation,35
facilities_management_it_services_activity_small_model,competition,100
facilities_management_it_services_activity_small_model,regulatory,45
facilities_management_it_services_activity_small_model,demand,55
facilities_management_it_services_activity_small_model,location,60
facilities_management_it_services_activity_small_model,staff,50
facilities_management_it_services_activity_small_model,technology,100
facilities_management_it_services_activity_small_model,financial,100
facilities_management_it_services_activity_small_model,reputation,45
facilities_management_it_services_activity_medium_model,competition,100
facilities_management_it_services_activity_medium_model,regulatory,40
facilities_management_it_services_activity_medium_model,demand,50
facilities_management_it_services_activity_medium_model,location,55
facilities_management_it_services_activity_medium_model,staff,45
facilities_management_it_services_activity_medium_model,technology,95
facilities_management_it_services_activity_medium_model,financial,95
facilities_management_it_services_activity_medium_model,reputation,40
facilities_management_it_services_activity_large_model,competition,100
facilities_management_it_services_activity_large_model,regulatory,35
facilities_management_it_services_activity_large_model,demand,45
facilities_management_it_services_activity_large_model,location,50
facilities_management_it_services_activity_large_model,staff,40
facilities_management_it_services_activity_large_model,technology,90
facilities_management_it_services_activity_large_model,financial,90
facilities_management_it_services_activity_large_model,reputation,35
facilities_management_telecom_activity_small_model,competition,100
facilities_management_telecom_activity_small_model,regulatory,45
facilities_management_telecom_activity_small_model,demand,55
facilities_management_telecom_activity_small_model,location,60
facilities_management_telecom_activity_small_model,staff,50
facilities_management_telecom_activity_small_model,technology,100
facilities_management_telecom_activity_small_model,financial,100
facilities_management_telecom_activity_small_model,reputation,45
facilities_management_telecom_activity_medium_model,competition,100
facilities_management_telecom_activity_medium_model,regulatory,40
facilities_management_telecom_activity_medium_model,demand,50
facilities_management_telecom_activity_medium_model,location,55
facilities_management_telecom_activity_medium_model,staff,45
facilities_management_telecom_activity_medium_model,technology,95
facilities_management_telecom_activity_medium_model,financial,95
facilities_management_telecom_activity_medium_model,reputation,40
facilities_management_telecom_activity_large_model,competition,100
facilities_management_telecom_activity_large_model,regulatory,35
facilities_management_telecom_activity_large_model,demand,45
facilities_management_telecom_activity_large_model,location,50
facilities_management_telecom_activity_large_model,staff,40
facilities_management_telecom_activity_large_model,technology,90
facilities_management_telecom_activity_large_model,financial,90
facilities_management_telecom_activity_large_model,reputation,35
consulting_consulting_activity_small_model,competition,65
consulting_consulting_activity_small_model,regulatory,45
consulting_consulting_activity_small_model,demand,55
consulting_consulting_activity_small_model,location,60
consulting_consulting_activity_small_model,staff,50
consulting_consulting_activity_small_model,technology,40
consulting_consulting_activity_small_model,financial,55
consulting_consulting_activity_small_model,reputation,45
consulting_consulting_activity_medium_model,competition,60
consulting_consulting_activity_medium_model,regulatory,40
consulting_consulting_activity_medium_model,demand,50
consulting_consulting_activity_medium_model,location,55
consulting_consulting_activity_medium_model,staff,45
consulting_consulting_activity_medium_model,technology,35
consulting_consulting_activity_medium_model,financial,50
consulting_consulting_activity_medium_model,reputation,40
consulting_consulting_activity_large_model,competition,55
consulting_consulting_activity_large_model,regulatory,35
consulting_consulting_activity_large_model,demand,45
consulting_consulting_activity_large_model,location,50
consulting_consulting_activity_large_model,staff,40
consulting_consulting_activity_large_model,technology,30
consulting_consulting_activity_large_model,financial,45
consulting_consulting_activity_large_model,reputation,35
consulting_maintenance_activity_small_model,competition,65
consulting_maintenance_activity_small_model,regulatory,45
consulting_maintenance_activity_small_model,demand,55
consulting_maintenance_activity_small_model,location,60
consulting_maintenance_activity_small_model,staff,50
consulting_maintenance_activity_small_model,technology,40
consulting_maintenance_activity_small_model,financial,55
consulting_maintenance_activity_small_model,reputation,45
consulting_maintenance_activity_medium_model,competition,60
consulting_maintenance_activity_medium_model,regulatory,40
consulting_maintenance_activity_medium_model,demand,50
consulting_maintenance_activity_medium_model,location,55
consulting_maintenance_activity_medium_model,staff,45
consulting_maintenance_activity_medium_model,technology,35
consulting_maintenance_activity_medium_model,financial,50
consulting_maintenance_activity_medium_model,reputation,40
consulting_maintenance_activity_large_model,competition,55
consulting_maintenance_activity_large_model,regulatory,35
consulting_maintenance_activity_large_model,demand,45
consulting_maintenance_activity_large_model,location,50
consulting_maintenance_activity_large_model,staff,40
consulting_maintenance_activity_large_model,technology,30
consulting_maintenance_activity_large_model,financial,45
consulting_maintenance_activity_large_model,reputation,35
consulting_cleaning_activity_small_model,competition,65
consulting_cleaning_activity_small_model,regulatory,45
consulting_cleaning_activity_small_model,demand,55
consulting_cleaning_activity_small_model,location,60
consulting_cleaning_activity_small_model,staff,50
consulting_cleaning_activity_small_model,technology,40
consulting_cleaning_activity_small_model,financial,55
consulting_cleaning_activity_small_model,reputation,45
consulting_cleaning_activity_medium_model,competition,60
consulting_cleaning_activity_medium_model,regulatory,40
consulting_cleaning_activity_medium_model,demand,50
consulting_cleaning_activity_medium_model,location,55
consulting_cleaning_activity_medium_model,staff,45
consulting_cleaning_activity_medium_model,technology,35
consulting_cleaning_activity_medium_model,financial,50
consulting_cleaning_activity_medium_model,reputation,40
consulting_cleaning_activity_large_model,competition,55
consulting_cleaning_activity_large_model,regulatory,35
consulting_cleaning_activity_large_model,demand,45
consulting_cleaning_activity_large_model,location,50
consulting_cleaning_activity_large_model,staff,40
consulting_cleaning_activity_large_model,technology,30
consulting_cleaning_activity_large_model,financial,45
consulting_cleaning_activity_large_model,reputation,35
consulting_security_activity_small_model,competition,65
consulting_security_activity_small_model,regulatory,45
consulting_security_activity_small_model,demand,55
consulting_security_activity_small_model,location,60
consulting_security_activity_small_model,staff,50
consulting_security_activity_small_model,technology,40
consulting_security_activity_small_model,financial,55
consulting_security_activity_small_model,reputation,45
consulting_security_activity_medium_model,competition,60
consulting_security_activity_medium_model,regulatory,40
consulting_security_activity_medium_model,demand,50
consulting_security_activity_medium_model,location,55
consulting_security_activity_medium_model,staff,45
consulting_security_activity_medium_model,technology,35
consulting_security_activity_medium_model,financial,50
consulting_security_activity_medium_model,reputation,40
consulting_security_activity_large_model,competition,55
consulting_security_activity_large_model,regulatory,35
consulting_security_activity_large_model,demand,45
consulting_security_activity_large_model,location,50
consulting_security_activity_large_model,staff,40
consulting_security_activity_large_model,technology,30
consulting_security_activity_large_model,financial,45
consulting_security_activity_large_model,reputation,35
commercial_brokerage_consulting_activity_small_model,competition,65
commercial_brokerage_consulting_activity_small_model,regulatory,45
commercial_brokerage_consulting_activity_small_model,demand,55
commercial_brokerage_consulting_activity_small_model,location,60
commercial_brokerage_consulting_activity_small_model,staff,50
commercial_brokerage_consulting_activity_small_model,technology,40
commercial_brokerage_consulting_activity_small_model,financial,55
commercial_brokerage_consulting_activity_small_model,reputation,45
commercial_brokerage_consulting_activity_medium_model,competition,60
commercial_brokerage_consulting_activity_medium_model,regulatory,40
commercial_brokerage_consulting_activity_medium_model,demand,50
commercial_brokerage_consulting_activity_medium_model,location,55
commercial_brokerage_consulting_activity_medium_model,staff,45
commercial_brokerage_consulting_activity_medium_model,technology,35
commercial_brokerage_consulting_activity_medium_model,financial,50
commercial_brokerage_consulting_activity_medium_model,reputation,40
commercial_brokerage_consulting_activity_large_model,competition,55
commercial_brokerage_consulting_activity_large_model,regulatory,35
commercial_brokerage_consulting_activity_large_model,demand,45
commercial_brokerage_consulting_activity_large_model,location,50
commercial_brokerage_consulting_activity_large_model,staff,40
commercial_brokerage_consulting_activity_large_model,technology,30
commercial_brokerage_consulting_activity_large_model,financial,45
commercial_brokerage_consulting_activity_large_model,reputation,35
commercial_brokerage_maintenance_activity_small_model,competition,65
commercial_brokerage_maintenance_activity_small_model,regulatory,45
commercial_brokerage_maintenance_activity_small_model,demand,55
commercial_brokerage_maintenance_activity_small_model,location,60
commercial_brokerage_maintenance_activity_small_model,staff,50
commercial_brokerage_maintenance_activity_small_model,technology,40
commercial_brokerage_maintenance_activity_small_model,financial,55
commercial_brokerage_maintenance_activity_small_model,reputation,45
commercial_brokerage_maintenance_activity_medium_model,competition,60
commercial_brokerage_maintenance_activity_medium_model,regulatory,40
commercial_brokerage_maintenance_activity_medium_model,demand,50
commercial_brokerage_maintenance_activity_medium_model,location,55
commercial_brokerage_maintenance_activity_medium_model,staff,45
commercial_brokerage_maintenance_activity_medium_model,technology,35
commercial_brokerage_maintenance_activity_medium_model,financial,50
commercial_brokerage_maintenance_activity_medium_model,reputation,40
commercial_brokerage_maintenance_activity_large_model,competition,55
commercial_brokerage_maintenance_activity_large_model,regulatory,35
commercial_brokerage_maintenance_activity_large_model,demand,45
commercial_brokerage_maintenance_activity_large_model,location,50
commercial_brokerage_maintenance_activity_large_model,staff,40
commercial_brokerage_maintenance_activity_large_model,technology,30
commercial_brokerage_maintenance_activity_large_model,financial,45
commercial_brokerage_maintenance_activity_large_model,reputation,35
commercial_brokerage_cleaning_activity_small_model,competition,65
commercial_brokerage_cleaning_activity_small_model,regulatory,45
commercial_brokerage_cleaning_activity_small_model,demand,55
commercial_brokerage_cleaning_activity_small_model,location,60
commercial_brokerage_cleaning_activity_small_model,staff,50
commercial_brokerage_cleaning_activity_small_model,technology,40
commercial_brokerage_cleaning_activity_small_model,financial,55
commercial_brokerage_cleaning_activity_small_model,reputation,45
commercial_brokerage_cleaning_activity_medium_model,competition,60
commercial_brokerage_cleaning_activity_medium_model,regulatory,40
commercial_brokerage_cleaning_activity_medium_model,demand,50
commercial_brokerage_cleaning_activity_medium_model,location,55
commercial_brokerage_cleaning_activity_medium_model,staff,45
commercial_brokerage_cleaning_activity_medium_model,technology,35
commercial_brokerage_cleaning_activity_medium_model,financial,50
commercial_brokerage_cleaning_activity_medium_model,reputation,40
commercial_brokerage_cleaning_activity_large_model,competition,55
commercial_brokerage_cleaning_activity_large_model,regulatory,35
commercial_brokerage_cleaning_activity_large_model,demand,45
commercial_brokerage_cleaning_activity_large_model,location,50
commercial_brokerage_cleaning_activity_large_model,staff,40
commercial_brokerage_cleaning_activity_large_model,technology,30
commercial_brokerage_cleaning_activity_large_model,financial,45
commercial_brokerage_cleaning_activity_large_model,reputation,35
commercial_brokerage_security_activity_small_model,competition,65
commercial_brokerage_security_activity_small_model,regulatory,45
commercial_brokerage_security_activity_small_model,demand,55
commercial_brokerage_security_activity_small_model,location,60
commercial_brokerage_security_activity_small_model,staff,50
commercial_brokerage_security_activity_small_model,technology,40
commercial_brokerage_security_activity_small_model,financial,55
commercial_brokerage_security_activity_small_model,reputation,45
commercial_brokerage_security_activity_medium_model,competition,60
commercial_brokerage_security_activity_medium_model,regulatory,40
commercial_brokerage_security_activity_medium_model,demand,50
commercial_brokerage_security_activity_medium_model,location,55
commercial_brokerage_security_activity_medium_model,staff,45
commercial_brokerage_security_activity_medium_model,technology,35
commercial_brokerage_security_activity_medium_model,financial,50
commercial_brokerage_security_activity_medium_model,reputation,40
commercial_brokerage_security_activity_large_model,competition,55
commercial_brokerage_security_activity_large_model,regulatory,35
commercial_brokerage_security_activity_large_model,demand,45
commercial_brokerage_security_activity_large_model,location,50
commercial_brokerage_security_activity_large_model,staff,40
commercial_brokerage_security_activity_large_model,technology,30
commercial_brokerage_security_activity_large_model,financial,45
commercial_brokerage_security_activity_large_model,reputation,35
insurance_agent_banking_activity_small_model,competition,100
insurance_agent_banking_activity_small_model,regulatory,75
insurance_agent_banking_activity_small_model,demand,55
insurance_agent_banking_activity_small_model,location,60
insurance_agent_banking_activity_small_model,staff,50
insurance_agent_banking_activity_small_model,technology,40
insurance_agent_banking_activity_small_model,financial,100
insurance_agent_banking_activity_small_model,reputation,45
insurance_agent_banking_activity_medium_model,competition,100
insurance_agent_banking_activity_medium_model,regulatory,70
insurance_agent_banking_activity_medium_model,demand,50
insurance_agent_banking_activity_medium_model,location,55
insurance_agent_banking_activity_medium_model,staff,45
insurance_agent_banking_activity_medium_model,technology,35
insurance_agent_banking_activity_medium_model,financial,100
insurance_agent_banking_activity_medium_model,reputation,40
insurance_agent_banking_activity_large_model,competition,100
insurance_agent_banking_activity_large_model,regulatory,65
insurance_agent_banking_activity_large_model,demand,45
insurance_agent_banking_activity_large_model,location,50
insurance_agent_banking_activity_large_model,staff,40
insurance_agent_banking_activity_large_model,technology,30
insurance_agent_banking_activity_large_model,financial,100
insurance_agent_banking_activity_large_model,reputation,35
insurance_agent_insurance_activity_small_model,competition,100
insurance_agent_insurance_activity_small_model,regulatory,75
insurance_agent_insurance_activity_small_model,demand,55
insurance_agent_insurance_activity_small_model,location,60
insurance_agent_insurance_activity_small_model,staff,50
insurance_agent_insurance_activity_small_model,technology,40
insurance_agent_insurance_activity_small_model,financial,100
insurance_agent_insurance_activity_small_model,reputation,45
insurance_agent_insurance_activity_medium_model,competition,100
insurance_agent_insurance_activity_medium_model,regulatory,70
insurance_agent_insurance_activity_medium_model,demand,50
insurance_agent_insurance_activity_medium_model,location,55
insurance_agent_insurance_activity_medium_model,staff,45
insurance_agent_insurance_activity_medium_model,technology,35
insurance_agent_insurance_activity_medium_model,financial,100
insurance_agent_insurance_activity_medium_model,reputation,40
insurance_agent_insurance_activity_large_model,competition,100
insurance_agent_insurance_activity_large_model,regulatory,65
insurance_agent_insurance_activity_large_model,demand,45
insurance_agent_insurance_activity_large_model,location,50
insurance_agent_insurance_activity_large_model,staff,40
insurance_agent_insurance_activity_large_model,technology,30
insurance_agent_insurance_activity_large_model,financial,100
insurance_agent_insurance_activity_large_model,reputation,35
insurance_agent_fintech_activity_small_model,competition,100
insurance_agent_fintech_activity_small_model,regulatory,75
insurance_agent_fintech_activity_small_model,demand,55
insurance_agent_fintech_activity_small_model,location,60
insurance_agent_fintech_activity_small_model,staff,50
insurance_agent_fintech_activity_small_model,technology,40
insurance_agent_fintech_activity_small_model,financial,100
insurance_agent_fintech_activity_small_model,reputation,45
insurance_agent_fintech_activity_medium_model,competition,100
insurance_agent_fintech_activity_medium_model,regulatory,70
insurance_agent_fintech_activity_medium_model,demand,50
insurance_agent_fintech_activity_medium_model,location,55
insurance_agent_fintech_activity_medium_model,staff,45
insurance_agent_fintech_activity_medium_model,technology,35
insurance_agent_fintech_activity_medium_model,financial,100
insurance_agent_fintech_activity_medium_model,reputation,40
insurance_agent_fintech_activity_large_model,competition,100
insurance_agent_fintech_activity_large_model,regulatory,65
insurance_agent_fintech_activity_large_model,demand,45
insurance_agent_fintech_activity_large_model,location,50
insurance_agent_fintech_activity_large_model,staff,40
insurance_agent_fintech_activity_large_model,technology,30
insurance_agent_fintech_activity_large_model,financial,100
insurance_agent_fintech_activity_large_model,reputation,35
insurance_agent_investment_activity_small_model,competition,100
insurance_agent_investment_activity_small_model,regulatory,75
insurance_agent_investment_activity_small_model,demand,55
insurance_agent_investment_activity_small_model,location,60
insurance_agent_investment_activity_small_model,staff,50
insurance_agent_investment_activity_small_model,technology,40
insurance_agent_investment_activity_small_model,financial,100
insurance_agent_investment_activity_small_model,reputation,45
insurance_agent_investment_activity_medium_model,competition,100
insurance_agent_investment_activity_medium_model,regulatory,70
insurance_agent_investment_activity_medium_model,demand,50
insurance_agent_investment_activity_medium_model,location,55
insurance_agent_investment_activity_medium_model,staff,45
insurance_agent_investment_activity_medium_model,technology,35
insurance_agent_investment_activity_medium_model,financial,100
insurance_agent_investment_activity_medium_model,reputation,40
insurance_agent_investment_activity_large_model,competition,100
insurance_agent_investment_activity_large_model,regulatory,65
insurance_agent_investment_activity_large_model,demand,45
insurance_agent_investment_activity_large_model,location,50
insurance_agent_investment_activity_large_model,staff,40
insurance_agent_investment_activity_large_model,technology,30
insurance_agent_investment_activity_large_model,financial,100
insurance_agent_investment_activity_large_model,reputation,35
insurance_broker_banking_activity_small_model,competition,100
insurance_broker_banking_activity_small_model,regulatory,75
insurance_broker_banking_activity_small_model,demand,55
insurance_broker_banking_activity_small_model,location,60
insurance_broker_banking_activity_small_model,staff,50
insurance_broker_banking_activity_small_model,technology,40
insurance_broker_banking_activity_small_model,financial,100
insurance_broker_banking_activity_small_model,reputation,45
insurance_broker_banking_activity_medium_model,competition,100
insurance_broker_banking_activity_medium_model,regulatory,70
insurance_broker_banking_activity_medium_model,demand,50
insurance_broker_banking_activity_medium_model,location,55
insurance_broker_banking_activity_medium_model,staff,45
insurance_broker_banking_activity_medium_model,technology,35
insurance_broker_banking_activity_medium_model,financial,100
insurance_broker_banking_activity_medium_model,reputation,40
insurance_broker_banking_activity_large_model,competition,100
insurance_broker_banking_activity_large_model,regulatory,65
insurance_broker_banking_activity_large_model,demand,45
insurance_broker_banking_activity_large_model,location,50
insurance_broker_banking_activity_large_model,staff,40
insurance_broker_banking_activity_large_model,technology,30
insurance_broker_banking_activity_large_model,financial,100
insurance_broker_banking_activity_large_model,reputation,35
insurance_broker_insurance_activity_small_model,competition,100
insurance_broker_insurance_activity_small_model,regulatory,75
insurance_broker_insurance_activity_small_model,demand,55
insurance_broker_insurance_activity_small_model,location,60
insurance_broker_insurance_activity_small_model,staff,50
insurance_broker_insurance_activity_small_model,technology,40
insurance_broker_insurance_activity_small_model,financial,100
insurance_broker_insurance_activity_small_model,reputation,45
insurance_broker_insurance_activity_medium_model,competition,100
insurance_broker_insurance_activity_medium_model,regulatory,70
insurance_broker_insurance_activity_medium_model,demand,50
insurance_broker_insurance_activity_medium_model,location,55
insurance_broker_insurance_activity_medium_model,staff,45
insurance_broker_insurance_activity_medium_model,technology,35
insurance_broker_insurance_activity_medium_model,financial,100
insurance_broker_insurance_activity_medium_model,reputation,40
insurance_broker_insurance_activity_large_model,competition,100
insurance_broker_insurance_activity_large_model,regulatory,65
insurance_broker_insurance_activity_large_model,demand,45
insurance_broker_insurance_activity_large_model,location,50
insurance_broker_insurance_activity_large_model,staff,40
insurance_broker_insurance_activity_large_model,technology,30
insurance_broker_insurance_activity_large_model,financial,100
insurance_broker_insurance_activity_large_model,reputation,35
insurance_broker_fintech_activity_small_model,competition,100
insurance_broker_fintech_activity_small_model,regulatory,75
insurance_broker_fintech_activity_small_model,demand,55
insurance_broker_fintech_activity_small_model,location,60
insurance_broker_fintech_activity_small_model,staff,50
insurance_broker_fintech_activity_small_model,technology,40
insurance_broker_fintech_activity_small_model,financial,100
insurance_broker_fintech_activity_small_model,reputation,45
insurance_broker_fintech_activity_medium_model,competition,100
insurance_broker_fintech_activity_medium_model,regulatory,70
insurance_broker_fintech_activity_medium_model,demand,50
insurance_broker_fintech_activity_medium_model,location,55
insurance_broker_fintech_activity_medium_model,staff,45
insurance_broker_fintech_activity_medium_model,technology,35
insurance_broker_fintech_activity_medium_model,financial,100
insurance_broker_fintech_activity_medium_model,reputation,40
insurance_broker_fintech_activity_large_model,competition,100
insurance_broker_fintech_activity_large_model,regulatory,65
insurance_broker_fintech_activity_large_model,demand,45
insurance_broker_fintech_activity_large_model,location,50
insurance_broker_fintech_activity_large_model,staff,40
insurance_broker_fintech_activity_large_model,technology,30
insurance_broker_fintech_activity_large_model,financial,100
insurance_broker_fintech_activity_large_model,reputation,35
insurance_broker_investment_activity_small_model,competition,100
insurance_broker_investment_activity_small_model,regulatory,75
insurance_broker_investment_activity_small_model,demand,55
insurance_broker_investment_activity_small_model,location,60
insurance_broker_investment_activity_small_model,staff,50
insurance_broker_investment_activity_small_model,technology,40
insurance_broker_investment_activity_small_model,financial,100
insurance_broker_investment_activity_small_model,reputation,45
insurance_broker_investment_activity_medium_model,competition,100
insurance_broker_investment_activity_medium_model,regulatory,70
insurance_broker_investment_activity_medium_model,demand,50
insurance_broker_investment_activity_medium_model,location,55
insurance_broker_investment_activity_medium_model,staff,45
insurance_broker_investment_activity_medium_model,technology,35
insurance_broker_investment_activity_medium_model,financial,100
insurance_broker_investment_activity_medium_model,reputation,40
insurance_broker_investment_activity_large_model,competition,100
insurance_broker_investment_activity_large_model,regulatory,65
insurance_broker_investment_activity_large_model,demand,45
insurance_broker_investment_activity_large_model,location,50
insurance_broker_investment_activity_large_model,staff,40
insurance_broker_investment_activity_large_model,technology,30
insurance_broker_investment_activity_large_model,financial,100
insurance_broker_investment_activity_large_model,reputation,35
human_resources_consulting_activity_small_model,competition,65
human_resources_consulting_activity_small_model,regulatory,45
human_resources_consulting_activity_small_model,demand,55
human_resources_consulting_activity_small_model,location,60
human_resources_consulting_activity_small_model,staff,50
human_resources_consulting_activity_small_model,technology,40
human_resources_consulting_activity_small_model,financial,55
human_resources_consulting_activity_small_model,reputation,45
human_resources_consulting_activity_medium_model,competition,60
human_resources_consulting_activity_medium_model,regulatory,40
human_resources_consulting_activity_medium_model,demand,50
human_resources_consulting_activity_medium_model,location,55
human_resources_consulting_activity_medium_model,staff,45
human_resources_consulting_activity_medium_model,technology,35
human_resources_consulting_activity_medium_model,financial,50
human_resources_consulting_activity_medium_model,reputation,40
human_resources_consulting_activity_large_model,competition,55
human_resources_consulting_activity_large_model,regulatory,35
human_resources_consulting_activity_large_model,demand,45
human_resources_consulting_activity_large_model,location,50
human_resources_consulting_activity_large_model,staff,40
human_resources_consulting_activity_large_model,technology,30
human_resources_consulting_activity_large_model,financial,45
human_resources_consulting_activity_large_model,reputation,35
human_resources_maintenance_activity_small_model,competition,65
human_resources_maintenance_activity_small_model,regulatory,45
human_resources_maintenance_activity_small_model,demand,55
human_resources_maintenance_activity_small_model,location,60
human_resources_maintenance_activity_small_model,staff,50
human_resources_maintenance_activity_small_model,technology,40
human_resources_maintenance_activity_small_model,financial,55
human_resources_maintenance_activity_small_model,reputation,45
human_resources_maintenance_activity_medium_model,competition,60
human_resources_maintenance_activity_medium_model,regulatory,40
human_resources_maintenance_activity_medium_model,demand,50
human_resources_maintenance_activity_medium_model,location,55
human_resources_maintenance_activity_medium_model,staff,45
human_resources_maintenance_activity_medium_model,technology,35
human_resources_maintenance_activity_medium_model,financial,50
human_resources_maintenance_activity_medium_model,reputation,40
human_resources_maintenance_activity_large_model,competition,55
human_resources_maintenance_activity_large_model,regulatory,35
human_resources_maintenance_activity_large_model,demand,45
human_resources_maintenance_activity_large_model,location,50
human_resources_maintenance_activity_large_model,staff,40
human_resources_maintenance_activity_large_model,technology,30
human_resources_maintenance_activity_large_model,financial,45
human_resources_maintenance_activity_large_model,reputation,35
human_resources_cleaning_activity_small_model,competition,65
human_resources_cleaning_activity_small_model,regulatory,45
human_resources_cleaning_activity_small_model,demand,55
human_resources_cleaning_activity_small_model,location,60
human_resources_cleaning_activity_small_model,staff,50
human_resources_cleaning_activity_small_model,technology,40
human_resources_cleaning_activity_small_model,financial,55
human_resources_cleaning_activity_small_model,reputation,45
human_resources_cleaning_activity_medium_model,competition,60
human_resources_cleaning_activity_medium_model,regulatory,40
human_resources_cleaning_activity_medium_model,demand,50
human_resources_cleaning_activity_medium_model,location,55
human_resources_cleaning_activity_medium_model,staff,45
human_resources_cleaning_activity_medium_model,technology,35
human_resources_cleaning_activity_medium_model,financial,50
human_resources_cleaning_activity_medium_model,reputation,40
human_resources_cleaning_activity_large_model,competition,55
human_resources_cleaning_activity_large_model,regulatory,35
human_resources_cleaning_activity_large_model,demand,45
human_resources_cleaning_activity_large_model,location,50
human_resources_cleaning_activity_large_model,staff,40
human_resources_cleaning_activity_large_model,technology,30
human_resources_cleaning_activity_large_model,financial,45
human_resources_cleaning_activity_large_model,reputation,35
human_resources_security_activity_small_model,competition,65
human_resources_security_activity_small_model,regulatory,45
human_resources_security_activity_small_model,demand,55
human_resources_security_activity_small_model,location,60
human_resources_security_activity_small_model,staff,50
human_resources_security_activity_small_model,technology,40
human_resources_security_activity_small_model,financial,55
human_resources_security_activity_small_model,reputation,45
human_resources_security_activity_medium_model,competition,60
human_resources_security_activity_medium_model,regulatory,40
human_resources_security_activity_medium_model,demand,50
human_resources_security_activity_medium_model,location,55
human_resources_security_activity_medium_model,staff,45
human_resources_security_activity_medium_model,technology,35
human_resources_security_activity_medium_model,financial,50
human_resources_security_activity_medium_model,reputation,40
human_resources_security_activity_large_model,competition,55
human_resources_security_activity_large_model,regulatory,35
human_resources_security_activity_large_model,demand,45
human_resources_security_activity_large_model,location,50
human_resources_security_activity_large_model,staff,40
human_resources_security_activity_large_model,technology,30
human_resources_security_activity_large_model,financial,45
human_resources_security_activity_large_model,reputation,35
energy_renewable_activity_small_model,competition,65
energy_renewable_activity_small_model,regulatory,75
energy_renewable_activity_small_model,demand,55
energy_renewable_activity_small_model,location,60
energy_renewable_activity_small_model,staff,50
energy_renewable_activity_small_model,technology,95
energy_renewable_activity_small_model,financial,100
energy_renewable_activity_small_model,reputation,45
energy_renewable_activity_medium_model,competition,60
energy_renewable_activity_medium_model,regulatory,70
energy_renewable_activity_medium_model,demand,50
energy_renewable_activity_medium_model,location,55
energy_renewable_activity_medium_model,staff,45
energy_renewable_activity_medium_model,technology,90
energy_renewable_activity_medium_model,financial,100
energy_renewable_activity_medium_model,reputation,40
energy_renewable_activity_large_model,competition,55
energy_renewable_activity_large_model,regulatory,65
energy_renewable_activity_large_model,demand,45
energy_renewable_activity_large_model,location,50
energy_renewable_activity_large_model,staff,40
energy_renewable_activity_large_model,technology,85
energy_renewable_activity_large_model,financial,100
energy_renewable_activity_large_model,reputation,35
energy_oil_gas_activity_small_model,competition,65
energy_oil_gas_activity_small_model,regulatory,75
energy_oil_gas_activity_small_model,demand,55
energy_oil_gas_activity_small_model,location,60
energy_oil_gas_activity_small_model,staff,50
energy_oil_gas_activity_small_model,technology,95
energy_oil_gas_activity_small_model,financial,100
energy_oil_gas_activity_small_model,reputation,45
energy_oil_gas_activity_medium_model,competition,60
energy_oil_gas_activity_medium_model,regulatory,70
energy_oil_gas_activity_medium_model,demand,50
energy_oil_gas_activity_medium_model,location,55
energy_oil_gas_activity_medium_model,staff,45
energy_oil_gas_activity_medium_model,technology,90
energy_oil_gas_activity_medium_model,financial,100
energy_oil_gas_activity_medium_model,reputation,40
energy_oil_gas_activity_large_model,competition,55
energy_oil_gas_activity_large_model,regulatory,65
energy_oil_gas_activity_large_model,demand,45
energy_oil_gas_activity_large_model,location,50
energy_oil_gas_activity_large_model,staff,40
energy_oil_gas_activity_large_model,technology,85
energy_oil_gas_activity_large_model,financial,100
energy_oil_gas_activity_large_model,reputation,35
energy_utilities_activity_small_model,competition,65
energy_utilities_activity_small_model,regulatory,75
energy_utilities_activity_small_model,demand,55
energy_utilities_activity_small_model,location,60
energy_utilities_activity_small_model,staff,50
energy_utilities_activity_small_model,technology,95
energy_utilities_activity_small_model,financial,100
energy_utilities_activity_small_model,reputation,45
energy_utilities_activity_medium_model,competition,60
energy_utilities_activity_medium_model,regulatory,70
energy_utilities_activity_medium_model,demand,50
energy_utilities_activity_medium_model,location,55
energy_utilities_activity_medium_model,staff,45
energy_utilities_activity_medium_model,technology,90
energy_utilities_activity_medium_model,financial,100
energy_utilities_activity_medium_model,reputation,40
energy_utilities_activity_large_model,competition,55
energy_utilities_activity_large_model,regulatory,65
energy_utilities_activity_large_model,demand,45
energy_utilities_activity_large_model,location,50
energy_utilities_activity_large_model,staff,40
energy_utilities_activity_large_model,technology,85
energy_utilities_activity_large_model,financial,100
energy_utilities_activity_large_model,reputation,35
energy_efficiency_activity_small_model,competition,65
energy_efficiency_activity_small_model,regulatory,75
energy_efficiency_activity_small_model,demand,55
energy_efficiency_activity_small_model,location,60
energy_efficiency_activity_small_model,staff,50
energy_efficiency_activity_small_model,technology,95
energy_efficiency_activity_small_model,financial,100
energy_efficiency_activity_small_model,reputation,45
energy_efficiency_activity_medium_model,competition,60
energy_efficiency_activity_medium_model,regulatory,70
energy_efficiency_activity_medium_model,demand,50
energy_efficiency_activity_medium_model,location,55
energy_efficiency_activity_medium_model,staff,45
energy_efficiency_activity_medium_model,technology,90
energy_efficiency_activity_medium_model,financial,100
energy_efficiency_activity_medium_model,reputation,40
energy_efficiency_activity_large_model,competition,55
energy_efficiency_activity_large_model,regulatory,65
energy_efficiency_activity_large_model,demand,45
energy_efficiency_activity_large_model,location,50
energy_efficiency_activity_large_model,staff,40
energy_efficiency_activity_large_model,technology,85
energy_efficiency_activity_large_model,financial,100
energy_efficiency_activity_large_model,reputation,35
automotive_consulting_activity_small_model,competition,65
automotive_consulting_activity_small_model,regulatory,45
automotive_consulting_activity_small_model,demand,55
automotive_consulting_activity_small_model,location,60
automotive_consulting_activity_small_model,staff,50
automotive_consulting_activity_small_model,technology,40
automotive_consulting_activity_small_model,financial,55
automotive_consulting_activity_small_model,reputation,45
automotive_consulting_activity_medium_model,competition,60
automotive_consulting_activity_medium_model,regulatory,40
automotive_consulting_activity_medium_model,demand,50
automotive_consulting_activity_medium_model,location,55
automotive_consulting_activity_medium_model,staff,45
automotive_consulting_activity_medium_model,technology,35
automotive_consulting_activity_medium_model,financial,50
automotive_consulting_activity_medium_model,reputation,40
automotive_consulting_activity_large_model,competition,55
automotive_consulting_activity_large_model,regulatory,35
automotive_consulting_activity_large_model,demand,45
automotive_consulting_activity_large_model,location,50
automotive_consulting_activity_large_model,staff,40
automotive_consulting_activity_large_model,technology,30
automotive_consulting_activity_large_model,financial,45
automotive_consulting_activity_large_model,reputation,35
automotive_maintenance_activity_small_model,competition,65
automotive_maintenance_activity_small_model,regulatory,45
automotive_maintenance_activity_small_model,demand,55
automotive_maintenance_activity_small_model,location,60
automotive_maintenance_activity_small_model,staff,50
automotive_maintenance_activity_small_model,technology,40
automotive_maintenance_activity_small_model,financial,55
automotive_maintenance_activity_small_model,reputation,45
automotive_maintenance_activity_medium_model,competition,60
automotive_maintenance_activity_medium_model,regulatory,40
automotive_maintenance_activity_medium_model,demand,50
automotive_maintenance_activity_medium_model,location,55
automotive_maintenance_activity_medium_model,staff,45
automotive_maintenance_activity_medium_model,technology,35
automotive_maintenance_activity_medium_model,financial,50
automotive_maintenance_activity_medium_model,reputation,40
automotive_maintenance_activity_large_model,competition,55
automotive_maintenance_activity_large_model,regulatory,35
automotive_maintenance_activity_large_model,demand,45
automotive_maintenance_activity_large_model,location,50
automotive_maintenance_activity_large_model,staff,40
automotive_maintenance_activity_large_model,technology,30
automotive_maintenance_activity_large_model,financial,45
automotive_maintenance_activity_large_model,reputation,35
automotive_cleaning_activity_small_model,competition,65
automotive_cleaning_activity_small_model,regulatory,45
automotive_cleaning_activity_small_model,demand,55
automotive_cleaning_activity_small_model,location,60
automotive_cleaning_activity_small_model,staff,50
automotive_cleaning_activity_small_model,technology,40
automotive_cleaning_activity_small_model,financial,55
automotive_cleaning_activity_small_model,reputation,45
automotive_cleaning_activity_medium_model,competition,60
automotive_cleaning_activity_medium_model,regulatory,40
automotive_cleaning_activity_medium_model,demand,50
automotive_cleaning_activity_medium_model,location,55
automotive_cleaning_activity_medium_model,staff,45
automotive_cleaning_activity_medium_model,technology,35
automotive_cleaning_activity_medium_model,financial,50
automotive_cleaning_activity_medium_model,reputation,40
automotive_cleaning_activity_large_model,competition,55
automotive_cleaning_activity_large_model,regulatory,35
automotive_cleaning_activity_large_model,demand,45
automotive_cleaning_activity_large_model,location,50
automotive_cleaning_activity_large_model,staff,40
automotive_cleaning_activity_large_model,technology,30
automotive_cleaning_activity_large_model,financial,45
automotive_cleaning_activity_large_model,reputation,35
automotive_security_activity_small_model,competition,65
automotive_security_activity_small_model,regulatory,45
automotive_security_activity_small_model,demand,55
automotive_security_activity_small_model,location,60
automotive_security_activity_small_model,staff,50
automotive_security_activity_small_model,technology,40
automotive_security_activity_small_model,financial,55
automotive_security_activity_small_model,reputation,45
automotive_security_activity_medium_model,competition,60
automotive_security_activity_medium_model,regulatory,40
automotive_security_activity_medium_model,demand,50
automotive_security_activity_medium_model,location,55
automotive_security_activity_medium_model,staff,45
automotive_security_activity_medium_model,technology,35
automotive_security_activity_medium_model,financial,50
automotive_security_activity_medium_model,reputation,40
automotive_security_activity_large_model,competition,55
automotive_security_activity_large_model,regulatory,35
automotive_security_activity_large_model,demand,45
automotive_security_activity_large_model,location,50
automotive_security_activity_large_model,staff,40
automotive_security_activity_large_model,technology,30
automotive_security_activity_large_model,financial,45
automotive_security_activity_large_model,reputation,35
heavy_equipment_consulting_activity_small_model,competition,65
heavy_equipment_consulting_activity_small_model,regulatory,45
heavy_equipment_consulting_activity_small_model,demand,55
heavy_equipment_consulting_activity_small_model,location,60
heavy_equipment_consulting_activity_small_model,staff,50
heavy_equipment_consulting_activity_small_model,technology,40
heavy_equipment_consulting_activity_small_model,financial,55
heavy_equipment_consulting_activity_small_model,reputation,45
heavy_equipment_consulting_activity_medium_model,competition,60
heavy_equipment_consulting_activity_medium_model,regulatory,40
heavy_equipment_consulting_activity_medium_model,demand,50
heavy_equipment_consulting_activity_medium_model,location,55
heavy_equipment_consulting_activity_medium_model,staff,45
heavy_equipment_consulting_activity_medium_model,technology,35
heavy_equipment_consulting_activity_medium_model,financial,50
heavy_equipment_consulting_activity_medium_model,reputation,40
heavy_equipment_consulting_activity_large_model,competition,55
heavy_equipment_consulting_activity_large_model,regulatory,35
heavy_equipment_consulting_activity_large_model,demand,45
heavy_equipment_consulting_activity_large_model,location,50
heavy_equipment_consulting_activity_large_model,staff,40
heavy_equipment_consulting_activity_large_model,technology,30
heavy_equipment_consulting_activity_large_model,financial,45
heavy_equipment_consulting_activity_large_model,reputation,35
heavy_equipment_maintenance_activity_small_model,competition,65
heavy_equipment_maintenance_activity_small_model,regulatory,45
heavy_equipment_maintenance_activity_small_model,demand,55
heavy_equipment_maintenance_activity_small_model,location,60
heavy_equipment_maintenance_activity_small_model,staff,50
heavy_equipment_maintenance_activity_small_model,technology,40
heavy_equipment_maintenance_activity_small_model,financial,55
heavy_equipment_maintenance_activity_small_model,reputation,45
heavy_equipment_maintenance_activity_medium_model,competition,60
heavy_equipment_maintenance_activity_medium_model,regulatory,40
heavy_equipment_maintenance_activity_medium_model,demand,50
heavy_equipment_maintenance_activity_medium_model,location,55
heavy_equipment_maintenance_activity_medium_model,staff,45
heavy_equipment_maintenance_activity_medium_model,technology,35
heavy_equipment_maintenance_activity_medium_model,financial,50
heavy_equipment_maintenance_activity_medium_model,reputation,40
heavy_equipment_maintenance_activity_large_model,competition,55
heavy_equipment_maintenance_activity_large_model,regulatory,35
heavy_equipment_maintenance_activity_large_model,demand,45
heavy_equipment_maintenance_activity_large_model,location,50
heavy_equipment_maintenance_activity_large_model,staff,40
heavy_equipment_maintenance_activity_large_model,technology,30
heavy_equipment_maintenance_activity_large_model,financial,45
heavy_equipment_maintenance_activity_large_model,reputation,35
heavy_equipment_cleaning_activity_small_model,competition,65
heavy_equipment_cleaning_activity_small_model,regulatory,45
heavy_equipment_cleaning_activity_small_model,demand,55
heavy_equipment_cleaning_activity_small_model,location,60
heavy_equipment_cleaning_activity_small_model,staff,50
heavy_equipment_cleaning_activity_small_model,technology,40
heavy_equipment_cleaning_activity_small_model,financial,55
heavy_equipment_cleaning_activity_small_model,reputation,45
heavy_equipment_cleaning_activity_medium_model,competition,60
heavy_equipment_cleaning_activity_medium_model,regulatory,40
heavy_equipment_cleaning_activity_medium_model,demand,50
heavy_equipment_cleaning_activity_medium_model,location,55
heavy_equipment_cleaning_activity_medium_model,staff,45
heavy_equipment_cleaning_activity_medium_model,technology,35
heavy_equipment_cleaning_activity_medium_model,financial,50
heavy_equipment_cleaning_activity_medium_model,reputation,40
heavy_equipment_cleaning_activity_large_model,competition,55
heavy_equipment_cleaning_activity_large_model,regulatory,35
heavy_equipment_cleaning_activity_large_model,demand,45
heavy_equipment_cleaning_activity_large_model,location,50
heavy_equipment_cleaning_activity_large_model,staff,40
heavy_equipment_cleaning_activity_large_model,technology,30
heavy_equipment_cleaning_activity_large_model,financial,45
heavy_equipment_cleaning_activity_large_model,reputation,35
heavy_equipment_security_activity_small_model,competition,65
heavy_equipment_security_activity_small_model,regulatory,45
heavy_equipment_security_activity_small_model,demand,55
heavy_equipment_security_activity_small_model,location,60
heavy_equipment_security_activity_small_model,staff,50
heavy_equipment_security_activity_small_model,technology,40
heavy_equipment_security_activity_small_model,financial,55
heavy_equipment_security_activity_small_model,reputation,45
heavy_equipment_security_activity_medium_model,competition,60
heavy_equipment_security_activity_medium_model,regulatory,40
heavy_equipment_security_activity_medium_model,demand,50
heavy_equipment_security_activity_medium_model,location,55
heavy_equipment_security_activity_medium_model,staff,45
heavy_equipment_security_activity_medium_model,technology,35
heavy_equipment_security_activity_medium_model,financial,50
heavy_equipment_security_activity_medium_model,reputation,40
heavy_equipment_security_activity_large_model,competition,55
heavy_equipment_security_activity_large_model,regulatory,35
heavy_equipment_security_activity_large_model,demand,45
heavy_equipment_security_activity_large_model,location,50
heavy_equipment_security_activity_large_model,staff,40
heavy_equipment_security_activity_large_model,technology,30
heavy_equipment_security_activity_large_model,financial,45
heavy_equipment_security_activity_large_model,reputation,35
furniture_software_activity_small_model,competition,100
furniture_software_activity_small_model,regulatory,45
furniture_software_activity_small_model,demand,55
furniture_software_activity_small_model,location,60
furniture_software_activity_small_model,staff,50
furniture_software_activity_small_model,technology,100
furniture_software_activity_small_model,financial,100
furniture_software_activity_small_model,reputation,45
furniture_software_activity_medium_model,competition,100
furniture_software_activity_medium_model,regulatory,40
furniture_software_activity_medium_model,demand,50
furniture_software_activity_medium_model,location,55
furniture_software_activity_medium_model,staff,45
furniture_software_activity_medium_model,technology,95
furniture_software_activity_medium_model,financial,95
furniture_software_activity_medium_model,reputation,40
furniture_software_activity_large_model,competition,100
furniture_software_activity_large_model,regulatory,35
furniture_software_activity_large_model,demand,45
furniture_software_activity_large_model,location,50
furniture_software_activity_large_model,staff,40
furniture_software_activity_large_model,technology,90
furniture_software_activity_large_model,financial,90
furniture_software_activity_large_model,reputation,35
furniture_hardware_activity_small_model,competition,100
furniture_hardware_activity_small_model,regulatory,45
furniture_hardware_activity_small_model,demand,55
furniture_hardware_activity_small_model,location,60
furniture_hardware_activity_small_model,staff,50
furniture_hardware_activity_small_model,technology,100
furniture_hardware_activity_small_model,financial,100
furniture_hardware_activity_small_model,reputation,45
furniture_hardware_activity_medium_model,competition,100
furniture_hardware_activity_medium_model,regulatory,40
furniture_hardware_activity_medium_model,demand,50
furniture_hardware_activity_medium_model,location,55
furniture_hardware_activity_medium_model,staff,45
furniture_hardware_activity_medium_model,technology,95
furniture_hardware_activity_medium_model,financial,95
furniture_hardware_activity_medium_model,reputation,40
furniture_hardware_activity_large_model,competition,100
furniture_hardware_activity_large_model,regulatory,35
furniture_hardware_activity_large_model,demand,45
furniture_hardware_activity_large_model,location,50
furniture_hardware_activity_large_model,staff,40
furniture_hardware_activity_large_model,technology,90
furniture_hardware_activity_large_model,financial,90
furniture_hardware_activity_large_model,reputation,35
furniture_it_services_activity_small_model,competition,100
furniture_it_services_activity_small_model,regulatory,45
furniture_it_services_activity_small_model,demand,55
furniture_it_services_activity_small_model,location,60
furniture_it_services_activity_small_model,staff,50
furniture_it_services_activity_small_model,technology,100
furniture_it_services_activity_small_model,financial,100
furniture_it_services_activity_small_model,reputation,45
furniture_it_services_activity_medium_model,competition,100
furniture_it_services_activity_medium_model,regulatory,40
furniture_it_services_activity_medium_model,demand,50
furniture_it_services_activity_medium_model,location,55
furniture_it_services_activity_medium_model,staff,45
furniture_it_services_activity_medium_model,technology,95
furniture_it_services_activity_medium_model,financial,95
furniture_it_services_activity_medium_model,reputation,40
furniture_it_services_activity_large_model,competition,100
furniture_it_services_activity_large_model,regulatory,35
furniture_it_services_activity_large_model,demand,45
furniture_it_services_activity_large_model,location,50
furniture_it_services_activity_large_model,staff,40
furniture_it_services_activity_large_model,technology,90
furniture_it_services_activity_large_model,financial,90
furniture_it_services_activity_large_model,reputation,35
furniture_telecom_activity_small_model,competition,100
furniture_telecom_activity_small_model,regulatory,45
furniture_telecom_activity_small_model,demand,55
furniture_telecom_activity_small_model,location,60
furniture_telecom_activity_small_model,staff,50
furniture_telecom_activity_small_model,technology,100
furniture_telecom_activity_small_model,financial,100
furniture_telecom_activity_small_model,reputation,45
furniture_telecom_activity_medium_model,competition,100
furniture_telecom_activity_medium_model,regulatory,40
furniture_telecom_activity_medium_model,demand,50
furniture_telecom_activity_medium_model,location,55
furniture_telecom_activity_medium_model,staff,45
furniture_telecom_activity_medium_model,technology,95
furniture_telecom_activity_medium_model,financial,95
furniture_telecom_activity_medium_model,reputation,40
furniture_telecom_activity_large_model,competition,100
furniture_telecom_activity_large_model,regulatory,35
furniture_telecom_activity_large_model,demand,45
furniture_telecom_activity_large_model,location,50
furniture_telecom_activity_large_model,staff,40
furniture_telecom_activity_large_model,technology,90
furniture_telecom_activity_large_model,financial,90
furniture_telecom_activity_large_model,reputation,35
beauty_consulting_activity_small_model,competition,65
beauty_consulting_activity_small_model,regulatory,45
beauty_consulting_activity_small_model,demand,55
beauty_consulting_activity_small_model,location,60
beauty_consulting_activity_small_model,staff,50
beauty_consulting_activity_small_model,technology,40
beauty_consulting_activity_small_model,financial,55
beauty_consulting_activity_small_model,reputation,45
beauty_consulting_activity_medium_model,competition,60
beauty_consulting_activity_medium_model,regulatory,40
beauty_consulting_activity_medium_model,demand,50
beauty_consulting_activity_medium_model,location,55
beauty_consulting_activity_medium_model,staff,45
beauty_consulting_activity_medium_model,technology,35
beauty_consulting_activity_medium_model,financial,50
beauty_consulting_activity_medium_model,reputation,40
beauty_consulting_activity_large_model,competition,55
beauty_consulting_activity_large_model,regulatory,35
beauty_consulting_activity_large_model,demand,45
beauty_consulting_activity_large_model,location,50
beauty_consulting_activity_large_model,staff,40
beauty_consulting_activity_large_model,technology,30
beauty_consulting_activity_large_model,financial,45
beauty_consulting_activity_large_model,reputation,35
beauty_maintenance_activity_small_model,competition,65
beauty_maintenance_activity_small_model,regulatory,45
beauty_maintenance_activity_small_model,demand,55
beauty_maintenance_activity_small_model,location,60
beauty_maintenance_activity_small_model,staff,50
beauty_maintenance_activity_small_model,technology,40
beauty_maintenance_activity_small_model,financial,55
beauty_maintenance_activity_small_model,reputation,45
beauty_maintenance_activity_medium_model,competition,60
beauty_maintenance_activity_medium_model,regulatory,40
beauty_maintenance_activity_medium_model,demand,50
beauty_maintenance_activity_medium_model,location,55
beauty_maintenance_activity_medium_model,staff,45
beauty_maintenance_activity_medium_model,technology,35
beauty_maintenance_activity_medium_model,financial,50
beauty_maintenance_activity_medium_model,reputation,40
beauty_maintenance_activity_large_model,competition,55
beauty_maintenance_activity_large_model,regulatory,35
beauty_maintenance_activity_large_model,demand,45
beauty_maintenance_activity_large_model,location,50
beauty_maintenance_activity_large_model,staff,40
beauty_maintenance_activity_large_model,technology,30
beauty_maintenance_activity_large_model,financial,45
beauty_maintenance_activity_large_model,reputation,35
beauty_cleaning_activity_small_model,competition,65
beauty_cleaning_activity_small_model,regulatory,45
beauty_cleaning_activity_small_model,demand,55
beauty_cleaning_activity_small_model,location,60
beauty_cleaning_activity_small_model,staff,50
beauty_cleaning_activity_small_model,technology,40
beauty_cleaning_activity_small_model,financial,55
beauty_cleaning_activity_small_model,reputation,45
beauty_cleaning_activity_medium_model,competition,60
beauty_cleaning_activity_medium_model,regulatory,40
beauty_cleaning_activity_medium_model,demand,50
beauty_cleaning_activity_medium_model,location,55
beauty_cleaning_activity_medium_model,staff,45
beauty_cleaning_activity_medium_model,technology,35
beauty_cleaning_activity_medium_model,financial,50
beauty_cleaning_activity_medium_model,reputation,40
beauty_cleaning_activity_large_model,competition,55
beauty_cleaning_activity_large_model,regulatory,35
beauty_cleaning_activity_large_model,demand,45
beauty_cleaning_activity_large_model,location,50
beauty_cleaning_activity_large_model,staff,40
beauty_cleaning_activity_large_model,technology,30
beauty_cleaning_activity_large_model,financial,45
beauty_cleaning_activity_large_model,reputation,35
beauty_security_activity_small_model,competition,65
beauty_security_activity_small_model,regulatory,45
beauty_security_activity_small_model,demand,55
beauty_security_activity_small_model,location,60
beauty_security_activity_small_model,staff,50
beauty_security_activity_small_model,technology,40
beauty_security_activity_small_model,financial,55
beauty_security_activity_small_model,reputation,45
beauty_security_activity_medium_model,competition,60
beauty_security_activity_medium_model,regulatory,40
beauty_security_activity_medium_model,demand,50
beauty_security_activity_medium_model,location,55
beauty_security_activity_medium_model,staff,45
beauty_security_activity_medium_model,technology,35
beauty_security_activity_medium_model,financial,50
beauty_security_activity_medium_model,reputation,40
beauty_security_activity_large_model,competition,55
beauty_security_activity_large_model,regulatory,35
beauty_security_activity_large_model,demand,45
beauty_security_activity_large_model,location,50
beauty_security_activity_large_model,staff,40
beauty_security_activity_large_model,technology,30
beauty_security_activity_large_model,financial,45
beauty_security_activity_large_model,reputation,35
food_beverage_restaurants_activity_small_model,competition,65
food_beverage_restaurants_activity_small_model,regulatory,80
food_beverage_restaurants_activity_small_model,demand,100
food_beverage_restaurants_activity_small_model,location,60
food_beverage_restaurants_activity_small_model,staff,50
food_beverage_restaurants_activity_small_model,technology,40
food_beverage_restaurants_activity_small_model,financial,55
food_beverage_restaurants_activity_small_model,reputation,100
food_beverage_restaurants_activity_medium_model,competition,60
food_beverage_restaurants_activity_medium_model,regulatory,75
food_beverage_restaurants_activity_medium_model,demand,100
food_beverage_restaurants_activity_medium_model,location,55
food_beverage_restaurants_activity_medium_model,staff,45
food_beverage_restaurants_activity_medium_model,technology,35
food_beverage_restaurants_activity_medium_model,financial,50
food_beverage_restaurants_activity_medium_model,reputation,95
food_beverage_restaurants_activity_large_model,competition,55
food_beverage_restaurants_activity_large_model,regulatory,70
food_beverage_restaurants_activity_large_model,demand,100
food_beverage_restaurants_activity_large_model,location,50
food_beverage_restaurants_activity_large_model,staff,40
food_beverage_restaurants_activity_large_model,technology,30
food_beverage_restaurants_activity_large_model,financial,45
food_beverage_restaurants_activity_large_model,reputation,90
food_beverage_cafes_activity_small_model,competition,65
food_beverage_cafes_activity_small_model,regulatory,80
food_beverage_cafes_activity_small_model,demand,100
food_beverage_cafes_activity_small_model,location,60
food_beverage_cafes_activity_small_model,staff,50
food_beverage_cafes_activity_small_model,technology,40
food_beverage_cafes_activity_small_model,financial,55
food_beverage_cafes_activity_small_model,reputation,100
food_beverage_cafes_activity_medium_model,competition,60
food_beverage_cafes_activity_medium_model,regulatory,75
food_beverage_cafes_activity_medium_model,demand,100
food_beverage_cafes_activity_medium_model,location,55
food_beverage_cafes_activity_medium_model,staff,45
food_beverage_cafes_activity_medium_model,technology,35
food_beverage_cafes_activity_medium_model,financial,50
food_beverage_cafes_activity_medium_model,reputation,95
food_beverage_cafes_activity_large_model,competition,55
food_beverage_cafes_activity_large_model,regulatory,70
food_beverage_cafes_activity_large_model,demand,100
food_beverage_cafes_activity_large_model,location,50
food_beverage_cafes_activity_large_model,staff,40
food_beverage_cafes_activity_large_model,technology,30
food_beverage_cafes_activity_large_model,financial,45
food_beverage_cafes_activity_large_model,reputation,90
food_beverage_catering_activity_small_model,competition,65
food_beverage_catering_activity_small_model,regulatory,80
food_beverage_catering_activity_small_model,demand,100
food_beverage_catering_activity_small_model,location,60
food_beverage_catering_activity_small_model,staff,50
food_beverage_catering_activity_small_model,technology,40
food_beverage_catering_activity_small_model,financial,55
food_beverage_catering_activity_small_model,reputation,100
food_beverage_catering_activity_medium_model,competition,60
food_beverage_catering_activity_medium_model,regulatory,75
food_beverage_catering_activity_medium_model,demand,100
food_beverage_catering_activity_medium_model,location,55
food_beverage_catering_activity_medium_model,staff,45
food_beverage_catering_activity_medium_model,technology,35
food_beverage_catering_activity_medium_model,financial,50
food_beverage_catering_activity_medium_model,reputation,95
food_beverage_catering_activity_large_model,competition,55
food_beverage_catering_activity_large_model,regulatory,70
food_beverage_catering_activity_large_model,demand,100
food_beverage_catering_activity_large_model,location,50
food_beverage_catering_activity_large_model,staff,40
food_beverage_catering_activity_large_model,technology,30
food_beverage_catering_activity_large_model,financial,45
food_beverage_catering_activity_large_model,reputation,90
food_beverage_fast_food_activity_small_model,competition,65
food_beverage_fast_food_activity_small_model,regulatory,80
food_beverage_fast_food_activity_small_model,demand,100
food_beverage_fast_food_activity_small_model,location,60
food_beverage_fast_food_activity_small_model,staff,50
food_beverage_fast_food_activity_small_model,technology,40
food_beverage_fast_food_activity_small_model,financial,55
food_beverage_fast_food_activity_small_model,reputation,100
food_beverage_fast_food_activity_medium_model,competition,60
food_beverage_fast_food_activity_medium_model,regulatory,75
food_beverage_fast_food_activity_medium_model,demand,100
food_beverage_fast_food_activity_medium_model,location,55
food_beverage_fast_food_activity_medium_model,staff,45
food_beverage_fast_food_activity_medium_model,technology,35
food_beverage_fast_food_activity_medium_model,financial,50
food_beverage_fast_food_activity_medium_model,reputation,95
food_beverage_fast_food_activity_large_model,competition,55
food_beverage_fast_food_activity_large_model,regulatory,70
food_beverage_fast_food_activity_large_model,demand,100
food_beverage_fast_food_activity_large_model,location,50
food_beverage_fast_food_activity_large_model,staff,40
food_beverage_fast_food_activity_large_model,technology,30
food_beverage_fast_food_activity_large_model,financial,45
food_beverage_fast_food_activity_large_model,reputation,90
security_safety_software_activity_small_model,competition,100
security_safety_software_activity_small_model,regulatory,45
security_safety_software_activity_small_model,demand,55
security_safety_software_activity_small_model,location,60
security_safety_software_activity_small_model,staff,50
security_safety_software_activity_small_model,technology,100
security_safety_software_activity_small_model,financial,100
security_safety_software_activity_small_model,reputation,45
security_safety_software_activity_medium_model,competition,100
security_safety_software_activity_medium_model,regulatory,40
security_safety_software_activity_medium_model,demand,50
security_safety_software_activity_medium_model,location,55
security_safety_software_activity_medium_model,staff,45
security_safety_software_activity_medium_model,technology,95
security_safety_software_activity_medium_model,financial,95
security_safety_software_activity_medium_model,reputation,40
security_safety_software_activity_large_model,competition,100
security_safety_software_activity_large_model,regulatory,35
security_safety_software_activity_large_model,demand,45
security_safety_software_activity_large_model,location,50
security_safety_software_activity_large_model,staff,40
security_safety_software_activity_large_model,technology,90
security_safety_software_activity_large_model,financial,90
security_safety_software_activity_large_model,reputation,35
security_safety_hardware_activity_small_model,competition,100
security_safety_hardware_activity_small_model,regulatory,45
security_safety_hardware_activity_small_model,demand,55
security_safety_hardware_activity_small_model,location,60
security_safety_hardware_activity_small_model,staff,50
security_safety_hardware_activity_small_model,technology,100
security_safety_hardware_activity_small_model,financial,100
security_safety_hardware_activity_small_model,reputation,45
security_safety_hardware_activity_medium_model,competition,100
security_safety_hardware_activity_medium_model,regulatory,40
security_safety_hardware_activity_medium_model,demand,50
security_safety_hardware_activity_medium_model,location,55
security_safety_hardware_activity_medium_model,staff,45
security_safety_hardware_activity_medium_model,technology,95
security_safety_hardware_activity_medium_model,financial,95
security_safety_hardware_activity_medium_model,reputation,40
security_safety_hardware_activity_large_model,competition,100
security_safety_hardware_activity_large_model,regulatory,35
security_safety_hardware_activity_large_model,demand,45
security_safety_hardware_activity_large_model,location,50
security_safety_hardware_activity_large_model,staff,40
security_safety_hardware_activity_large_model,technology,90
security_safety_hardware_activity_large_model,financial,90
security_safety_hardware_activity_large_model,reputation,35
security_safety_it_services_activity_small_model,competition,100
security_safety_it_services_activity_small_model,regulatory,45
security_safety_it_services_activity_small_model,demand,55
security_safety_it_services_activity_small_model,location,60
security_safety_it_services_activity_small_model,staff,50
security_safety_it_services_activity_small_model,technology,100
security_safety_it_services_activity_small_model,financial,100
security_safety_it_services_activity_small_model,reputation,45
security_safety_it_services_activity_medium_model,competition,100
security_safety_it_services_activity_medium_model,regulatory,40
security_safety_it_services_activity_medium_model,demand,50
security_safety_it_services_activity_medium_model,location,55
security_safety_it_services_activity_medium_model,staff,45
security_safety_it_services_activity_medium_model,technology,95
security_safety_it_services_activity_medium_model,financial,95
security_safety_it_services_activity_medium_model,reputation,40
security_safety_it_services_activity_large_model,competition,100
security_safety_it_services_activity_large_model,regulatory,35
security_safety_it_services_activity_large_model,demand,45
security_safety_it_services_activity_large_model,location,50
security_safety_it_services_activity_large_model,staff,40
security_safety_it_services_activity_large_model,technology,90
security_safety_it_services_activity_large_model,financial,90
security_safety_it_services_activity_large_model,reputation,35
security_safety_telecom_activity_small_model,competition,100
security_safety_telecom_activity_small_model,regulatory,45
security_safety_telecom_activity_small_model,demand,55
security_safety_telecom_activity_small_model,location,60
security_safety_telecom_activity_small_model,staff,50
security_safety_telecom_activity_small_model,technology,100
security_safety_telecom_activity_small_model,financial,100
security_safety_telecom_activity_small_model,reputation,45
security_safety_telecom_activity_medium_model,competition,100
security_safety_telecom_activity_medium_model,regulatory,40
security_safety_telecom_activity_medium_model,demand,50
security_safety_telecom_activity_medium_model,location,55
security_safety_telecom_activity_medium_model,staff,45
security_safety_telecom_activity_medium_model,technology,95
security_safety_telecom_activity_medium_model,financial,95
security_safety_telecom_activity_medium_model,reputation,40
security_safety_telecom_activity_large_model,competition,100
security_safety_telecom_activity_large_model,regulatory,35
security_safety_telecom_activity_large_model,demand,45
security_safety_telecom_activity_large_model,location,50
security_safety_telecom_activity_large_model,staff,40
security_safety_telecom_activity_large_model,technology,90
security_safety_telecom_activity_large_model,financial,90
security_safety_telecom_activity_large_model,reputation,35
laboratories_consulting_activity_small_model,competition,65
laboratories_consulting_activity_small_model,regulatory,45
laboratories_consulting_activity_small_model,demand,55
laboratories_consulting_activity_small_model,location,60
laboratories_consulting_activity_small_model,staff,50
laboratories_consulting_activity_small_model,technology,40
laboratories_consulting_activity_small_model,financial,55
laboratories_consulting_activity_small_model,reputation,45
laboratories_consulting_activity_medium_model,competition,60
laboratories_consulting_activity_medium_model,regulatory,40
laboratories_consulting_activity_medium_model,demand,50
laboratories_consulting_activity_medium_model,location,55
laboratories_consulting_activity_medium_model,staff,45
laboratories_consulting_activity_medium_model,technology,35
laboratories_consulting_activity_medium_model,financial,50
laboratories_consulting_activity_medium_model,reputation,40
laboratories_consulting_activity_large_model,competition,55
laboratories_consulting_activity_large_model,regulatory,35
laboratories_consulting_activity_large_model,demand,45
laboratories_consulting_activity_large_model,location,50
laboratories_consulting_activity_large_model,staff,40
laboratories_consulting_activity_large_model,technology,30
laboratories_consulting_activity_large_model,financial,45
laboratories_consulting_activity_large_model,reputation,35
laboratories_maintenance_activity_small_model,competition,65
laboratories_maintenance_activity_small_model,regulatory,45
laboratories_maintenance_activity_small_model,demand,55
laboratories_maintenance_activity_small_model,location,60
laboratories_maintenance_activity_small_model,staff,50
laboratories_maintenance_activity_small_model,technology,40
laboratories_maintenance_activity_small_model,financial,55
laboratories_maintenance_activity_small_model,reputation,45
laboratories_maintenance_activity_medium_model,competition,60
laboratories_maintenance_activity_medium_model,regulatory,40
laboratories_maintenance_activity_medium_model,demand,50
laboratories_maintenance_activity_medium_model,location,55
laboratories_maintenance_activity_medium_model,staff,45
laboratories_maintenance_activity_medium_model,technology,35
laboratories_maintenance_activity_medium_model,financial,50
laboratories_maintenance_activity_medium_model,reputation,40
laboratories_maintenance_activity_large_model,competition,55
laboratories_maintenance_activity_large_model,regulatory,35
laboratories_maintenance_activity_large_model,demand,45
laboratories_maintenance_activity_large_model,location,50
laboratories_maintenance_activity_large_model,staff,40
laboratories_maintenance_activity_large_model,technology,30
laboratories_maintenance_activity_large_model,financial,45
laboratories_maintenance_activity_large_model,reputation,35
laboratories_cleaning_activity_small_model,competition,65
laboratories_cleaning_activity_small_model,regulatory,45
laboratories_cleaning_activity_small_model,demand,55
laboratories_cleaning_activity_small_model,location,60
laboratories_cleaning_activity_small_model,staff,50
laboratories_cleaning_activity_small_model,technology,40
laboratories_cleaning_activity_small_model,financial,55
laboratories_cleaning_activity_small_model,reputation,45
laboratories_cleaning_activity_medium_model,competition,60
laboratories_cleaning_activity_medium_model,regulatory,40
laboratories_cleaning_activity_medium_model,demand,50
laboratories_cleaning_activity_medium_model,location,55
laboratories_cleaning_activity_medium_model,staff,45
laboratories_cleaning_activity_medium_model,technology,35
laboratories_cleaning_activity_medium_model,financial,50
laboratories_cleaning_activity_medium_model,reputation,40
laboratories_cleaning_activity_large_model,competition,55
laboratories_cleaning_activity_large_model,regulatory,35
laboratories_cleaning_activity_large_model,demand,45
laboratories_cleaning_activity_large_model,location,50
laboratories_cleaning_activity_large_model,staff,40
laboratories_cleaning_activity_large_model,technology,30
laboratories_cleaning_activity_large_model,financial,45
laboratories_cleaning_activity_large_model,reputation,35
laboratories_security_activity_small_model,competition,65
laboratories_security_activity_small_model,regulatory,45
laboratories_security_activity_small_model,demand,55
laboratories_security_activity_small_model,location,60
laboratories_security_activity_small_model,staff,50
laboratories_security_activity_small_model,technology,40
laboratories_security_activity_small_model,financial,55
laboratories_security_activity_small_model,reputation,45
laboratories_security_activity_medium_model,competition,60
laboratories_security_activity_medium_model,regulatory,40
laboratories_security_activity_medium_model,demand,50
laboratories_security_activity_medium_model,location,55
laboratories_security_activity_medium_model,staff,45
laboratories_security_activity_medium_model,technology,35
laboratories_security_activity_medium_model,financial,50
laboratories_security_activity_medium_model,reputation,40
laboratories_security_activity_large_model,competition,55
laboratories_security_activity_large_model,regulatory,35
laboratories_security_activity_large_model,demand,45
laboratories_security_activity_large_model,location,50
laboratories_security_activity_large_model,staff,40
laboratories_security_activity_large_model,technology,30
laboratories_security_activity_large_model,financial,45
laboratories_security_activity_large_model,reputation,35
research_development_residential_activity_small_model,competition,65
research_development_residential_activity_small_model,regulatory,45
research_development_residential_activity_small_model,demand,55
research_development_residential_activity_small_model,location,60
research_development_residential_activity_small_model,staff,50
research_development_residential_activity_small_model,technology,40
research_development_residential_activity_small_model,financial,55
research_development_residential_activity_small_model,reputation,45
research_development_residential_activity_medium_model,competition,60
research_development_residential_activity_medium_model,regulatory,40
research_development_residential_activity_medium_model,demand,50
research_development_residential_activity_medium_model,location,55
research_development_residential_activity_medium_model,staff,45
research_development_residential_activity_medium_model,technology,35
research_development_residential_activity_medium_model,financial,50
research_development_residential_activity_medium_model,reputation,40
research_development_residential_activity_large_model,competition,55
research_development_residential_activity_large_model,regulatory,35
research_development_residential_activity_large_model,demand,45
research_development_residential_activity_large_model,location,50
research_development_residential_activity_large_model,staff,40
research_development_residential_activity_large_model,technology,30
research_development_residential_activity_large_model,financial,45
research_development_residential_activity_large_model,reputation,35
research_development_commercial_activity_small_model,competition,65
research_development_commercial_activity_small_model,regulatory,45
research_development_commercial_activity_small_model,demand,55
research_development_commercial_activity_small_model,location,60
research_development_commercial_activity_small_model,staff,50
research_development_commercial_activity_small_model,technology,40
research_development_commercial_activity_small_model,financial,55
research_development_commercial_activity_small_model,reputation,45
research_development_commercial_activity_medium_model,competition,60
research_development_commercial_activity_medium_model,regulatory,40
research_development_commercial_activity_medium_model,demand,50
research_development_commercial_activity_medium_model,location,55
research_development_commercial_activity_medium_model,staff,45
research_development_commercial_activity_medium_model,technology,35
research_development_commercial_activity_medium_model,financial,50
research_development_commercial_activity_medium_model,reputation,40
research_development_commercial_activity_large_model,competition,55
research_development_commercial_activity_large_model,regulatory,35
research_development_commercial_activity_large_model,demand,45
research_development_commercial_activity_large_model,location,50
research_development_commercial_activity_large_model,staff,40
research_development_commercial_activity_large_model,technology,30
research_development_commercial_activity_large_model,financial,45
research_development_commercial_activity_large_model,reputation,35
research_development_industrial_activity_small_model,competition,65
research_development_industrial_activity_small_model,regulatory,45
research_development_industrial_activity_small_model,demand,55
research_development_industrial_activity_small_model,location,60
research_development_industrial_activity_small_model,staff,50
research_development_industrial_activity_small_model,technology,40
research_development_industrial_activity_small_model,financial,55
research_development_industrial_activity_small_model,reputation,45
research_development_industrial_activity_medium_model,competition,60
research_development_industrial_activity_medium_model,regulatory,40
research_development_industrial_activity_medium_model,demand,50
research_development_industrial_activity_medium_model,location,55
research_development_industrial_activity_medium_model,staff,45
research_development_industrial_activity_medium_model,technology,35
research_development_industrial_activity_medium_model,financial,50
research_development_industrial_activity_medium_model,reputation,40
research_development_industrial_activity_large_model,competition,55
research_development_industrial_activity_large_model,regulatory,35
research_development_industrial_activity_large_model,demand,45
research_development_industrial_activity_large_model,location,50
research_development_industrial_activity_large_model,staff,40
research_development_industrial_activity_large_model,technology,30
research_development_industrial_activity_large_model,financial,45
research_development_industrial_activity_large_model,reputation,35
research_development_brokerage_activity_small_model,competition,65
research_development_brokerage_activity_small_model,regulatory,45
research_development_brokerage_activity_small_model,demand,55
research_development_brokerage_activity_small_model,location,60
research_development_brokerage_activity_small_model,staff,50
research_development_brokerage_activity_small_model,technology,40
research_development_brokerage_activity_small_model,financial,55
research_development_brokerage_activity_small_model,reputation,45
research_development_brokerage_activity_medium_model,competition,60
research_development_brokerage_activity_medium_model,regulatory,40
research_development_brokerage_activity_medium_model,demand,50
research_development_brokerage_activity_medium_model,location,55
research_development_brokerage_activity_medium_model,staff,45
research_development_brokerage_activity_medium_model,technology,35
research_development_brokerage_activity_medium_model,financial,50
research_development_brokerage_activity_medium_model,reputation,40
research_development_brokerage_activity_large_model,competition,55
research_development_brokerage_activity_large_model,regulatory,35
research_development_brokerage_activity_large_model,demand,45
research_development_brokerage_activity_large_model,location,50
research_development_brokerage_activity_large_model,staff,40
research_development_brokerage_activity_large_model,technology,30
research_development_brokerage_activity_large_model,financial,45
research_development_brokerage_activity_large_model,reputation,35
sports_economy_events_activity_small_model,competition,100
sports_economy_events_activity_small_model,regulatory,45
sports_economy_events_activity_small_model,demand,100
sports_economy_events_activity_small_model,location,60
sports_economy_events_activity_small_model,staff,50
sports_economy_events_activity_small_model,technology,40
sports_economy_events_activity_small_model,financial,55
sports_economy_events_activity_small_model,reputation,100
sports_economy_events_activity_medium_model,competition,100
sports_economy_events_activity_medium_model,regulatory,40
sports_economy_events_activity_medium_model,demand,100
sports_economy_events_activity_medium_model,location,55
sports_economy_events_activity_medium_model,staff,45
sports_economy_events_activity_medium_model,technology,35
sports_economy_events_activity_medium_model,financial,50
sports_economy_events_activity_medium_model,reputation,95
sports_economy_events_activity_large_model,competition,100
sports_economy_events_activity_large_model,regulatory,35
sports_economy_events_activity_large_model,demand,100
sports_economy_events_activity_large_model,location,50
sports_economy_events_activity_large_model,staff,40
sports_economy_events_activity_large_model,technology,30
sports_economy_events_activity_large_model,financial,45
sports_economy_events_activity_large_model,reputation,90
sports_economy_media_activity_small_model,competition,100
sports_economy_media_activity_small_model,regulatory,45
sports_economy_media_activity_small_model,demand,100
sports_economy_media_activity_small_model,location,60
sports_economy_media_activity_small_model,staff,50
sports_economy_media_activity_small_model,technology,40
sports_economy_media_activity_small_model,financial,55
sports_economy_media_activity_small_model,reputation,100
sports_economy_media_activity_medium_model,competition,100
sports_economy_media_activity_medium_model,regulatory,40
sports_economy_media_activity_medium_model,demand,100
sports_economy_media_activity_medium_model,location,55
sports_economy_media_activity_medium_model,staff,45
sports_economy_media_activity_medium_model,technology,35
sports_economy_media_activity_medium_model,financial,50
sports_economy_media_activity_medium_model,reputation,95
sports_economy_media_activity_large_model,competition,100
sports_economy_media_activity_large_model,regulatory,35
sports_economy_media_activity_large_model,demand,100
sports_economy_media_activity_large_model,location,50
sports_economy_media_activity_large_model,staff,40
sports_economy_media_activity_large_model,technology,30
sports_economy_media_activity_large_model,financial,45
sports_economy_media_activity_large_model,reputation,90
sports_economy_sports_activity_small_model,competition,100
sports_economy_sports_activity_small_model,regulatory,45
sports_economy_sports_activity_small_model,demand,100
sports_economy_sports_activity_small_model,location,60
sports_economy_sports_activity_small_model,staff,50
sports_economy_sports_activity_small_model,technology,40
sports_economy_sports_activity_small_model,financial,55
sports_economy_sports_activity_small_model,reputation,100
sports_economy_sports_activity_medium_model,competition,100
sports_economy_sports_activity_medium_model,regulatory,40
sports_economy_sports_activity_medium_model,demand,100
sports_economy_sports_activity_medium_model,location,55
sports_economy_sports_activity_medium_model,staff,45
sports_economy_sports_activity_medium_model,technology,35
sports_economy_sports_activity_medium_model,financial,50
sports_economy_sports_activity_medium_model,reputation,95
sports_economy_sports_activity_large_model,competition,100
sports_economy_sports_activity_large_model,regulatory,35
sports_economy_sports_activity_large_model,demand,100
sports_economy_sports_activity_large_model,location,50
sports_economy_sports_activity_large_model,staff,40
sports_economy_sports_activity_large_model,technology,30
sports_economy_sports_activity_large_model,financial,45
sports_economy_sports_activity_large_model,reputation,90
sports_economy_tourism_activity_small_model,competition,100
sports_economy_tourism_activity_small_model,regulatory,45
sports_economy_tourism_activity_small_model,demand,100
sports_economy_tourism_activity_small_model,location,60
sports_economy_tourism_activity_small_model,staff,50
sports_economy_tourism_activity_small_model,technology,40
sports_economy_tourism_activity_small_model,financial,55
sports_economy_tourism_activity_small_model,reputation,100
sports_economy_tourism_activity_medium_model,competition,100
sports_economy_tourism_activity_medium_model,regulatory,40
sports_economy_tourism_activity_medium_model,demand,100
sports_economy_tourism_activity_medium_model,location,55
sports_economy_tourism_activity_medium_model,staff,45
sports_economy_tourism_activity_medium_model,technology,35
sports_economy_tourism_activity_medium_model,financial,50
sports_economy_tourism_activity_medium_model,reputation,95
sports_economy_tourism_activity_large_model,competition,100
sports_economy_tourism_activity_large_model,regulatory,35
sports_economy_tourism_activity_large_model,demand,100
sports_economy_tourism_activity_large_model,location,50
sports_economy_tourism_activity_large_model,staff,40
sports_economy_tourism_activity_large_model,technology,30
sports_economy_tourism_activity_large_model,financial,45
sports_economy_tourism_activity_large_model,reputation,90
creative_economy_consulting_activity_small_model,competition,65
creative_economy_consulting_activity_small_model,regulatory,45
creative_economy_consulting_activity_small_model,demand,55
creative_economy_consulting_activity_small_model,location,60
creative_economy_consulting_activity_small_model,staff,50
creative_economy_consulting_activity_small_model,technology,40
creative_economy_consulting_activity_small_model,financial,55
creative_economy_consulting_activity_small_model,reputation,45
creative_economy_consulting_activity_medium_model,competition,60
creative_economy_consulting_activity_medium_model,regulatory,40
creative_economy_consulting_activity_medium_model,demand,50
creative_economy_consulting_activity_medium_model,location,55
creative_economy_consulting_activity_medium_model,staff,45
creative_economy_consulting_activity_medium_model,technology,35
creative_economy_consulting_activity_medium_model,financial,50
creative_economy_consulting_activity_medium_model,reputation,40
creative_economy_consulting_activity_large_model,competition,55
creative_economy_consulting_activity_large_model,regulatory,35
creative_economy_consulting_activity_large_model,demand,45
creative_economy_consulting_activity_large_model,location,50
creative_economy_consulting_activity_large_model,staff,40
creative_economy_consulting_activity_large_model,technology,30
creative_economy_consulting_activity_large_model,financial,45
creative_economy_consulting_activity_large_model,reputation,35
creative_economy_maintenance_activity_small_model,competition,65
creative_economy_maintenance_activity_small_model,regulatory,45
creative_economy_maintenance_activity_small_model,demand,55
creative_economy_maintenance_activity_small_model,location,60
creative_economy_maintenance_activity_small_model,staff,50
creative_economy_maintenance_activity_small_model,technology,40
creative_economy_maintenance_activity_small_model,financial,55
creative_economy_maintenance_activity_small_model,reputation,45
creative_economy_maintenance_activity_medium_model,competition,60
creative_economy_maintenance_activity_medium_model,regulatory,40
creative_economy_maintenance_activity_medium_model,demand,50
creative_economy_maintenance_activity_medium_model,location,55
creative_economy_maintenance_activity_medium_model,staff,45
creative_economy_maintenance_activity_medium_model,technology,35
creative_economy_maintenance_activity_medium_model,financial,50
creative_economy_maintenance_activity_medium_model,reputation,40
creative_economy_maintenance_activity_large_model,competition,55
creative_economy_maintenance_activity_large_model,regulatory,35
creative_economy_maintenance_activity_large_model,demand,45
creative_economy_maintenance_activity_large_model,location,50
creative_economy_maintenance_activity_large_model,staff,40
creative_economy_maintenance_activity_large_model,technology,30
creative_economy_maintenance_activity_large_model,financial,45
creative_economy_maintenance_activity_large_model,reputation,35
creative_economy_cleaning_activity_small_model,competition,65
creative_economy_cleaning_activity_small_model,regulatory,45
creative_economy_cleaning_activity_small_model,demand,55
creative_economy_cleaning_activity_small_model,location,60
creative_economy_cleaning_activity_small_model,staff,50
creative_economy_cleaning_activity_small_model,technology,40
creative_economy_cleaning_activity_small_model,financial,55
creative_economy_cleaning_activity_small_model,reputation,45
creative_economy_cleaning_activity_medium_model,competition,60
creative_economy_cleaning_activity_medium_model,regulatory,40
creative_economy_cleaning_activity_medium_model,demand,50
creative_economy_cleaning_activity_medium_model,location,55
creative_economy_cleaning_activity_medium_model,staff,45
creative_economy_cleaning_activity_medium_model,technology,35
creative_economy_cleaning_activity_medium_model,financial,50
creative_economy_cleaning_activity_medium_model,reputation,40
creative_economy_cleaning_activity_large_model,competition,55
creative_economy_cleaning_activity_large_model,regulatory,35
creative_economy_cleaning_activity_large_model,demand,45
creative_economy_cleaning_activity_large_model,location,50
creative_economy_cleaning_activity_large_model,staff,40
creative_economy_cleaning_activity_large_model,technology,30
creative_economy_cleaning_activity_large_model,financial,45
creative_economy_cleaning_activity_large_model,reputation,35
creative_economy_security_activity_small_model,competition,65
creative_economy_security_activity_small_model,regulatory,45
creative_economy_security_activity_small_model,demand,55
creative_economy_security_activity_small_model,location,60
creative_economy_security_activity_small_model,staff,50
creative_economy_security_activity_small_model,technology,40
creative_economy_security_activity_small_model,financial,55
creative_economy_security_activity_small_model,reputation,45
creative_economy_security_activity_medium_model,competition,60
creative_economy_security_activity_medium_model,regulatory,40
creative_economy_security_activity_medium_model,demand,50
creative_economy_security_activity_medium_model,location,55
creative_economy_security_activity_medium_model,staff,45
creative_economy_security_activity_medium_model,technology,35
creative_economy_security_activity_medium_model,financial,50
creative_economy_security_activity_medium_model,reputation,40
creative_economy_security_activity_large_model,competition,55
creative_economy_security_activity_large_model,regulatory,35
creative_economy_security_activity_large_model,demand,45
creative_economy_security_activity_large_model,location,50
creative_economy_security_activity_large_model,staff,40
creative_economy_security_activity_large_model,technology,30
creative_economy_security_activity_large_model,financial,45
creative_economy_security_activity_large_model,reputation,35
environment_sustainability_software_activity_small_model,competition,100
environment_sustainability_software_activity_small_model,regulatory,45
environment_sustainability_software_activity_small_model,demand,55
environment_sustainability_software_activity_small_model,location,60
environment_sustainability_software_activity_small_model,staff,50
environment_sustainability_software_activity_small_model,technology,100
environment_sustainability_software_activity_small_model,financial,100
environment_sustainability_software_activity_small_model,reputation,45
environment_sustainability_software_activity_medium_model,competition,100
environment_sustainability_software_activity_medium_model,regulatory,40
environment_sustainability_software_activity_medium_model,demand,50
environment_sustainability_software_activity_medium_model,location,55
environment_sustainability_software_activity_medium_model,staff,45
environment_sustainability_software_activity_medium_model,technology,95
environment_sustainability_software_activity_medium_model,financial,95
environment_sustainability_software_activity_medium_model,reputation,40
environment_sustainability_software_activity_large_model,competition,100
environment_sustainability_software_activity_large_model,regulatory,35
environment_sustainability_software_activity_large_model,demand,45
environment_sustainability_software_activity_large_model,location,50
environment_sustainability_software_activity_large_model,staff,40
environment_sustainability_software_activity_large_model,technology,90
environment_sustainability_software_activity_large_model,financial,90
environment_sustainability_software_activity_large_model,reputation,35
environment_sustainability_hardware_activity_small_model,competition,100
environment_sustainability_hardware_activity_small_model,regulatory,45
environment_sustainability_hardware_activity_small_model,demand,55
environment_sustainability_hardware_activity_small_model,location,60
environment_sustainability_hardware_activity_small_model,staff,50
environment_sustainability_hardware_activity_small_model,technology,100
environment_sustainability_hardware_activity_small_model,financial,100
environment_sustainability_hardware_activity_small_model,reputation,45
environment_sustainability_hardware_activity_medium_model,competition,100
environment_sustainability_hardware_activity_medium_model,regulatory,40
environment_sustainability_hardware_activity_medium_model,demand,50
environment_sustainability_hardware_activity_medium_model,location,55
environment_sustainability_hardware_activity_medium_model,staff,45
environment_sustainability_hardware_activity_medium_model,technology,95
environment_sustainability_hardware_activity_medium_model,financial,95
environment_sustainability_hardware_activity_medium_model,reputation,40
environment_sustainability_hardware_activity_large_model,competition,100
environment_sustainability_hardware_activity_large_model,regulatory,35
environment_sustainability_hardware_activity_large_model,demand,45
environment_sustainability_hardware_activity_large_model,location,50
environment_sustainability_hardware_activity_large_model,staff,40
environment_sustainability_hardware_activity_large_model,technology,90
environment_sustainability_hardware_activity_large_model,financial,90
environment_sustainability_hardware_activity_large_model,reputation,35
environment_sustainability_it_services_activity_small_model,competition,100
environment_sustainability_it_services_activity_small_model,regulatory,45
environment_sustainability_it_services_activity_small_model,demand,55
environment_sustainability_it_services_activity_small_model,location,60
environment_sustainability_it_services_activity_small_model,staff,50
environment_sustainability_it_services_activity_small_model,technology,100
environment_sustainability_it_services_activity_small_model,financial,100
environment_sustainability_it_services_activity_small_model,reputation,45
environment_sustainability_it_services_activity_medium_model,competition,100
environment_sustainability_it_services_activity_medium_model,regulatory,40
environment_sustainability_it_services_activity_medium_model,demand,50
environment_sustainability_it_services_activity_medium_model,location,55
environment_sustainability_it_services_activity_medium_model,staff,45
environment_sustainability_it_services_activity_medium_model,technology,95
environment_sustainability_it_services_activity_medium_model,financial,95
environment_sustainability_it_services_activity_medium_model,reputation,40
environment_sustainability_it_services_activity_large_model,competition,100
environment_sustainability_it_services_activity_large_model,regulatory,35
environment_sustainability_it_services_activity_large_model,demand,45
environment_sustainability_it_services_activity_large_model,location,50
environment_sustainability_it_services_activity_large_model,staff,40
environment_sustainability_it_services_activity_large_model,technology,90
environment_sustainability_it_services_activity_large_model,financial,90
environment_sustainability_it_services_activity_large_model,reputation,35
environment_sustainability_telecom_activity_small_model,competition,100
environment_sustainability_telecom_activity_small_model,regulatory,45
environment_sustainability_telecom_activity_small_model,demand,55
environment_sustainability_telecom_activity_small_model,location,60
environment_sustainability_telecom_activity_small_model,staff,50
environment_sustainability_telecom_activity_small_model,technology,100
environment_sustainability_telecom_activity_small_model,financial,100
environment_sustainability_telecom_activity_small_model,reputation,45
environment_sustainability_telecom_activity_medium_model,competition,100
environment_sustainability_telecom_activity_medium_model,regulatory,40
environment_sustainability_telecom_activity_medium_model,demand,50
environment_sustainability_telecom_activity_medium_model,location,55
environment_sustainability_telecom_activity_medium_model,staff,45
environment_sustainability_telecom_activity_medium_model,technology,95
environment_sustainability_telecom_activity_medium_model,financial,95
environment_sustainability_telecom_activity_medium_model,reputation,40
environment_sustainability_telecom_activity_large_model,competition,100
environment_sustainability_telecom_activity_large_model,regulatory,35
environment_sustainability_telecom_activity_large_model,demand,45
environment_sustainability_telecom_activity_large_model,location,50
environment_sustainability_telecom_activity_large_model,staff,40
environment_sustainability_telecom_activity_large_model,technology,90
environment_sustainability_telecom_activity_large_model,financial,90
environment_sustainability_telecom_activity_large_model,reputation,35