model_code,assumption_code,value
small_dental_clinic_model,rent_monthly,12000
small_dental_clinic_model,salaries_monthly,22000
small_dental_clinic_model,marketing_monthly,4000
small_dental_clinic_model,utilities_monthly,1800
small_dental_clinic_model,insurance_monthly,1200
small_dental_clinic_model,license_cost_one_time,20000
small_dental_clinic_model,equipment_cost_one_time,150000
small_dental_clinic_model,decoration_cost_one_time,60000
small_dental_clinic_model,revenue_per_visit,550
small_dental_clinic_model,visits_per_month,120
small_dental_clinic_model,cogs_percent,15
small_dental_clinic_model,tax_rate,20
small_dental_clinic_model,growth_rate,7
small_dental_clinic_model,discount_rate,10
medium_dental_clinic_model,rent_monthly,25000
medium_dental_clinic_model,salaries_monthly,45000
medium_dental_clinic_model,marketing_monthly,8000
medium_dental_clinic_model,utilities_monthly,3500
medium_dental_clinic_model,insurance_monthly,2500
medium_dental_clinic_model,license_cost_one_time,30000
medium_dental_clinic_model,equipment_cost_one_time,350000
medium_dental_clinic_model,decoration_cost_one_time,120000
medium_dental_clinic_model,revenue_per_visit,650
medium_dental_clinic_model,visits_per_month,250
medium_dental_clinic_model,cogs_percent,15
medium_dental_clinic_model,tax_rate,20
medium_dental_clinic_model,growth_rate,8
medium_dental_clinic_model,discount_rate,10
large_dental_clinic_model,rent_monthly,60000
large_dental_clinic_model,salaries_monthly,120000
large_dental_clinic_model,marketing_monthly,20000
large_dental_clinic_model,utilities_monthly,9000
large_dental_clinic_model,insurance_monthly,6000
large_dental_clinic_model,license_cost_one_time,60000
large_dental_clinic_model,equipment_cost_one_time,900000
large_dental_clinic_model,decoration_cost_one_time,350000
large_dental_clinic_model,revenue_per_visit,750
large_dental_clinic_model,visits_per_month,600
large_dental_clinic_model,cogs_percent,15
large_dental_clinic_model,tax_rate,20
large_dental_clinic_model,growth_rate,9
large_dental_clinic_model,discount_rate,10
financial_banking_banking_activity_small_model,rent_monthly,5000
financial_banking_banking_activity_small_model,salaries_monthly,15000
financial_banking_banking_activity_small_model,marketing_monthly,2000
financial_banking_banking_activity_small_model,utilities_monthly,1000
financial_banking_banking_activity_small_model,insurance_monthly,800
financial_banking_banking_activity_small_model,revenue_growth_rate,5
financial_banking_banking_activity_small_model,cogs_ratio,35
financial_banking_banking_activity_small_model,vat_rate,15
financial_banking_banking_activity_small_model,corporate_tax_rate,20
financial_banking_banking_activity_small_model,annual_depreciation_rate,10
financial_banking_banking_activity_small_model,working_capital_days,30
financial_banking_banking_activity_small_model,discount_rate,10
financial_banking_banking_activity_small_model,loan_ratio,50
financial_banking_banking_activity_small_model,interest_rate,8
financial_banking_banking_activity_small_model,loan_term_years,5
financial_banking_banking_activity_medium_model,rent_monthly,15000
financial_banking_banking_activity_medium_model,salaries_monthly,45000
financial_banking_banking_activity_medium_model,marketing_monthly,6000
financial_banking_banking_activity_medium_model,utilities_monthly,3000
financial_banking_banking_activity_medium_model,insurance_monthly,2000
financial_banking_banking_activity_medium_model,revenue_growth_rate,5
financial_banking_banking_activity_medium_model,cogs_ratio,35
financial_banking_banking_activity_medium_model,vat_rate,15
financial_banking_banking_activity_medium_model,corporate_tax_rate,20
financial_banking_banking_activity_medium_model,annual_depreciation_rate,10
financial_banking_banking_activity_medium_model,working_capital_days,30
financial_banking_banking_activity_medium_model,discount_rate,10
financial_banking_banking_activity_medium_model,loan_ratio,50
financial_banking_banking_activity_medium_model,interest_rate,8
financial_banking_banking_activity_medium_model,loan_term_years,5
financial_banking_banking_activity_large_model,rent_monthly,40000
financial_banking_banking_activity_large_model,salaries_monthly,120000
financial_banking_banking_activity_large_model,marketing_monthly,18000
financial_banking_banking_activity_large_model,utilities_monthly,8000
financial_banking_banking_activity_large_model,insurance_monthly,5000
financial_banking_banking_activity_large_model,revenue_growth_rate,5
financial_banking_banking_activity_large_model,cogs_ratio,35
financial_banking_banking_activity_large_model,vat_rate,15
financial_banking_banking_activity_large_model,corporate_tax_rate,20
financial_banking_banking_activity_large_model,annual_depreciation_rate,10
financial_banking_banking_activity_large_model,working_capital_days,30
financial_banking_banking_activity_large_model,discount_rate,10
financial_banking_banking_activity_large_model,loan_ratio,50
financial_banking_banking_activity_large_model,interest_rate,8
financial_banking_banking_activity_large_model,loan_term_years,5
financial_banking_insurance_activity_small_model,rent_monthly,5000
financial_banking_insurance_activity_small_model,salaries_monthly,15000
financial_banking_insurance_activity_small_model,marketing_monthly,2000
financial_banking_insurance_activity_small_model,utilities_monthly,1000
financial_banking_insurance_activity_small_model,insurance_monthly,800
financial_banking_insurance_activity_small_model,revenue_growth_rate,5
financial_banking_insurance_activity_small_model,cogs_ratio,35
financial_banking_insurance_activity_small_model,vat_rate,15
financial_banking_insurance_activity_small_model,corporate_tax_rate,20
financial_banking_insurance_activity_small_model,annual_depreciation_rate,10
financial_banking_insurance_activity_small_model,working_capital_days,30
financial_banking_insurance_activity_small_model,discount_rate,10
financial_banking_insurance_activity_small_model,loan_ratio,50
financial_banking_insurance_activity_small_model,interest_rate,8
financial_banking_insurance_activity_small_model,loan_term_years,5
financial_banking_insurance_activity_medium_model,rent_monthly,15000
financial_banking_insurance_activity_medium_model,salaries_monthly,45000
financial_banking_insurance_activity_medium_model,marketing_monthly,6000
financial_banking_insurance_activity_medium_model,utilities_monthly,3000
financial_banking_insurance_activity_medium_model,insurance_monthly,2000
financial_banking_insurance_activity_medium_model,revenue_growth_rate,5
financial_banking_insurance_activity_medium_model,cogs_ratio,35
financial_banking_insurance_activity_medium_model,vat_rate,15
financial_banking_insurance_activity_medium_model,corporate_tax_rate,20
financial_banking_insurance_activity_medium_model,annual_depreciation_rate,10
financial_banking_insurance_activity_medium_model,working_capital_days,30
financial_banking_insurance_activity_medium_model,discount_rate,10
financial_banking_insurance_activity_medium_model,loan_ratio,50
financial_banking_insurance_activity_medium_model,interest_rate,8
financial_banking_insurance_activity_medium_model,loan_term_years,5
financial_banking_insurance_activity_large_model,rent_monthly,40000
financial_banking_insurance_activity_large_model,salaries_monthly,120000
financial_banking_insurance_activity_large_model,marketing_monthly,18000
financial_banking_insurance_activity_large_model,utilities_monthly,8000
financial_banking_insurance_activity_large_model,insurance_monthly,5000
financial_banking_insurance_activity_large_model,revenue_growth_rate,5
financial_banking_insurance_activity_large_model,cogs_ratio,35
financial_banking_insurance_activity_large_model,vat_rate,15
financial_banking_insurance_activity_large_model,corporate_tax_rate,20
financial_banking_insurance_activity_large_model,annual_depreciation_rate,10
financial_banking_insurance_activity_large_model,working_capital_days,30
financial_banking_insurance_activity_large_model,discount_rate,10
financial_banking_insurance_activity_large_model,loan_ratio,50
financial_banking_insurance_activity_large_model,interest_rate,8
financial_banking_insurance_activity_large_model,loan_term_years,5
financial_banking_fintech_activity_small_model,rent_monthly,5000
financial_banking_fintech_activity_small_model,salaries_monthly,15000
financial_banking_fintech_activity_small_model,marketing_monthly,2000
financial_banking_fintech_activity_small_model,utilities_monthly,1000
financial_banking_fintech_activity_small_model,insurance_monthly,800
financial_banking_fintech_activity_small_model,revenue_growth_rate,5
financial_banking_fintech_activity_small_model,cogs_ratio,35
financial_banking_fintech_activity_small_model,vat_rate,15
financial_banking_fintech_activity_small_model,corporate_tax_rate,20
financial_banking_fintech_activity_small_model,annual_depreciation_rate,10
financial_banking_fintech_activity_small_model,working_capital_days,30
financial_banking_fintech_activity_small_model,discount_rate,10
financial_banking_fintech_activity_small_model,loan_ratio,50
financial_banking_fintech_activity_small_model,interest_rate,8
financial_banking_fintech_activity_small_model,loan_term_years,5
financial_banking_fintech_activity_medium_model,rent_monthly,15000
financial_banking_fintech_activity_medium_model,salaries_monthly,45000
financial_banking_fintech_activity_medium_model,marketing_monthly,6000
financial_banking_fintech_activity_medium_model,utilities_monthly,3000
financial_banking_fintech_activity_medium_model,insurance_monthly,2000
financial_banking_fintech_activity_medium_model,revenue_growth_rate,5
financial_banking_fintech_activity_medium_model,cogs_ratio,35
financial_banking_fintech_activity_medium_model,vat_rate,15
financial_banking_fintech_activity_medium_model,corporate_tax_rate,20
financial_banking_fintech_activity_medium_model,annual_depreciation_rate,10
financial_banking_fintech_activity_medium_model,working_capital_days,30
financial_banking_fintech_activity_medium_model,discount_rate,10
financial_banking_fintech_activity_medium_model,loan_ratio,50
financial_banking_fintech_activity_medium_model,interest_rate,8
financial_banking_fintech_activity_medium_model,loan_term_years,5
financial_banking_fintech_activity_large_model,rent_monthly,40000
financial_banking_fintech_activity_large_model,salaries_monthly,120000
financial_banking_fintech_activity_large_model,marketing_monthly,18000
financial_banking_fintech_activity_large_model,utilities_monthly,8000
financial_banking_fintech_activity_large_model,insurance_monthly,5000
financial_banking_fintech_activity_large_model,revenue_growth_rate,5
financial_banking_fintech_activity_large_model,cogs_ratio,35
financial_banking_fintech_activity_large_model,vat_rate,15
financial_banking_fintech_activity_large_model,corporate_tax_rate,20
financial_banking_fintech_activity_large_model,annual_depreciation_rate,10
financial_banking_fintech_activity_large_model,working_capital_days,30
financial_banking_fintech_activity_large_model,discount_rate,10
financial_banking_fintech_activity_large_model,loan_ratio,50
financial_banking_fintech_activity_large_model,interest_rate,8
financial_banking_fintech_activity_large_model,loan_term_years,5
financial_banking_investment_activity_small_model,rent_monthly,5000
financial_banking_investment_activity_small_model,salaries_monthly,15000
financial_banking_investment_activity_small_model,marketing_monthly,2000
financial_banking_investment_activity_small_model,utilities_monthly,1000
financial_banking_investment_activity_small_model,insurance_monthly,800
financial_banking_investment_activity_small_model,revenue_growth_rate,5
financial_banking_investment_activity_small_model,cogs_ratio,35
financial_banking_investment_activity_small_model,vat_rate,15
financial_banking_investment_activity_small_model,corporate_tax_rate,20
financial_banking_investment_activity_small_model,annual_depreciation_rate,10
financial_banking_investment_activity_small_model,working_capital_days,30
financial_banking_investment_activity_small_model,discount_rate,10
financial_banking_investment_activity_small_model,loan_ratio,50
financial_banking_investment_activity_small_model,interest_rate,8
financial_banking_investment_activity_small_model,loan_term_years,5
financial_banking_investment_activity_medium_model,rent_monthly,15000
financial_banking_investment_activity_medium_model,salaries_monthly,45000
financial_banking_investment_activity_medium_model,marketing_monthly,6000
financial_banking_investment_activity_medium_model,utilities_monthly,3000
financial_banking_investment_activity_medium_model,insurance_monthly,2000
financial_banking_investment_activity_medium_model,revenue_growth_rate,5
financial_banking_investment_activity_medium_model,cogs_ratio,35
financial_banking_investment_activity_medium_model,vat_rate,15
financial_banking_investment_activity_medium_model,corporate_tax_rate,20
financial_banking_investment_activity_medium_model,annual_depreciation_rate,10
financial_banking_investment_activity_medium_model,working_capital_days,30
financial_banking_investment_activity_medium_model,discount_rate,10
financial_banking_investment_activity_medium_model,loan_ratio,50
financial_banking_investment_activity_medium_model,interest_rate,8
financial_banking_investment_activity_medium_model,loan_term_years,5
financial_banking_investment_activity_large_model,rent_monthly,40000
financial_banking_investment_activity_large_model,salaries_monthly,120000
financial_banking_investment_activity_large_model,marketing_monthly,18000
financial_banking_investment_activity_large_model,utilities_monthly,8000
financial_banking_investment_activity_large_model,insurance_monthly,5000
financial_banking_investment_activity_large_model,revenue_growth_rate,5
financial_banking_investment_activity_large_model,cogs_ratio,35
financial_banking_investment_activity_large_model,vat_rate,15
financial_banking_investment_activity_large_model,corporate_tax_rate,20
financial_banking_investment_activity_large_model,annual_depreciation_rate,10
financial_banking_investment_activity_large_model,working_capital_days,30
financial_banking_investment_activity_large_model,discount_rate,10
financial_banking_investment_activity_large_model,loan_ratio,50
financial_banking_investment_activity_large_model,interest_rate,8
financial_banking_investment_activity_large_model,loan_term_years,5
insurance_banking_activity_small_model,rent_monthly,5000
insurance_banking_activity_small_model,salaries_monthly,15000
insurance_banking_activity_small_model,marketing_monthly,2000
insurance_banking_activity_small_model,utilities_monthly,1000
insurance_banking_activity_small_model,insurance_monthly,800
insurance_banking_activity_small_model,revenue_growth_rate,5
insurance_banking_activity_small_model,cogs_ratio,35
insurance_banking_activity_small_model,vat_rate,15
insurance_banking_activity_small_model,corporate_tax_rate,20
insurance_banking_activity_small_model,annual_depreciation_rate,10
insurance_banking_activity_small_model,working_capital_days,30
insurance_banking_activity_small_model,discount_rate,10
insurance_banking_activity_small_model,loan_ratio,50
insurance_banking_activity_small_model,interest_rate,8
insurance_banking_activity_small_model,loan_term_years,5
insurance_banking_activity_medium_model,rent_monthly,15000
insurance_banking_activity_medium_model,salaries_monthly,45000
insurance_banking_activity_medium_model,marketing_monthly,6000
insurance_banking_activity_medium_model,utilities_monthly,3000
insurance_banking_activity_medium_model,insurance_monthly,2000
insurance_banking_activity_medium_model,revenue_growth_rate,5
insurance_banking_activity_medium_model,cogs_ratio,35
insurance_banking_activity_medium_model,vat_rate,15
insurance_banking_activity_medium_model,corporate_tax_rate,20
insurance_banking_activity_medium_model,annual_depreciation_rate,10
insurance_banking_activity_medium_model,working_capital_days,30
insurance_banking_activity_medium_model,discount_rate,10
insurance_banking_activity_medium_model,loan_ratio,50
insurance_banking_activity_medium_model,interest_rate,8
insurance_banking_activity_medium_model,loan_term_years,5
insurance_banking_activity_large_model,rent_monthly,40000
insurance_banking_activity_large_model,salaries_monthly,120000
insurance_banking_activity_large_model,marketing_monthly,18000
insurance_banking_activity_large_model,utilities_monthly,8000
insurance_banking_activity_large_model,insurance_monthly,5000
insurance_banking_activity_large_model,revenue_growth_rate,5
insurance_banking_activity_large_model,cogs_ratio,35
insurance_banking_activity_large_model,vat_rate,15
insurance_banking_activity_large_model,corporate_tax_rate,20
insurance_banking_activity_large_model,annual_depreciation_rate,10
insurance_banking_activity_large_model,working_capital_days,30
insurance_banking_activity_large_model,discount_rate,10
insurance_banking_activity_large_model,loan_ratio,50
insurance_banking_activity_large_model,interest_rate,8
insurance_banking_activity_large_model,loan_term_years,5
insurance_insurance_activity_small_model,rent_monthly,5000
insurance_insurance_activity_small_model,salaries_monthly,15000
insurance_insurance_activity_small_model,marketing_monthly,2000
insurance_insurance_activity_small_model,utilities_monthly,1000
insurance_insurance_activity_small_model,insurance_monthly,800
insurance_insurance_activity_small_model,revenue_growth_rate,5
insurance_insurance_activity_small_model,cogs_ratio,35
insurance_insurance_activity_small_model,vat_rate,15
insurance_insurance_activity_small_model,corporate_tax_rate,20
insurance_insurance_activity_small_model,annual_depreciation_rate,10
insurance_insurance_activity_small_model,working_capital_days,30
insurance_insurance_activity_small_model,discount_rate,10
insurance_insurance_activity_small_model,loan_ratio,50
insurance_insurance_activity_small_model,interest_rate,8
insurance_insurance_activity_small_model,loan_term_years,5
insurance_insurance_activity_medium_model,rent_monthly,15000
insurance_insurance_activity_medium_model,salaries_monthly,45000
insurance_insurance_activity_medium_model,marketing_monthly,6000
insurance_insurance_activity_medium_model,utilities_monthly,3000
insurance_insurance_activity_medium_model,insurance_monthly,2000
insurance_insurance_activity_medium_model,revenue_growth_rate,5
insurance_insurance_activity_medium_model,cogs_ratio,35
insurance_insurance_activity_medium_model,vat_rate,15
insurance_insurance_activity_medium_model,corporate_tax_rate,20
insurance_insurance_activity_medium_model,annual_depreciation_rate,10
insurance_insurance_activity_medium_model,working_capital_days,30
insurance_insurance_activity_medium_model,discount_rate,10
insurance_insurance_activity_medium_model,loan_ratio,50
insurance_insurance_activity_medium_model,interest_rate,8
insurance_insurance_activity_medium_model,loan_term_years,5
insurance_insurance_activity_large_model,rent_monthly,40000
insurance_insurance_activity_large_model,salaries_monthly,120000
insurance_insurance_activity_large_model,marketing_monthly,18000
insurance_insurance_activity_large_model,utilities_monthly,8000
insurance_insurance_activity_large_model,insurance_monthly,5000
insurance_insurance_activity_large_model,revenue_growth_rate,5
insurance_insurance_activity_large_model,cogs_ratio,35
insurance_insurance_activity_large_model,vat_rate,15
insurance_insurance_activity_large_model,corporate_tax_rate,20
insurance_insurance_activity_large_model,annual_depreciation_rate,10
insurance_insurance_activity_large_model,working_capital_days,30
insurance_insurance_activity_large_model,discount_rate,10
insurance_insurance_activity_large_model,loan_ratio,50
insurance_insurance_activity_large_model,interest_rate,8
insurance_insurance_activity_large_model,loan_term_years,5
insurance_fintech_activity_small_model,rent_monthly,5000
insurance_fintech_activity_small_model,salaries_monthly,15000
insurance_fintech_activity_small_model,marketing_monthly,2000
insurance_fintech_activity_small_model,utilities_monthly,1000
insurance_fintech_activity_small_model,insurance_monthly,800
insurance_fintech_activity_small_model,revenue_growth_rate,5
insurance_fintech_activity_small_model,cogs_ratio,35
insurance_fintech_activity_small_model,vat_rate,15
insurance_fintech_activity_small_model,corporate_tax_rate,20
insurance_fintech_activity_small_model,annual_depreciation_rate,10
insurance_fintech_activity_small_model,working_capital_days,30
insurance_fintech_activity_small_model,discount_rate,10
insurance_fintech_activity_small_model,loan_ratio,50
insurance_fintech_activity_small_model,interest_rate,8
insurance_fintech_activity_small_model,loan_term_years,5
insurance_fintech_activity_medium_model,rent_monthly,15000
insurance_fintech_activity_medium_model,salaries_monthly,45000
insurance_fintech_activity_medium_model,marketing_monthly,6000
insurance_fintech_activity_medium_model,utilities_monthly,3000
insurance_fintech_activity_medium_model,insurance_monthly,2000
insurance_fintech_activity_medium_model,revenue_growth_rate,5
insurance_fintech_activity_medium_model,cogs_ratio,35
insurance_fintech_activity_medium_model,vat_rate,15
insurance_fintech_activity_medium_model,corporate_tax_rate,20
insurance_fintech_activity_medium_model,annual_depreciation_rate,10
insurance_fintech_activity_medium_model,working_capital_days,30
insurance_fintech_activity_medium_model,discount_rate,10
insurance_fintech_activity_medium_model,loan_ratio,50
insurance_fintech_activity_medium_model,interest_rate,8
insurance_fintech_activity_medium_model,loan_term_years,5
insurance_fintech_activity_large_model,rent_monthly,40000
insurance_fintech_activity_large_model,salaries_monthly,120000
insurance_fintech_activity_large_model,marketing_monthly,18000
insurance_fintech_activity_large_model,utilities_monthly,8000
insurance_fintech_activity_large_model,insurance_monthly,5000
insurance_fintech_activity_large_model,revenue_growth_rate,5
insurance_fintech_activity_large_model,cogs_ratio,35
insurance_fintech_activity_large_model,vat_rate,15
insurance_fintech_activity_large_model,corporate_tax_rate,20
insurance_fintech_activity_large_model,annual_depreciation_rate,10
insurance_fintech_activity_large_model,working_capital_days,30
insurance_fintech_activity_large_model,discount_rate,10
insurance_fintech_activity_large_model,loan_ratio,50
insurance_fintech_activity_large_model,interest_rate,8
insurance_fintech_activity_large_model,loan_term_years,5
insurance_investment_activity_small_model,rent_monthly,5000
insurance_investment_activity_small_model,salaries_monthly,15000
insurance_investment_activity_small_model,marketing_monthly,2000
insurance_investment_activity_small_model,utilities_monthly,1000
insurance_investment_activity_small_model,insurance_monthly,800
insurance_investment_activity_small_model,revenue_growth_rate,5
insurance_investment_activity_small_model,cogs_ratio,35
insurance_investment_activity_small_model,vat_rate,15
insurance_investment_activity_small_model,corporate_tax_rate,20
insurance_investment_activity_small_model,annual_depreciation_rate,10
insurance_investment_activity_small_model,working_capital_days,30
insurance_investment_activity_small_model,discount_rate,10
insurance_investment_activity_small_model,loan_ratio,50
insurance_investment_activity_small_model,interest_rate,8
insurance_investment_activity_small_model,loan_term_years,5
insurance_investment_activity_medium_model,rent_monthly,15000
insurance_investment_activity_medium_model,salaries_monthly,45000
insurance_investment_activity_medium_model,marketing_monthly,6000
insurance_investment_activity_medium_model,utilities_monthly,3000
insurance_investment_activity_medium_model,insurance_monthly,2000
insurance_investment_activity_medium_model,revenue_growth_rate,5
insurance_investment_activity_medium_model,cogs_ratio,35
insurance_investment_activity_medium_model,vat_rate,15
insurance_investment_activity_medium_model,corporate_tax_rate,20
insurance_investment_activity_medium_model,annual_depreciation_rate,10
insurance_investment_activity_medium_model,working_capital_days,30
insurance_investment_activity_medium_model,discount_rate,10
insurance_investment_activity_medium_model,loan_ratio,50
insurance_investment_activity_medium_model,interest_rate,8
insurance_investment_activity_medium_model,loan_term_years,5
insurance_investment_activity_large_model,rent_monthly,40000
insurance_investment_activity_large_model,salaries_monthly,120000
insurance_investment_activity_large_model,marketing_monthly,18000
insurance_investment_activity_large_model,utilities_monthly,8000
insurance_investment_activity_large_model,insurance_monthly,5000
insurance_investment_activity_large_model,revenue_growth_rate,5
insurance_investment_activity_large_model,cogs_ratio,35
insurance_investment_activity_large_model,vat_rate,15
insurance_investment_activity_large_model,corporate_tax_rate,20
insurance_investment_activity_large_model,annual_depreciation_rate,10
insurance_investment_activity_large_model,working_capital_days,30
insurance_investment_activity_large_model,discount_rate,10
insurance_investment_activity_large_model,loan_ratio,50
insurance_investment_activity_large_model,interest_rate,8
insurance_investment_activity_large_model,loan_term_years,5
awqaf_consulting_activity_small_model,rent_monthly,5000
awqaf_consulting_activity_small_model,salaries_monthly,15000
awqaf_consulting_activity_small_model,marketing_monthly,2000
awqaf_consulting_activity_small_model,utilities_monthly,1000
awqaf_consulting_activity_small_model,insurance_monthly,800
awqaf_consulting_activity_small_model,revenue_growth_rate,5
awqaf_consulting_activity_small_model,cogs_ratio,35
awqaf_consulting_activity_small_model,vat_rate,15
awqaf_consulting_activity_small_model,corporate_tax_rate,20
awqaf_consulting_activity_small_model,annual_depreciation_rate,10
awqaf_consulting_activity_small_model,working_capital_days,30
awqaf_consulting_activity_small_model,discount_rate,10
awqaf_consulting_activity_small_model,loan_ratio,50
awqaf_consulting_activity_small_model,interest_rate,8
awqaf_consulting_activity_small_model,loan_term_years,5
awqaf_consulting_activity_medium_model,rent_monthly,15000
awqaf_consulting_activity_medium_model,salaries_monthly,45000
awqaf_consulting_activity_medium_model,marketing_monthly,6000
awqaf_consulting_activity_medium_model,utilities_monthly,3000
awqaf_consulting_activity_medium_model,insurance_monthly,2000
awqaf_consulting_activity_medium_model,revenue_growth_rate,5
awqaf_consulting_activity_medium_model,cogs_ratio,35
awqaf_consulting_activity_medium_model,vat_rate,15
awqaf_consulting_activity_medium_model,corporate_tax_rate,20
awqaf_consulting_activity_medium_model,annual_depreciation_rate,10
awqaf_consulting_activity_medium_model,working_capital_days,30
awqaf_consulting_activity_medium_model,discount_rate,10
awqaf_consulting_activity_medium_model,loan_ratio,50
awqaf_consulting_activity_medium_model,interest_rate,8
awqaf_consulting_activity_medium_model,loan_term_years,5
awqaf_consulting_activity_large_model,rent_monthly,40000
awqaf_consulting_activity_large_model,salaries_monthly,120000
awqaf_consulting_activity_large_model,marketing_monthly,18000
awqaf_consulting_activity_large_model,utilities_monthly,8000
awqaf_consulting_activity_large_model,insurance_monthly,5000
awqaf_consulting_activity_large_model,revenue_growth_rate,5
awqaf_consulting_activity_large_model,cogs_ratio,35
awqaf_consulting_activity_large_model,vat_rate,15
awqaf_consulting_activity_large_model,corporate_tax_rate,20
awqaf_consulting_activity_large_model,annual_depreciation_rate,10
awqaf_consulting_activity_large_model,working_capital_days,30
awqaf_consulting_activity_large_model,discount_rate,10
awqaf_consulting_activity_large_model,loan_ratio,50
awqaf_consulting_activity_large_model,interest_rate,8
awqaf_consulting_activity_large_model,loan_term_years,5
awqaf_maintenance_activity_small_model,rent_monthly,5000
awqaf_maintenance_activity_small_model,salaries_monthly,15000
awqaf_maintenance_activity_small_model,marketing_monthly,2000
awqaf_maintenance_activity_small_model,utilities_monthly,1000
awqaf_maintenance_activity_small_model,insurance_monthly,800
awqaf_maintenance_activity_small_model,revenue_growth_rate,5
awqaf_maintenance_activity_small_model,cogs_ratio,35
awqaf_maintenance_activity_small_model,vat_rate,15
awqaf_maintenance_activity_small_model,corporate_tax_rate,20
awqaf_maintenance_activity_small_model,annual_depreciation_rate,10
awqaf_maintenance_activity_small_model,working_capital_days,30
awqaf_maintenance_activity_small_model,discount_rate,10
awqaf_maintenance_activity_small_model,loan_ratio,50
awqaf_maintenance_activity_small_model,interest_rate,8
awqaf_maintenance_activity_small_model,loan_term_years,5
awqaf_maintenance_activity_medium_model,rent_monthly,15000
awqaf_maintenance_activity_medium_model,salaries_monthly,45000
awqaf_maintenance_activity_medium_model,marketing_monthly,6000
awqaf_maintenance_activity_medium_model,utilities_monthly,3000
awqaf_maintenance_activity_medium_model,insurance_monthly,2000
awqaf_maintenance_activity_medium_model,revenue_growth_rate,5
awqaf_maintenance_activity_medium_model,cogs_ratio,35
awqaf_maintenance_activity_medium_model,vat_rate,15
awqaf_maintenance_activity_medium_model,corporate_tax_rate,20
awqaf_maintenance_activity_medium_model,annual_depreciation_rate,10
awqaf_maintenance_activity_medium_model,working_capital_days,30
awqaf_maintenance_activity_medium_model,discount_rate,10
awqaf_maintenance_activity_medium_model,loan_ratio,50
awqaf_maintenance_activity_medium_model,interest_rate,8
awqaf_maintenance_activity_medium_model,loan_term_years,5
awqaf_maintenance_activity_large_model,rent_monthly,40000
awqaf_maintenance_activity_large_model,salaries_monthly,120000
awqaf_maintenance_activity_large_model,marketing_monthly,18000
awqaf_maintenance_activity_large_model,utilities_monthly,8000
awqaf_maintenance_activity_large_model,insurance_monthly,5000
awqaf_maintenance_activity_large_model,revenue_growth_rate,5
awqaf_maintenance_activity_large_model,cogs_ratio,35
awqaf_maintenance_activity_large_model,vat_rate,15
awqaf_maintenance_activity_large_model,corporate_tax_rate,20
awqaf_maintenance_activity_large_model,annual_depreciation_rate,10
awqaf_maintenance_activity_large_model,working_capital_days,30
awqaf_maintenance_activity_large_model,discount_rate,10
awqaf_maintenance_activity_large_model,loan_ratio,50
awqaf_maintenance_activity_large_model,interest_rate,8
awqaf_maintenance_activity_large_model,loan_term_years,5
awqaf_cleaning_activity_small_model,rent_monthly,5000
awqaf_cleaning_activity_small_model,salaries_monthly,15000
awqaf_cleaning_activity_small_model,marketing_monthly,2000
awqaf_cleaning_activity_small_model,utilities_monthly,1000
awqaf_cleaning_activity_small_model,insurance_monthly,800
awqaf_cleaning_activity_small_model,revenue_growth_rate,5
awqaf_cleaning_activity_small_model,cogs_ratio,35
awqaf_cleaning_activity_small_model,vat_rate,15
awqaf_cleaning_activity_small_model,corporate_tax_rate,20
awqaf_cleaning_activity_small_model,annual_depreciation_rate,10
awqaf_cleaning_activity_small_model,working_capital_days,30
awqaf_cleaning_activity_small_model,discount_rate,10
awqaf_cleaning_activity_small_model,loan_ratio,50
awqaf_cleaning_activity_small_model,interest_rate,8
awqaf_cleaning_activity_small_model,loan_term_years,5
awqaf_cleaning_activity_medium_model,rent_monthly,15000
awqaf_cleaning_activity_medium_model,salaries_monthly,45000
awqaf_cleaning_activity_medium_model,marketing_monthly,6000
awqaf_cleaning_activity_medium_model,utilities_monthly,3000
awqaf_cleaning_activity_medium_model,insurance_monthly,2000
awqaf_cleaning_activity_medium_model,revenue_growth_rate,5
awqaf_cleaning_activity_medium_model,cogs_ratio,35
awqaf_cleaning_activity_medium_model,vat_rate,15
awqaf_cleaning_activity_medium_model,corporate_tax_rate,20
awqaf_cleaning_activity_medium_model,annual_depreciation_rate,10
awqaf_cleaning_activity_medium_model,working_capital_days,30
awqaf_cleaning_activity_medium_model,discount_rate,10
awqaf_cleaning_activity_medium_model,loan_ratio,50
awqaf_cleaning_activity_medium_model,interest_rate,8
awqaf_cleaning_activity_medium_model,loan_term_years,5
awqaf_cleaning_activity_large_model,rent_monthly,40000
awqaf_cleaning_activity_large_model,salaries_monthly,120000
awqaf_cleaning_activity_large_model,marketing_monthly,18000
awqaf_cleaning_activity_large_model,utilities_monthly,8000
awqaf_cleaning_activity_large_model,insurance_monthly,5000
awqaf_cleaning_activity_large_model,revenue_growth_rate,5
awqaf_cleaning_activity_large_model,cogs_ratio,35
awqaf_cleaning_activity_large_model,vat_rate,15
awqaf_cleaning_activity_large_model,corporate_tax_rate,20
awqaf_cleaning_activity_large_model,annual_depreciation_rate,10
awqaf_cleaning_activity_large_model,working_capital_days,30
awqaf_cleaning_activity_large_model,discount_rate,10
awqaf_cleaning_activity_large_model,loan_ratio,50
awqaf_cleaning_activity_large_model,interest_rate,8
awqaf_cleaning_activity_large_model,loan_term_years,5
awqaf_security_activity_small_model,rent_monthly,5000
awqaf_security_activity_small_model,salaries_monthly,15000
awqaf_security_activity_small_model,marketing_monthly,2000
awqaf_security_activity_small_model,utilities_monthly,1000
awqaf_security_activity_small_model,insurance_monthly,800
awqaf_security_activity_small_model,revenue_growth_rate,5
awqaf_security_activity_small_model,cogs_ratio,35
awqaf_security_activity_small_model,vat_rate,15
awqaf_security_activity_small_model,corporate_tax_rate,20
awqaf_security_activity_small_model,annual_depreciation_rate,10
awqaf_security_activity_small_model,working_capital_days,30
awqaf_security_activity_small_model,discount_rate,10
awqaf_security_activity_small_model,loan_ratio,50
awqaf_security_activity_small_model,interest_rate,8
awqaf_security_activity_small_model,loan_term_years,5
awqaf_security_activity_medium_model,rent_monthly,15000
awqaf_security_activity_medium_model,salaries_monthly,45000
awqaf_security_activity_medium_model,marketing_monthly,6000
awqaf_security_activity_medium_model,utilities_monthly,3000
awqaf_security_activity_medium_model,insurance_monthly,2000
awqaf_security_activity_medium_model,revenue_growth_rate,5
awqaf_security_activity_medium_model,cogs_ratio,35
awqaf_security_activity_medium_model,vat_rate,15
awqaf_security_activity_medium_model,corporate_tax_rate,20
awqaf_security_activity_medium_model,annual_depreciation_rate,10
awqaf_security_activity_medium_model,working_capital_days,30
awqaf_security_activity_medium_model,discount_rate,10
awqaf_security_activity_medium_model,loan_ratio,50
awqaf_security_activity_medium_model,interest_rate,8
awqaf_security_activity_medium_model,loan_term_years,5
awqaf_security_activity_large_model,rent_monthly,40000
awqaf_security_activity_large_model,salaries_monthly,120000
awqaf_security_activity_large_model,marketing_monthly,18000
awqaf_security_activity_large_model,utilities_monthly,8000
awqaf_security_activity_large_model,insurance_monthly,5000
awqaf_security_activity_large_model,revenue_growth_rate,5
awqaf_security_activity_large_model,cogs_ratio,35
awqaf_security_activity_large_model,vat_rate,15
awqaf_security_activity_large_model,corporate_tax_rate,20
awqaf_security_activity_large_model,annual_depreciation_rate,10
awqaf_security_activity_large_model,working_capital_days,30
awqaf_security_activity_large_model,discount_rate,10
awqaf_security_activity_large_model,loan_ratio,50
awqaf_security_activity_large_model,interest_rate,8
awqaf_security_activity_large_model,loan_term_years,5
education_schools_activity_small_model,rent_monthly,5000
education_schools_activity_small_model,salaries_monthly,15000
education_schools_activity_small_model,marketing_monthly,2000
education_schools_activity_small_model,utilities_monthly,1000
education_schools_activity_small_model,insurance_monthly,800
education_schools_activity_small_model,revenue_growth_rate,5
education_schools_activity_small_model,cogs_ratio,35
education_schools_activity_small_model,vat_rate,15
education_schools_activity_small_model,corporate_tax_rate,20
education_schools_activity_small_model,annual_depreciation_rate,10
education_schools_activity_small_model,working_capital_days,30
education_schools_activity_small_model,discount_rate,10
education_schools_activity_small_model,loan_ratio,50
education_schools_activity_small_model,interest_rate,8
education_schools_activity_small_model,loan_term_years,5
education_schools_activity_medium_model,rent_monthly,15000
education_schools_activity_medium_model,salaries_monthly,45000
education_schools_activity_medium_model,marketing_monthly,6000
education_schools_activity_medium_model,utilities_monthly,3000
education_schools_activity_medium_model,insurance_monthly,2000
education_schools_activity_medium_model,revenue_growth_rate,5
education_schools_activity_medium_model,cogs_ratio,35
education_schools_activity_medium_model,vat_rate,15
education_schools_activity_medium_model,corporate_tax_rate,20
education_schools_activity_medium_model,annual_depreciation_rate,10
education_schools_activity_medium_model,working_capital_days,30
education_schools_activity_medium_model,discount_rate,10
education_schools_activity_medium_model,loan_ratio,50
education_schools_activity_medium_model,interest_rate,8
education_schools_activity_medium_model,loan_term_years,5
education_schools_activity_large_model,rent_monthly,40000
education_schools_activity_large_model,salaries_monthly,120000
education_schools_activity_large_model,marketing_monthly,18000
education_schools_activity_large_model,utilities_monthly,8000
education_schools_activity_large_model,insurance_monthly,5000
education_schools_activity_large_model,revenue_growth_rate,5
education_schools_activity_large_model,cogs_ratio,35
education_schools_activity_large_model,vat_rate,15
education_schools_activity_large_model,corporate_tax_rate,20
education_schools_activity_large_model,annual_depreciation_rate,10
education_schools_activity_large_model,working_capital_days,30
education_schools_activity_large_model,discount_rate,10
education_schools_activity_large_model,loan_ratio,50
education_schools_activity_large_model,interest_rate,8
education_schools_activity_large_model,loan_term_years,5
education_training_activity_small_model,rent_monthly,5000
education_training_activity_small_model,salaries_monthly,15000
education_training_activity_small_model,marketing_monthly,2000
education_training_activity_small_model,utilities_monthly,1000
education_training_activity_small_model,insurance_monthly,800
education_training_activity_small_model,revenue_growth_rate,5
education_training_activity_small_model,cogs_ratio,35
education_training_activity_small_model,vat_rate,15
education_training_activity_small_model,corporate_tax_rate,20
education_training_activity_small_model,annual_depreciation_rate,10
education_training_activity_small_model,working_capital_days,30
education_training_activity_small_model,discount_rate,10
education_training_activity_small_model,loan_ratio,50
education_training_activity_small_model,interest_rate,8
education_training_activity_small_model,loan_term_years,5
education_training_activity_medium_model,rent_monthly,15000
education_training_activity_medium_model,salaries_monthly,45000
education_training_activity_medium_model,marketing_monthly,6000
education_training_activity_medium_model,utilities_monthly,3000
education_training_activity_medium_model,insurance_monthly,2000
education_training_activity_medium_model,revenue_growth_rate,5
education_training_activity_medium_model,cogs_ratio,35
education_training_activity_medium_model,vat_rate,15
education_training_activity_medium_model,corporate_tax_rate,20
education_training_activity_medium_model,annual_depreciation_rate,10
education_training_activity_medium_model,working_capital_days,30
education_training_activity_medium_model,discount_rate,10
education_training_activity_medium_model,loan_ratio,50
education_training_activity_medium_model,interest_rate,8
education_training_activity_medium_model,loan_term_years,5
education_training_activity_large_model,rent_monthly,40000
education_training_activity_large_model,salaries_monthly,120000
education_training_activity_large_model,marketing_monthly,18000
education_training_activity_large_model,utilities_monthly,8000
education_training_activity_large_model,insurance_monthly,5000
education_training_activity_large_model,revenue_growth_rate,5
education_training_activity_large_model,cogs_ratio,35
education_training_activity_large_model,vat_rate,15
education_training_activity_large_model,corporate_tax_rate,20
education_training_activity_large_model,annual_depreciation_rate,10
education_training_activity_large_model,working_capital_days,30
education_training_activity_large_model,discount_rate,10
education_training_activity_large_model,loan_ratio,50
education_training_activity_large_model,interest_rate,8
education_training_activity_large_model,loan_term_years,5
education_universities_activity_small_model,rent_monthly,5000
education_universities_activity_small_model,salaries_monthly,15000
education_universities_activity_small_model,marketing_monthly,2000
education_universities_activity_small_model,utilities_monthly,1000
education_universities_activity_small_model,insurance_monthly,800
education_universities_activity_small_model,revenue_growth_rate,5
education_universities_activity_small_model,cogs_ratio,35
education_universities_activity_small_model,vat_rate,15
education_universities_activity_small_model,corporate_tax_rate,20
education_universities_activity_small_model,annual_depreciation_rate,10
education_universities_activity_small_model,working_capital_days,30
education_universities_activity_small_model,discount_rate,10
education_universities_activity_small_model,loan_ratio,50
education_universities_activity_small_model,interest_rate,8
education_universities_activity_small_model,loan_term_years,5
education_universities_activity_medium_model,rent_monthly,15000
education_universities_activity_medium_model,salaries_monthly,45000
education_universities_activity_medium_model,marketing_monthly,6000
education_universities_activity_medium_model,utilities_monthly,3000
education_universities_activity_medium_model,insurance_monthly,2000
education_universities_activity_medium_model,revenue_growth_rate,5
education_universities_activity_medium_model,cogs_ratio,35
education_universities_activity_medium_model,vat_rate,15
education_universities_activity_medium_model,corporate_tax_rate,20
education_universities_activity_medium_model,annual_depreciation_rate,10
education_universities_activity_medium_model,working_capital_days,30
education_universities_activity_medium_model,discount_rate,10
education_universities_activity_medium_model,loan_ratio,50
education_universities_activity_medium_model,interest_rate,8
education_universities_activity_medium_model,loan_term_years,5
education_universities_activity_large_model,rent_monthly,40000
education_universities_activity_large_model,salaries_monthly,120000
education_universities_activity_large_model,marketing_monthly,18000
education_universities_activity_large_model,utilities_monthly,8000
education_universities_activity_large_model,insurance_monthly,5000
education_universities_activity_large_model,revenue_growth_rate,5
education_universities_activity_large_model,cogs_ratio,35
education_universities_activity_large_model,vat_rate,15
education_universities_activity_large_model,corporate_tax_rate,20
education_universities_activity_large_model,annual_depreciation_rate,10
education_universities_activity_large_model,working_capital_days,30
education_universities_activity_large_model,discount_rate,10
education_universities_activity_large_model,loan_ratio,50
education_universities_activity_large_model,interest_rate,8
education_universities_activity_large_model,loan_term_years,5
education_elearning_activity_small_model,rent_monthly,5000
education_elearning_activity_small_model,salaries_monthly,15000
education_elearning_activity_small_model,marketing_monthly,2000
education_elearning_activity_small_model,utilities_monthly,1000
education_elearning_activity_small_model,insurance_monthly,800
education_elearning_activity_small_model,revenue_growth_rate,5
education_elearning_activity_small_model,cogs_ratio,35
education_elearning_activity_small_model,vat_rate,15
education_elearning_activity_small_model,corporate_tax_rate,20
education_elearning_activity_small_model,annual_depreciation_rate,10
education_elearning_activity_small_model,working_capital_days,30
education_elearning_activity_small_model,discount_rate,10
education_elearning_activity_small_model,loan_ratio,50
education_elearning_activity_small_model,interest_rate,8
education_elearning_activity_small_model,loan_term_years,5
education_elearning_activity_medium_model,rent_monthly,15000
education_elearning_activity_medium_model,salaries_monthly,45000
education_elearning_activity_medium_model,marketing_monthly,6000
education_elearning_activity_medium_model,utilities_monthly,3000
education_elearning_activity_medium_model,insurance_monthly,2000
education_elearning_activity_medium_model,revenue_growth_rate,5
education_elearning_activity_medium_model,cogs_ratio,35
education_elearning_activity_medium_model,vat_rate,15
education_elearning_activity_medium_model,corporate_tax_rate,20
education_elearning_activity_medium_model,annual_depreciation_rate,10
education_elearning_activity_medium_model,working_capital_days,30
education_elearning_activity_medium_model,discount_rate,10
education_elearning_activity_medium_model,loan_ratio,50
education_elearning_activity_medium_model,interest_rate,8
education_elearning_activity_medium_model,loan_term_years,5
education_elearning_activity_large_model,rent_monthly,40000
education_elearning_activity_large_model,salaries_monthly,120000
education_elearning_activity_large_model,marketing_monthly,18000
education_elearning_activity_large_model,utilities_monthly,8000
education_elearning_activity_large_model,insurance_monthly,5000
education_elearning_activity_large_model,revenue_growth_rate,5
education_elearning_activity_large_model,cogs_ratio,35
education_elearning_activity_large_model,vat_rate,15
education_elearning_activity_large_model,corporate_tax_rate,20
education_elearning_activity_large_model,annual_depreciation_rate,10
education_elearning_activity_large_model,working_capital_days,30
education_elearning_activity_large_model,discount_rate,10
education_elearning_activity_large_model,loan_ratio,50
education_elearning_activity_large_model,interest_rate,8
education_elearning_activity_large_model,loan_term_years,5
industrial_factories_activity_small_model,rent_monthly,5000
industrial_factories_activity_small_model,salaries_monthly,15000
industrial_factories_activity_small_model,marketing_monthly,2000
industrial_factories_activity_small_model,utilities_monthly,1000
industrial_factories_activity_small_model,insurance_monthly,800
industrial_factories_activity_small_model,revenue_growth_rate,5
industrial_factories_activity_small_model,cogs_ratio,35
industrial_factories_activity_small_model,vat_rate,15
industrial_factories_activity_small_model,corporate_tax_rate,20
industrial_factories_activity_small_model,annual_depreciation_rate,10
industrial_factories_activity_small_model,working_capital_days,30
industrial_factories_activity_small_model,discount_rate,10
industrial_factories_activity_small_model,loan_ratio,50
industrial_factories_activity_small_model,interest_rate,8
industrial_factories_activity_small_model,loan_term_years,5
industrial_factories_activity_medium_model,rent_monthly,15000
industrial_factories_activity_medium_model,salaries_monthly,45000
industrial_factories_activity_medium_model,marketing_monthly,6000
industrial_factories_activity_medium_model,utilities_monthly,3000
industrial_factories_activity_medium_model,insurance_monthly,2000
industrial_factories_activity_medium_model,revenue_growth_rate,5
industrial_factories_activity_medium_model,cogs_ratio,35
industrial_factories_activity_medium_model,vat_rate,15
industrial_factories_activity_medium_model,corporate_tax_rate,20
industrial_factories_activity_medium_model,annual_depreciation_rate,10
industrial_factories_activity_medium_model,working_capital_days,30
industrial_factories_activity_medium_model,discount_rate,10
industrial_factories_activity_medium_model,loan_ratio,50
industrial_factories_activity_medium_model,interest_rate,8
industrial_factories_activity_medium_model,loan_term_years,5
industrial_factories_activity_large_model,rent_monthly,40000
industrial_factories_activity_large_model,salaries_monthly,120000
industrial_factories_activity_large_model,marketing_monthly,18000
industrial_factories_activity_large_model,utilities_monthly,8000
industrial_factories_activity_large_model,insurance_monthly,5000
industrial_factories_activity_large_model,revenue_growth_rate,5
industrial_factories_activity_large_model,cogs_ratio,35
industrial_factories_activity_large_model,vat_rate,15
industrial_factories_activity_large_model,corporate_tax_rate,20
industrial_factories_activity_large_model,annual_depreciation_rate,10
industrial_factories_activity_large_model,working_capital_days,30
industrial_factories_activity_large_model,discount_rate,10
industrial_factories_activity_large_model,loan_ratio,50
industrial_factories_activity_large_model,interest_rate,8
industrial_factories_activity_large_model,loan_term_years,5
industrial_workshops_activity_small_model,rent_monthly,5000
industrial_workshops_activity_small_model,salaries_monthly,15000
industrial_workshops_activity_small_model,marketing_monthly,2000
industrial_workshops_activity_small_model,utilities_monthly,1000
industrial_workshops_activity_small_model,insurance_monthly,800
industrial_workshops_activity_small_model,revenue_growth_rate,5
industrial_workshops_activity_small_model,cogs_ratio,35
industrial_workshops_activity_small_model,vat_rate,15
industrial_workshops_activity_small_model,corporate_tax_rate,20
industrial_workshops_activity_small_model,annual_depreciation_rate,10
industrial_workshops_activity_small_model,working_capital_days,30
industrial_workshops_activity_small_model,discount_rate,10
industrial_workshops_activity_small_model,loan_ratio,50
industrial_workshops_activity_small_model,interest_rate,8
industrial_workshops_activity_small_model,loan_term_years,5
industrial_workshops_activity_medium_model,rent_monthly,15000
industrial_workshops_activity_medium_model,salaries_monthly,45000
industrial_workshops_activity_medium_model,marketing_monthly,6000
industrial_workshops_activity_medium_model,utilities_monthly,3000
industrial_workshops_activity_medium_model,insurance_monthly,2000
industrial_workshops_activity_medium_model,revenue_growth_rate,5
industrial_workshops_activity_medium_model,cogs_ratio,35
industrial_workshops_activity_medium_model,vat_rate,15
industrial_workshops_activity_medium_model,corporate_tax_rate,20
industrial_workshops_activity_medium_model,annual_depreciation_rate,10
industrial_workshops_activity_medium_model,working_capital_days,30
industrial_workshops_activity_medium_model,discount_rate,10
industrial_workshops_activity_medium_model,loan_ratio,50
industrial_workshops_activity_medium_model,interest_rate,8
industrial_workshops_activity_medium_model,loan_term_years,5
industrial_workshops_activity_large_model,rent_monthly,40000
industrial_workshops_activity_large_model,salaries_monthly,120000
industrial_workshops_activity_large_model,marketing_monthly,18000
industrial_workshops_activity_large_model,utilities_monthly,8000
industrial_workshops_activity_large_model,insurance_monthly,5000
industrial_workshops_activity_large_model,revenue_growth_rate,5
industrial_workshops_activity_large_model,cogs_ratio,35
industrial_workshops_activity_large_model,vat_rate,15
industrial_workshops_activity_large_model,corporate_tax_rate,20
industrial_workshops_activity_large_model,annual_depreciation_rate,10
industrial_workshops_activity_large_model,working_capital_days,30
industrial_workshops_activity_large_model,discount_rate,10
industrial_workshops_activity_large_model,loan_ratio,50
industrial_workshops_activity_large_model,interest_rate,8
industrial_workshops_activity_large_model,loan_term_years,5
industrial_assembly_activity_small_model,rent_monthly,5000
industrial_assembly_activity_small_model,salaries_monthly,15000
industrial_assembly_activity_small_model,marketing_monthly,2000
industrial_assembly_activity_small_model,utilities_monthly,1000
industrial_assembly_activity_small_model,insurance_monthly,800
industrial_assembly_activity_small_model,revenue_growth_rate,5
industrial_assembly_activity_small_model,cogs_ratio,35
industrial_assembly_activity_small_model,vat_rate,15
industrial_assembly_activity_small_model,corporate_tax_rate,20
industrial_assembly_activity_small_model,annual_depreciation_rate,10
industrial_assembly_activity_small_model,working_capital_days,30
industrial_assembly_activity_small_model,discount_rate,10
industrial_assembly_activity_small_model,loan_ratio,50
industrial_assembly_activity_small_model,interest_rate,8
industrial_assembly_activity_small_model,loan_term_years,5
industrial_assembly_activity_medium_model,rent_monthly,15000
industrial_assembly_activity_medium_model,salaries_monthly,45000
industrial_assembly_activity_medium_model,marketing_monthly,6000
industrial_assembly_activity_medium_model,utilities_monthly,3000
industrial_assembly_activity_medium_model,insurance_monthly,2000
industrial_assembly_activity_medium_model,revenue_growth_rate,5
industrial_assembly_activity_medium_model,cogs_ratio,35
industrial_assembly_activity_medium_model,vat_rate,15
industrial_assembly_activity_medium_model,corporate_tax_rate,20
industrial_assembly_activity_medium_model,annual_depreciation_rate,10
industrial_assembly_activity_medium_model,working_capital_days,30
industrial_assembly_activity_medium_model,discount_rate,10
industrial_assembly_activity_medium_model,loan_ratio,50
industrial_assembly_activity_medium_model,interest_rate,8
industrial_assembly_activity_medium_model,loan_term_years,5
industrial_assembly_activity_large_model,rent_monthly,40000
industrial_assembly_activity_large_model,salaries_monthly,120000
industrial_assembly_activity_large_model,marketing_monthly,18000
industrial_assembly_activity_large_model,utilities_monthly,8000
industrial_assembly_activity_large_model,insurance_monthly,5000
industrial_assembly_activity_large_model,revenue_growth_rate,5
industrial_assembly_activity_large_model,cogs_ratio,35
industrial_assembly_activity_large_model,vat_rate,15
industrial_assembly_activity_large_model,corporate_tax_rate,20
industrial_assembly_activity_large_model,annual_depreciation_rate,10
industrial_assembly_activity_large_model,working_capital_days,30
industrial_assembly_activity_large_model,discount_rate,10
industrial_assembly_activity_large_model,loan_ratio,50
industrial_assembly_activity_large_model,interest_rate,8
industrial_assembly_activity_large_model,loan_term_years,5
industrial_packaging_activity_small_model,rent_monthly,5000
industrial_packaging_activity_small_model,salaries_monthly,15000
industrial_packaging_activity_small_model,marketing_monthly,2000
industrial_packaging_activity_small_model,utilities_monthly,1000
industrial_packaging_activity_small_model,insurance_monthly,800
industrial_packaging_activity_small_model,revenue_growth_rate,5
industrial_packaging_activity_small_model,cogs_ratio,35
industrial_packaging_activity_small_model,vat_rate,15
industrial_packaging_activity_small_model,corporate_tax_rate,20
industrial_packaging_activity_small_model,annual_depreciation_rate,10
industrial_packaging_activity_small_model,working_capital_days,30
industrial_packaging_activity_small_model,discount_rate,10
industrial_packaging_activity_small_model,loan_ratio,50
industrial_packaging_activity_small_model,interest_rate,8
industrial_packaging_activity_small_model,loan_term_years,5
industrial_packaging_activity_medium_model,rent_monthly,15000
industrial_packaging_activity_medium_model,salaries_monthly,45000
industrial_packaging_activity_medium_model,marketing_monthly,6000
industrial_packaging_activity_medium_model,utilities_monthly,3000
industrial_packaging_activity_medium_model,insurance_monthly,2000
industrial_packaging_activity_medium_model,revenue_growth_rate,5
industrial_packaging_activity_medium_model,cogs_ratio,35
industrial_packaging_activity_medium_model,vat_rate,15
industrial_packaging_activity_medium_model,corporate_tax_rate,20
industrial_packaging_activity_medium_model,annual_depreciation_rate,10
industrial_packaging_activity_medium_model,working_capital_days,30
industrial_packaging_activity_medium_model,discount_rate,10
industrial_packaging_activity_medium_model,loan_ratio,50
industrial_packaging_activity_medium_model,interest_rate,8
industrial_packaging_activity_medium_model,loan_term_years,5
industrial_packaging_activity_large_model,rent_monthly,40000
industrial_packaging_activity_large_model,salaries_monthly,120000
industrial_packaging_activity_large_model,marketing_monthly,18000
industrial_packaging_activity_large_model,utilities_monthly,8000
industrial_packaging_activity_large_model,insurance_monthly,5000
industrial_packaging_activity_large_model,revenue_growth_rate,5
industrial_packaging_activity_large_model,cogs_ratio,35
industrial_packaging_activity_large_model,vat_rate,15
industrial_packaging_activity_large_model,corporate_tax_rate,20
industrial_packaging_activity_large_model,annual_depreciation_rate,10
industrial_packaging_activity_large_model,working_capital_days,30
industrial_packaging_activity_large_model,discount_rate,10
industrial_packaging_activity_large_model,loan_ratio,50
industrial_packaging_activity_large_model,interest_rate,8
industrial_packaging_activity_large_model,loan_term_years,5
food_industries_restaurants_activity_small_model,rent_monthly,5000
food_industries_restaurants_activity_small_model,salaries_monthly,15000
food_industries_restaurants_activity_small_model,marketing_monthly,2000
food_industries_restaurants_activity_small_model,utilities_monthly,1000
food_industries_restaurants_activity_small_model,insurance_monthly,800
food_industries_restaurants_activity_small_model,revenue_growth_rate,5
food_industries_restaurants_activity_small_model,cogs_ratio,35
food_industries_restaurants_activity_small_model,vat_rate,15
food_industries_restaurants_activity_small_model,corporate_tax_rate,20
food_industries_restaurants_activity_small_model,annual_depreciation_rate,10
food_industries_restaurants_activity_small_model,working_capital_days,30
food_industries_restaurants_activity_small_model,discount_rate,10
food_industries_restaurants_activity_small_model,loan_ratio,50
food_industries_restaurants_activity_small_model,interest_rate,8
food_industries_restaurants_activity_small_model,loan_term_years,5
food_industries_restaurants_activity_medium_model,rent_monthly,15000
food_industries_restaurants_activity_medium_model,salaries_monthly,45000
food_industries_restaurants_activity_medium_model,marketing_monthly,6000
food_industries_restaurants_activity_medium_model,utilities_monthly,3000
food_industries_restaurants_activity_medium_model,insurance_monthly,2000
food_industries_restaurants_activity_medium_model,revenue_growth_rate,5
food_industries_restaurants_activity_medium_model,cogs_ratio,35
food_industries_restaurants_activity_medium_model,vat_rate,15
food_industries_restaurants_activity_medium_model,corporate_tax_rate,20
food_industries_restaurants_activity_medium_model,annual_depreciation_rate,10
food_industries_restaurants_activity_medium_model,working_capital_days,30
food_industries_restaurants_activity_medium_model,discount_rate,10
food_industries_restaurants_activity_medium_model,loan_ratio,50
food_industries_restaurants_activity_medium_model,interest_rate,8
food_industries_restaurants_activity_medium_model,loan_term_years,5
food_industries_restaurants_activity_large_model,rent_monthly,40000
food_industries_restaurants_activity_large_model,salaries_monthly,120000
food_industries_restaurants_activity_large_model,marketing_monthly,18000
food_industries_restaurants_activity_large_model,utilities_monthly,8000
food_industries_restaurants_activity_large_model,insurance_monthly,5000
food_industries_restaurants_activity_large_model,revenue_growth_rate,5
food_industries_restaurants_activity_large_model,cogs_ratio,35
food_industries_restaurants_activity_large_model,vat_rate,15
food_industries_restaurants_activity_large_model,corporate_tax_rate,20
food_industries_restaurants_activity_large_model,annual_depreciation_rate,10
food_industries_restaurants_activity_large_model,working_capital_days,30
food_industries_restaurants_activity_large_model,discount_rate,10
food_industries_restaurants_activity_large_model,loan_ratio,50
food_industries_restaurants_activity_large_model,interest_rate,8
food_industries_restaurants_activity_large_model,loan_term_years,5
food_industries_cafes_activity_small_model,rent_monthly,5000
food_industries_cafes_activity_small_model,salaries_monthly,15000
food_industries_cafes_activity_small_model,marketing_monthly,2000
food_industries_cafes_activity_small_model,utilities_monthly,1000
food_industries_cafes_activity_small_model,insurance_monthly,800
food_industries_cafes_activity_small_model,revenue_growth_rate,5
food_industries_cafes_activity_small_model,cogs_ratio,35
food_industries_cafes_activity_small_model,vat_rate,15
food_industries_cafes_activity_small_model,corporate_tax_rate,20
food_industries_cafes_activity_small_model,annual_depreciation_rate,10
food_industries_cafes_activity_small_model,working_capital_days,30
food_industries_cafes_activity_small_model,discount_rate,10
food_industries_cafes_activity_small_model,loan_ratio,50
food_industries_cafes_activity_small_model,interest_rate,8
food_industries_cafes_activity_small_model,loan_term_years,5
food_industries_cafes_activity_medium_model,rent_monthly,15000
food_industries_cafes_activity_medium_model,salaries_monthly,45000
food_industries_cafes_activity_medium_model,marketing_monthly,6000
food_industries_cafes_activity_medium_model,utilities_monthly,3000
food_industries_cafes_activity_medium_model,insurance_monthly,2000
food_industries_cafes_activity_medium_model,revenue_growth_rate,5
food_industries_cafes_activity_medium_model,cogs_ratio,35
food_industries_cafes_activity_medium_model,vat_rate,15
food_industries_cafes_activity_medium_model,corporate_tax_rate,20
food_industries_cafes_activity_medium_model,annual_depreciation_rate,10
food_industries_cafes_activity_medium_model,working_capital_days,30
food_industries_cafes_activity_medium_model,discount_rate,10
food_industries_cafes_activity_medium_model,loan_ratio,50
food_industries_cafes_activity_medium_model,interest_rate,8
food_industries_cafes_activity_medium_model,loan_term_years,5
food_industries_cafes_activity_large_model,rent_monthly,40000
food_industries_cafes_activity_large_model,salaries_monthly,120000
food_industries_cafes_activity_large_model,marketing_monthly,18000
food_industries_cafes_activity_large_model,utilities_monthly,8000
food_industries_cafes_activity_large_model,insurance_monthly,5000
food_industries_cafes_activity_large_model,revenue_growth_rate,5
food_industries_cafes_activity_large_model,cogs_ratio,35
food_industries_cafes_activity_large_model,vat_rate,15
food_industries_cafes_activity_large_model,corporate_tax_rate,20
food_industries_cafes_activity_large_model,annual_depreciation_rate,10
food_industries_cafes_activity_large_model,working_capital_days,30
food_industries_cafes_activity_large_model,discount_rate,10
food_industries_cafes_activity_large_model,loan_ratio,50
food_industries_cafes_activity_large_model,interest_rate,8
food_industries_cafes_activity_large_model,loan_term_years,5
food_industries_catering_activity_small_model,rent_monthly,5000
food_industries_catering_activity_small_model,salaries_monthly,15000
food_industries_catering_activity_small_model,marketing_monthly,2000
food_industries_catering_activity_small_model,utilities_monthly,1000
food_industries_catering_activity_small_model,insurance_monthly,800
food_industries_catering_activity_small_model,revenue_growth_rate,5
food_industries_catering_activity_small_model,cogs_ratio,35
food_industries_catering_activity_small_model,vat_rate,15
food_industries_catering_activity_small_model,corporate_tax_rate,20
food_industries_catering_activity_small_model,annual_depreciation_rate,10
food_industries_catering_activity_small_model,working_capital_days,30
food_industries_catering_activity_small_model,discount_rate,10
food_industries_catering_activity_small_model,loan_ratio,50
food_industries_catering_activity_small_model,interest_rate,8
food_industries_catering_activity_small_model,loan_term_years,5
food_industries_catering_activity_medium_model,rent_monthly,15000
food_industries_catering_activity_medium_model,salaries_monthly,45000
food_industries_catering_activity_medium_model,marketing_monthly,6000
food_industries_catering_activity_medium_model,utilities_monthly,3000
food_industries_catering_activity_medium_model,insurance_monthly,2000
food_industries_catering_activity_medium_model,revenue_growth_rate,5
food_industries_catering_activity_medium_model,cogs_ratio,35
food_industries_catering_activity_medium_model,vat_rate,15
food_industries_catering_activity_medium_model,corporate_tax_rate,20
food_industries_catering_activity_medium_model,annual_depreciation_rate,10
food_industries_catering_activity_medium_model,working_capital_days,30
food_industries_catering_activity_medium_model,discount_rate,10
food_industries_catering_activity_medium_model,loan_ratio,50
food_industries_catering_activity_medium_model,interest_rate,8
food_industries_catering_activity_medium_model,loan_term_years,5
food_industries_catering_activity_large_model,rent_monthly,40000
food_industries_catering_activity_large_model,salaries_monthly,120000
food_industries_catering_activity_large_model,marketing_monthly,18000
food_industries_catering_activity_large_model,utilities_monthly,8000
food_industries_catering_activity_large_model,insurance_monthly,5000
food_industries_catering_activity_large_model,revenue_growth_rate,5
food_industries_catering_activity_large_model,cogs_ratio,35
food_industries_catering_activity_large_model,vat_rate,15
food_industries_catering_activity_large_model,corporate_tax_rate,20
food_industries_catering_activity_large_model,annual_depreciation_rate,10
food_industries_catering_activity_large_model,working_capital_days,30
food_industries_catering_activity_large_model,discount_rate,10
food_industries_catering_activity_large_model,loan_ratio,50
food_industries_catering_activity_large_model,interest_rate,8
food_industries_catering_activity_large_model,loan_term_years,5
food_industries_fast_food_activity_small_model,rent_monthly,5000
food_industries_fast_food_activity_small_model,salaries_monthly,15000
food_industries_fast_food_activity_small_model,marketing_monthly,2000
food_industries_fast_food_activity_small_model,utilities_monthly,1000
food_industries_fast_food_activity_small_model,insurance_monthly,800
food_industries_fast_food_activity_small_model,revenue_growth_rate,5
food_industries_fast_food_activity_small_model,cogs_ratio,35
food_industries_fast_food_activity_small_model,vat_rate,15
food_industries_fast_food_activity_small_model,corporate_tax_rate,20
food_industries_fast_food_activity_small_model,annual_depreciation_rate,10
food_industries_fast_food_activity_small_model,working_capital_days,30
food_industries_fast_food_activity_small_model,discount_rate,10
food_industries_fast_food_activity_small_model,loan_ratio,50
food_industries_fast_food_activity_small_model,interest_rate,8
food_industries_fast_food_activity_small_model,loan_term_years,5
food_industries_fast_food_activity_medium_model,rent_monthly,15000
food_industries_fast_food_activity_medium_model,salaries_monthly,45000
food_industries_fast_food_activity_medium_model,marketing_monthly,6000
food_industries_fast_food_activity_medium_model,utilities_monthly,3000
food_industries_fast_food_activity_medium_model,insurance_monthly,2000
food_industries_fast_food_activity_medium_model,revenue_growth_rate,5
food_industries_fast_food_activity_medium_model,cogs_ratio,35
food_industries_fast_food_activity_medium_model,vat_rate,15
food_industries_fast_food_activity_medium_model,corporate_tax_rate,20
food_industries_fast_food_activity_medium_model,annual_depreciation_rate,10
food_industries_fast_food_activity_medium_model,working_capital_days,30
food_industries_fast_food_activity_medium_model,discount_rate,10
food_industries_fast_food_activity_medium_model,loan_ratio,50
food_industries_fast_food_activity_medium_model,interest_rate,8
food_industries_fast_food_activity_medium_model,loan_term_years,5
food_industries_fast_food_activity_large_model,rent_monthly,40000
food_industries_fast_food_activity_large_model,salaries_monthly,120000
food_industries_fast_food_activity_large_model,marketing_monthly,18000
food_industries_fast_food_activity_large_model,utilities_monthly,8000
food_industries_fast_food_activity_large_model,insurance_monthly,5000
food_industries_fast_food_activity_large_model,revenue_growth_rate,5
food_industries_fast_food_activity_large_model,cogs_ratio,35
food_industries_fast_food_activity_large_model,vat_rate,15
food_industries_fast_food_activity_large_model,corporate_tax_rate,20
food_industries_fast_food_activity_large_model,annual_depreciation_rate,10
food_industries_fast_food_activity_large_model,working_capital_days,30
food_industries_fast_food_activity_large_model,discount_rate,10
food_industries_fast_food_activity_large_model,loan_ratio,50
food_industries_fast_food_activity_large_model,interest_rate,8
food_industries_fast_food_activity_large_model,loan_term_years,5
pharmaceutical_industries_consulting_activity_small_model,rent_monthly,5000
pharmaceutical_industries_consulting_activity_small_model,salaries_monthly,15000
pharmaceutical_industries_consulting_activity_small_model,marketing_monthly,2000
pharmaceutical_industries_consulting_activity_small_model,utilities_monthly,1000
pharmaceutical_industries_consulting_activity_small_model,insurance_monthly,800
pharmaceutical_industries_consulting_activity_small_model,revenue_growth_rate,5
pharmaceutical_industries_consulting_activity_small_model,cogs_ratio,35
pharmaceutical_industries_consulting_activity_small_model,vat_rate,15
pharmaceutical_industries_consulting_activity_small_model,corporate_tax_rate,20
pharmaceutical_industries_consulting_activity_small_model,annual_depreciation_rate,10
pharmaceutical_industries_consulting_activity_small_model,working_capital_days,30
pharmaceutical_industries_consulting_activity_small_model,discount_rate,10
pharmaceutical_industries_consulting_activity_small_model,loan_ratio,50
pharmaceutical_industries_consulting_activity_small_model,interest_rate,8
pharmaceutical_industries_consulting_activity_small_model,loan_term_years,5
pharmaceutical_industries_consulting_activity_medium_model,rent_monthly,15000
pharmaceutical_industries_consulting_activity_medium_model,salaries_monthly,45000
pharmaceutical_industries_consulting_activity_medium_model,marketing_monthly,6000
pharmaceutical_industries_consulting_activity_medium_model,utilities_monthly,3000
pharmaceutical_industries_consulting_activity_medium_model,insurance_monthly,2000
pharmaceutical_industries_consulting_activity_medium_model,revenue_growth_rate,5
pharmaceutical_industries_consulting_activity_medium_model,cogs_ratio,35
pharmaceutical_industries_consulting_activity_medium_model,vat_rate,15
pharmaceutical_industries_consulting_activity_medium_model,corporate_tax_rate,20
pharmaceutical_industries_consulting_activity_medium_model,annual_depreciation_rate,10
pharmaceutical_industries_consulting_activity_medium_model,working_capital_days,30
pharmaceutical_industries_consulting_activity_medium_model,discount_rate,10
pharmaceutical_industries_consulting_activity_medium_model,loan_ratio,50
pharmaceutical_industries_consulting_activity_medium_model,interest_rate,8
pharmaceutical_industries_consulting_activity_medium_model,loan_term_years,5
pharmaceutical_industries_consulting_activity_large_model,rent_monthly,40000
pharmaceutical_industries_consulting_activity_large_model,salaries_monthly,120000
pharmaceutical_industries_consulting_activity_large_model,marketing_monthly,18000
pharmaceutical_industries_consulting_activity_large_model,utilities_monthly,8000
pharmaceutical_industries_consulting_activity_large_model,insurance_monthly,5000
pharmaceutical_industries_consulting_activity_large_model,revenue_growth_rate,5
pharmaceutical_industries_consulting_activity_large_model,cogs_ratio,35
pharmaceutical_industries_consulting_activity_large_model,vat_rate,15
pharmaceutical_industries_consulting_activity_large_model,corporate_tax_rate,20
pharmaceutical_industries_consulting_activity_large_model,annual_depreciation_rate,10
pharmaceutical_industries_consulting_activity_large_model,working_capital_days,30
pharmaceutical_industries_consulting_activity_large_model,discount_rate,10
pharmaceutical_industries_consulting_activity_large_model,loan_ratio,50
pharmaceutical_industries_consulting_activity_large_model,interest_rate,8
pharmaceutical_industries_consulting_activity_large_model,loan_term_years,5
pharmaceutical_industries_maintenance_activity_small_model,rent_monthly,5000
pharmaceutical_industries_maintenance_activity_small_model,salaries_monthly,15000
pharmaceutical_industries_maintenance_activity_small_model,marketing_monthly,2000
pharmaceutical_industries_maintenance_activity_small_model,utilities_monthly,1000
pharmaceutical_industries_maintenance_activity_small_model,insurance_monthly,800
pharmaceutical_industries_maintenance_activity_small_model,revenue_growth_rate,5
pharmaceutical_industries_maintenance_activity_small_model,cogs_ratio,35
pharmaceutical_industries_maintenance_activity_small_model,vat_rate,15
pharmaceutical_industries_maintenance_activity_small_model,corporate_tax_rate,20
pharmaceutical_industries_maintenance_activity_small_model,annual_depreciation_rate,10
pharmaceutical_industries_maintenance_activity_small_model,working_capital_days,30
pharmaceutical_industries_maintenance_activity_small_model,discount_rate,10
pharmaceutical_industries_maintenance_activity_small_model,loan_ratio,50
pharmaceutical_industries_maintenance_activity_small_model,interest_rate,8
pharmaceutical_industries_maintenance_activity_small_model,loan_term_years,5
pharmaceutical_industries_maintenance_activity_medium_model,rent_monthly,15000
pharmaceutical_industries_maintenance_activity_medium_model,salaries_monthly,45000
pharmaceutical_industries_maintenance_activity_medium_model,marketing_monthly,6000
pharmaceutical_industries_maintenance_activity_medium_model,utilities_monthly,3000
pharmaceutical_industries_maintenance_activity_medium_model,insurance_monthly,2000
pharmaceutical_industries_maintenance_activity_medium_model,revenue_growth_rate,5
pharmaceutical_industries_maintenance_activity_medium_model,cogs_ratio,35
pharmaceutical_industries_maintenance_activity_medium_model,vat_rate,15
pharmaceutical_industries_maintenance_activity_medium_model,corporate_tax_rate,20
pharmaceutical_industries_maintenance_activity_medium_model,annual_depreciation_rate,10
pharmaceutical_industries_maintenance_activity_medium_model,working_capital_days,30
pharmaceutical_industries_maintenance_activity_medium_model,discount_rate,10
pharmaceutical_industries_maintenance_activity_medium_model,loan_ratio,50
pharmaceutical_industries_maintenance_activity_medium_model,interest_rate,8
pharmaceutical_industries_maintenance_activity_medium_model,loan_term_years,5
pharmaceutical_industries_maintenance_activity_large_model,rent_monthly,40000
pharmaceutical_industries_maintenance_activity_large_model,salaries_monthly,120000
pharmaceutical_industries_maintenance_activity_large_model,marketing_monthly,18000
pharmaceutical_industries_maintenance_activity_large_model,utilities_monthly,8000
pharmaceutical_industries_maintenance_activity_large_model,insurance_monthly,5000
pharmaceutical_industries_maintenance_activity_large_model,revenue_growth_rate,5
pharmaceutical_industries_maintenance_activity_large_model,cogs_ratio,35
pharmaceutical_industries_maintenance_activity_large_model,vat_rate,15
pharmaceutical_industries_maintenance_activity_large_model,corporate_tax_rate,20
pharmaceutical_industries_maintenance_activity_large_model,annual_depreciation_rate,10
pharmaceutical_industries_maintenance_activity_large_model,working_capital_days,30
pharmaceutical_industries_maintenance_activity_large_model,discount_rate,10
pharmaceutical_industries_maintenance_activity_large_model,loan_ratio,50
pharmaceutical_industries_maintenance_activity_large_model,interest_rate,8
pharmaceutical_industries_maintenance_activity_large_model,loan_term_years,5
pharmaceutical_industries_cleaning_activity_small_model,rent_monthly,5000
pharmaceutical_industries_cleaning_activity_small_model,salaries_monthly,15000
pharmaceutical_industries_cleaning_activity_small_model,marketing_monthly,2000
pharmaceutical_industries_cleaning_activity_small_model,utilities_monthly,1000
pharmaceutical_industries_cleaning_activity_small_model,insurance_monthly,800
pharmaceutical_industries_cleaning_activity_small_model,revenue_growth_rate,5
pharmaceutical_industries_cleaning_activity_small_model,cogs_ratio,35
pharmaceutical_industries_cleaning_activity_small_model,vat_rate,15
pharmaceutical_industries_cleaning_activity_small_model,corporate_tax_rate,20
pharmaceutical_industries_cleaning_activity_small_model,annual_depreciation_rate,10
pharmaceutical_industries_cleaning_activity_small_model,working_capital_days,30
pharmaceutical_industries_cleaning_activity_small_model,discount_rate,10
pharmaceutical_industries_cleaning_activity_small_model,loan_ratio,50
pharmaceutical_industries_cleaning_activity_small_model,interest_rate,8
pharmaceutical_industries_cleaning_activity_small_model,loan_term_years,5
pharmaceutical_industries_cleaning_activity_medium_model,rent_monthly,15000
pharmaceutical_industries_cleaning_activity_medium_model,salaries_monthly,45000
pharmaceutical_industries_cleaning_activity_medium_model,marketing_monthly,6000
pharmaceutical_industries_cleaning_activity_medium_model,utilities_monthly,3000
pharmaceutical_industries_cleaning_activity_medium_model,insurance_monthly,2000
pharmaceutical_industries_cleaning_activity_medium_model,revenue_growth_rate,5
pharmaceutical_industries_cleaning_activity_medium_model,cogs_ratio,35
pharmaceutical_industries_cleaning_activity_medium_model,vat_rate,15
pharmaceutical_industries_cleaning_activity_medium_model,corporate_tax_rate,20
pharmaceutical_industries_cleaning_activity_medium_model,annual_depreciation_rate,10
pharmaceutical_industries_cleaning_activity_medium_model,working_capital_days,30
pharmaceutical_industries_cleaning_activity_medium_model,discount_rate,10
pharmaceutical_industries_cleaning_activity_medium_model,loan_ratio,50
pharmaceutical_industries_cleaning_activity_medium_model,interest_rate,8
pharmaceutical_industries_cleaning_activity_medium_model,loan_term_years,5
pharmaceutical_industries_cleaning_activity_large_model,rent_monthly,40000
pharmaceutical_industries_cleaning_activity_large_model,salaries_monthly,120000
pharmaceutical_industries_cleaning_activity_large_model,marketing_monthly,18000
pharmaceutical_industries_cleaning_activity_large_model,utilities_monthly,8000
pharmaceutical_industries_cleaning_activity_large_model,insurance_monthly,5000
pharmaceutical_industries_cleaning_activity_large_model,revenue_growth_rate,5
pharmaceutical_industries_cleaning_activity_large_model,cogs_ratio,35
pharmaceutical_industries_cleaning_activity_large_model,vat_rate,15
pharmaceutical_industries_cleaning_activity_large_model,corporate_tax_rate,20
pharmaceutical_industries_cleaning_activity_large_model,annual_depreciation_rate,10
pharmaceutical_industries_cleaning_activity_large_model,working_capital_days,30
pharmaceutical_industries_cleaning_activity_large_model,discount_rate,10
pharmaceutical_industries_cleaning_activity_large_model,loan_ratio,50
pharmaceutical_industries_cleaning_activity_large_model,interest_rate,8
pharmaceutical_industries_cleaning_activity_large_model,loan_term_years,5
pharmaceutical_industries_security_activity_small_model,rent_monthly,5000
pharmaceutical_industries_security_activity_small_model,salaries_monthly,15000
pharmaceutical_industries_security_activity_small_model,marketing_monthly,2000
pharmaceutical_industries_security_activity_small_model,utilities_monthly,1000
pharmaceutical_industries_security_activity_small_model,insurance_monthly,800
pharmaceutical_industries_security_activity_small_model,revenue_growth_rate,5
pharmaceutical_industries_security_activity_small_model,cogs_ratio,35
pharmaceutical_industries_security_activity_small_model,vat_rate,15
pharmaceutical_industries_security_activity_small_model,corporate_tax_rate,20
pharmaceutical_industries_security_activity_small_model,annual_depreciation_rate,10
pharmaceutical_industries_security_activity_small_model,working_capital_days,30
pharmaceutical_industries_security_activity_small_model,discount_rate,10
pharmaceutical_industries_security_activity_small_model,loan_ratio,50
pharmaceutical_industries_security_activity_small_model,interest_rate,8
pharmaceutical_industries_security_activity_small_model,loan_term_years,5
pharmaceutical_industries_security_activity_medium_model,rent_monthly,15000
pharmaceutical_industries_security_activity_medium_model,salaries_monthly,45000
pharmaceutical_industries_security_activity_medium_model,marketing_monthly,6000
pharmaceutical_industries_security_activity_medium_model,utilities_monthly,3000
pharmaceutical_industries_security_activity_medium_model,insurance_monthly,2000
pharmaceutical_industries_security_activity_medium_model,revenue_growth_rate,5
pharmaceutical_industries_security_activity_medium_model,cogs_ratio,35
pharmaceutical_industries_security_activity_medium_model,vat_rate,15
pharmaceutical_industries_security_activity_medium_model,corporate_tax_rate,20
pharmaceutical_industries_security_activity_medium_model,annual_depreciation_rate,10
pharmaceutical_industries_security_activity_medium_model,working_capital_days,30
pharmaceutical_industries_security_activity_medium_model,discount_rate,10
pharmaceutical_industries_security_activity_medium_model,loan_ratio,50
pharmaceutical_industries_security_activity_medium_model,interest_rate,8
pharmaceutical_industries_security_activity_medium_model,loan_term_years,5
pharmaceutical_industries_security_activity_large_model,rent_monthly,40000
pharmaceutical_industries_security_activity_large_model,salaries_monthly,120000
pharmaceutical_industries_security_activity_large_model,marketing_monthly,18000
pharmaceutical_industries_security_activity_large_model,utilities_monthly,8000
pharmaceutical_industries_security_activity_large_model,insurance_monthly,5000
pharmaceutical_industries_security_activity_large_model,revenue_growth_rate,5
pharmaceutical_industries_security_activity_large_model,cogs_ratio,35
pharmaceutical_industries_security_activity_large_model,vat_rate,15
pharmaceutical_industries_security_activity_large_model,corporate_tax_rate,20
pharmaceutical_industries_security_activity_large_model,annual_depreciation_rate,10
pharmaceutical_industries_security_activity_large_model,working_capital_days,30
pharmaceutical_industries_security_activity_large_model,discount_rate,10
pharmaceutical_industries_security_activity_large_model,loan_ratio,50
pharmaceutical_industries_security_activity_large_model,interest_rate,8
pharmaceutical_industries_security_activity_large_model,loan_term_years,5
chemical_industries_consulting_activity_small_model,rent_monthly,5000
chemical_industries_consulting_activity_small_model,salaries_monthly,15000
chemical_industries_consulting_activity_small_model,marketing_monthly,2000
chemical_industries_consulting_activity_small_model,utilities_monthly,1000
chemical_industries_consulting_activity_small_model,insurance_monthly,800
chemical_industries_consulting_activity_small_model,revenue_growth_rate,5
chemical_industries_consulting_activity_small_model,cogs_ratio,35
chemical_industries_consulting_activity_small_model,vat_rate,15
chemical_industries_consulting_activity_small_model,corporate_tax_rate,20
chemical_industries_consulting_activity_small_model,annual_depreciation_rate,10
chemical_industries_consulting_activity_small_model,working_capital_days,30
chemical_industries_consulting_activity_small_model,discount_rate,10
chemical_industries_consulting_activity_small_model,loan_ratio,50
chemical_industries_consulting_activity_small_model,interest_rate,8
chemical_industries_consulting_activity_small_model,loan_term_years,5
chemical_industries_consulting_activity_medium_model,rent_monthly,15000
chemical_industries_consulting_activity_medium_model,salaries_monthly,45000
chemical_industries_consulting_activity_medium_model,marketing_monthly,6000
chemical_industries_consulting_activity_medium_model,utilities_monthly,3000
chemical_industries_consulting_activity_medium_model,insurance_monthly,2000
chemical_industries_consulting_activity_medium_model,revenue_growth_rate,5
chemical_industries_consulting_activity_medium_model,cogs_ratio,35
chemical_industries_consulting_activity_medium_model,vat_rate,15
chemical_industries_consulting_activity_medium_model,corporate_tax_rate,20
chemical_industries_consulting_activity_medium_model,annual_depreciation_rate,10
chemical_industries_consulting_activity_medium_model,working_capital_days,30
chemical_industries_consulting_activity_medium_model,discount_rate,10
chemical_industries_consulting_activity_medium_model,loan_ratio,50
chemical_industries_consulting_activity_medium_model,interest_rate,8
chemical_industries_consulting_activity_medium_model,loan_term_years,5
chemical_industries_consulting_activity_large_model,rent_monthly,40000
chemical_industries_consulting_activity_large_model,salaries_monthly,120000
chemical_industries_consulting_activity_large_model,marketing_monthly,18000
chemical_industries_consulting_activity_large_model,utilities_monthly,8000
chemical_industries_consulting_activity_large_model,insurance_monthly,5000
chemical_industries_consulting_activity_large_model,revenue_growth_rate,5
chemical_industries_consulting_activity_large_model,cogs_ratio,35
chemical_industries_consulting_activity_large_model,vat_rate,15
chemical_industries_consulting_activity_large_model,corporate_tax_rate,20
chemical_industries_consulting_activity_large_model,annual_depreciation_rate,10
chemical_industries_consulting_activity_large_model,working_capital_days,30
chemical_industries_consulting_activity_large_model,discount_rate,10
chemical_industries_consulting_activity_large_model,loan_ratio,50
chemical_industries_consulting_activity_large_model,interest_rate,8
chemical_industries_consulting_activity_large_model,loan_term_years,5
chemical_industries_maintenance_activity_small_model,rent_monthly,5000
chemical_industries_maintenance_activity_small_model,salaries_monthly,15000
chemical_industries_maintenance_activity_small_model,marketing_monthly,2000
chemical_industries_maintenance_activity_small_model,utilities_monthly,1000
chemical_industries_maintenance_activity_small_model,insurance_monthly,800
chemical_industries_maintenance_activity_small_model,revenue_growth_rate,5
chemical_industries_maintenance_activity_small_model,cogs_ratio,35
chemical_industries_maintenance_activity_small_model,vat_rate,15
chemical_industries_maintenance_activity_small_model,corporate_tax_rate,20
chemical_industries_maintenance_activity_small_model,annual_depreciation_rate,10
chemical_industries_maintenance_activity_small_model,working_capital_days,30
chemical_industries_maintenance_activity_small_model,discount_rate,10
chemical_industries_maintenance_activity_small_model,loan_ratio,50
chemical_industries_maintenance_activity_small_model,interest_rate,8
chemical_industries_maintenance_activity_small_model,loan_term_years,5
chemical_industries_maintenance_activity_medium_model,rent_monthly,15000
chemical_industries_maintenance_activity_medium_model,salaries_monthly,45000
chemical_industries_maintenance_activity_medium_model,marketing_monthly,6000
chemical_industries_maintenance_activity_medium_model,utilities_monthly,3000
chemical_industries_maintenance_activity_medium_model,insurance_monthly,2000
chemical_industries_maintenance_activity_medium_model,revenue_growth_rate,5
chemical_industries_maintenance_activity_medium_model,cogs_ratio,35
chemical_industries_maintenance_activity_medium_model,vat_rate,15
chemical_industries_maintenance_activity_medium_model,corporate_tax_rate,20
chemical_industries_maintenance_activity_medium_model,annual_depreciation_rate,10
chemical_industries_maintenance_activity_medium_model,working_capital_days,30
chemical_industries_maintenance_activity_medium_model,discount_rate,10
chemical_industries_maintenance_activity_medium_model,loan_ratio,50
chemical_industries_maintenance_activity_medium_model,interest_rate,8
chemical_industries_maintenance_activity_medium_model,loan_term_years,5
chemical_industries_maintenance_activity_large_model,rent_monthly,40000
chemical_industries_maintenance_activity_large_model,salaries_monthly,120000
chemical_industries_maintenance_activity_large_model,marketing_monthly,18000
chemical_industries_maintenance_activity_large_model,utilities_monthly,8000
chemical_industries_maintenance_activity_large_model,insurance_monthly,5000
chemical_industries_maintenance_activity_large_model,revenue_growth_rate,5
chemical_industries_maintenance_activity_large_model,cogs_ratio,35
chemical_industries_maintenance_activity_large_model,vat_rate,15
chemical_industries_maintenance_activity_large_model,corporate_tax_rate,20
chemical_industries_maintenance_activity_large_model,annual_depreciation_rate,10
chemical_industries_maintenance_activity_large_model,working_capital_days,30
chemical_industries_maintenance_activity_large_model,discount_rate,10
chemical_industries_maintenance_activity_large_model,loan_ratio,50
chemical_industries_maintenance_activity_large_model,interest_rate,8
chemical_industries_maintenance_activity_large_model,loan_term_years,5
chemical_industries_cleaning_activity_small_model,rent_monthly,5000
chemical_industries_cleaning_activity_small_model,salaries_monthly,15000
chemical_industries_cleaning_activity_small_model,marketing_monthly,2000
chemical_industries_cleaning_activity_small_model,utilities_monthly,1000
chemical_industries_cleaning_activity_small_model,insurance_monthly,800
chemical_industries_cleaning_activity_small_model,revenue_growth_rate,5
chemical_industries_cleaning_activity_small_model,cogs_ratio,35
chemical_industries_cleaning_activity_small_model,vat_rate,15
chemical_industries_cleaning_activity_small_model,corporate_tax_rate,20
chemical_industries_cleaning_activity_small_model,annual_depreciation_rate,10
chemical_industries_cleaning_activity_small_model,working_capital_days,30
chemical_industries_cleaning_activity_small_model,discount_rate,10
chemical_industries_cleaning_activity_small_model,loan_ratio,50
chemical_industries_cleaning_activity_small_model,interest_rate,8
chemical_industries_cleaning_activity_small_model,loan_term_years,5
chemical_industries_cleaning_activity_medium_model,rent_monthly,15000
chemical_industries_cleaning_activity_medium_model,salaries_monthly,45000
chemical_industries_cleaning_activity_medium_model,marketing_monthly,6000
chemical_industries_cleaning_activity_medium_model,utilities_monthly,3000
chemical_industries_cleaning_activity_medium_model,insurance_monthly,2000
chemical_industries_cleaning_activity_medium_model,revenue_growth_rate,5
chemical_industries_cleaning_activity_medium_model,cogs_ratio,35
chemical_industries_cleaning_activity_medium_model,vat_rate,15
chemical_industries_cleaning_activity_medium_model,corporate_tax_rate,20
chemical_industries_cleaning_activity_medium_model,annual_depreciation_rate,10
chemical_industries_cleaning_activity_medium_model,working_capital_days,30
chemical_industries_cleaning_activity_medium_model,discount_rate,10
chemical_industries_cleaning_activity_medium_model,loan_ratio,50
chemical_industries_cleaning_activity_medium_model,interest_rate,8
chemical_industries_cleaning_activity_medium_model,loan_term_years,5
chemical_industries_cleaning_activity_large_model,rent_monthly,40000
chemical_industries_cleaning_activity_large_model,salaries_monthly,120000
chemical_industries_cleaning_activity_large_model,marketing_monthly,18000
chemical_industries_cleaning_activity_large_model,utilities_monthly,8000
chemical_industries_cleaning_activity_large_model,insurance_monthly,5000
chemical_industries_cleaning_activity_large_model,revenue_growth_rate,5
chemical_industries_cleaning_activity_large_model,cogs_ratio,35
chemical_industries_cleaning_activity_large_model,vat_rate,15
chemical_industries_cleaning_activity_large_model,corporate_tax_rate,20
chemical_industries_cleaning_activity_large_model,annual_depreciation_rate,10
chemical_industries_cleaning_activity_large_model,working_capital_days,30
chemical_industries_cleaning_activity_large_model,discount_rate,10
chemical_industries_cleaning_activity_large_model,loan_ratio,50
chemical_industries_cleaning_activity_large_model,interest_rate,8
chemical_industries_cleaning_activity_large_model,loan_term_years,5
chemical_industries_security_activity_small_model,rent_monthly,5000
chemical_industries_security_activity_small_model,salaries_monthly,15000
chemical_industries_security_activity_small_model,marketing_monthly,2000
chemical_industries_security_activity_small_model,utilities_monthly,1000
chemical_industries_security_activity_small_model,insurance_monthly,800
chemical_industries_security_activity_small_model,revenue_growth_rate,5
chemical_industries_security_activity_small_model,cogs_ratio,35
chemical_industries_security_activity_small_model,vat_rate,15
chemical_industries_security_activity_small_model,corporate_tax_rate,20
chemical_industries_security_activity_small_model,annual_depreciation_rate,10
chemical_industries_security_activity_small_model,working_capital_days,30
chemical_industries_security_activity_small_model,discount_rate,10
chemical_industries_security_activity_small_model,loan_ratio,50
chemical_industries_security_activity_small_model,interest_rate,8
chemical_industries_security_activity_small_model,loan_term_years,5
chemical_industries_security_activity_medium_model,rent_monthly,15000
chemical_industries_security_activity_medium_model,salaries_monthly,45000
chemical_industries_security_activity_medium_model,marketing_monthly,6000
chemical_industries_security_activity_medium_model,utilities_monthly,3000
chemical_industries_security_activity_medium_model,insurance_monthly,2000
chemical_industries_security_activity_medium_model,revenue_growth_rate,5
chemical_industries_security_activity_medium_model,cogs_ratio,35
chemical_industries_security_activity_medium_model,vat_rate,15
chemical_industries_security_activity_medium_model,corporate_tax_rate,20
chemical_industries_security_activity_medium_model,annual_depreciation_rate,10
chemical_industries_security_activity_medium_model,working_capital_days,30
chemical_industries_security_activity_medium_model,discount_rate,10
chemical_industries_security_activity_medium_model,loan_ratio,50
chemical_industries_security_activity_medium_model,interest_rate,8
chemical_industries_security_activity_medium_model,loan_term_years,5
chemical_industries_security_activity_large_model,rent_monthly,40000
chemical_industries_security_activity_large_model,salaries_monthly,120000
chemical_industries_security_activity_large_model,marketing_monthly,18000
chemical_industries_security_activity_large_model,utilities_monthly,8000
chemical_industries_security_activity_large_model,insurance_monthly,5000
chemical_industries_security_activity_large_model,revenue_growth_rate,5
chemical_industries_security_activity_large_model,cogs_ratio,35
chemical_industries_security_activity_large_model,vat_rate,15
chemical_industries_security_activity_large_model,corporate_tax_rate,20
chemical_industries_security_activity_large_model,annual_depreciation_rate,10
chemical_industries_security_activity_large_model,working_capital_days,30
chemical_industries_security_activity_large_model,discount_rate,10
chemical_industries_security_activity_large_model,loan_ratio,50
chemical_industries_security_activity_large_model,interest_rate,8
chemical_industries_security_activity_large_model,loan_term_years,5
mining_consulting_activity_small_model,rent_monthly,5000
mining_consulting_activity_small_model,salaries_monthly,15000
mining_consulting_activity_small_model,marketing_monthly,2000
mining_consulting_activity_small_model,utilities_monthly,1000
mining_consulting_activity_small_model,insurance_monthly,800
mining_consulting_activity_small_model,revenue_growth_rate,5
mining_consulting_activity_small_model,cogs_ratio,35
mining_consulting_activity_small_model,vat_rate,15
mining_consulting_activity_small_model,corporate_tax_rate,20
mining_consulting_activity_small_model,annual_depreciation_rate,10
mining_consulting_activity_small_model,working_capital_days,30
mining_consulting_activity_small_model,discount_rate,10
mining_consulting_activity_small_model,loan_ratio,50
mining_consulting_activity_small_model,interest_rate,8
mining_consulting_activity_small_model,loan_term_years,5
mining_consulting_activity_medium_model,rent_monthly,15000
mining_consulting_activity_medium_model,salaries_monthly,45000
mining_consulting_activity_medium_model,marketing_monthly,6000
mining_consulting_activity_medium_model,utilities_monthly,3000
mining_consulting_activity_medium_model,insurance_monthly,2000
mining_consulting_activity_medium_model,revenue_growth_rate,5
mining_consulting_activity_medium_model,cogs_ratio,35
mining_consulting_activity_medium_model,vat_rate,15
mining_consulting_activity_medium_model,corporate_tax_rate,20
mining_consulting_activity_medium_model,annual_depreciation_rate,10
mining_consulting_activity_medium_model,working_capital_days,30
mining_consulting_activity_medium_model,discount_rate,10
mining_consulting_activity_medium_model,loan_ratio,50
mining_consulting_activity_medium_model,interest_rate,8
mining_consulting_activity_medium_model,loan_term_years,5
mining_consulting_activity_large_model,rent_monthly,40000
mining_consulting_activity_large_model,salaries_monthly,120000
mining_consulting_activity_large_model,marketing_monthly,18000
mining_consulting_activity_large_model,utilities_monthly,8000
mining_consulting_activity_large_model,insurance_monthly,5000
mining_consulting_activity_large_model,revenue_growth_rate,5
mining_consulting_activity_large_model,cogs_ratio,35
mining_consulting_activity_large_model,vat_rate,15
mining_consulting_activity_large_model,corporate_tax_rate,20
mining_consulting_activity_large_model,annual_depreciation_rate,10
mining_consulting_activity_large_model,working_capital_days,30
mining_consulting_activity_large_model,discount_rate,10
mining_consulting_activity_large_model,loan_ratio,50
mining_consulting_activity_large_model,interest_rate,8
mining_consulting_activity_large_model,loan_term_years,5
mining_maintenance_activity_small_model,rent_monthly,5000
mining_maintenance_activity_small_model,salaries_monthly,15000
mining_maintenance_activity_small_model,marketing_monthly,2000
mining_maintenance_activity_small_model,utilities_monthly,1000
mining_maintenance_activity_small_model,insurance_monthly,800
mining_maintenance_activity_small_model,revenue_growth_rate,5
mining_maintenance_activity_small_model,cogs_ratio,35
mining_maintenance_activity_small_model,vat_rate,15
mining_maintenance_activity_small_model,corporate_tax_rate,20
mining_maintenance_activity_small_model,annual_depreciation_rate,10
mining_maintenance_activity_small_model,working_capital_days,30
mining_maintenance_activity_small_model,discount_rate,10
mining_maintenance_activity_small_model,loan_ratio,50
mining_maintenance_activity_small_model,interest_rate,8
mining_maintenance_activity_small_model,loan_term_years,5
mining_maintenance_activity_medium_model,rent_monthly,15000
mining_maintenance_activity_medium_model,salaries_monthly,45000
mining_maintenance_activity_medium_model,marketing_monthly,6000
mining_maintenance_activity_medium_model,utilities_monthly,3000
mining_maintenance_activity_medium_model,insurance_monthly,2000
mining_maintenance_activity_medium_model,revenue_growth_rate,5
mining_maintenance_activity_medium_model,cogs_ratio,35
mining_maintenance_activity_medium_model,vat_rate,15
mining_maintenance_activity_medium_model,corporate_tax_rate,20
mining_maintenance_activity_medium_model,annual_depreciation_rate,10
mining_maintenance_activity_medium_model,working_capital_days,30
mining_maintenance_activity_medium_model,discount_rate,10
mining_maintenance_activity_medium_model,loan_ratio,50
mining_maintenance_activity_medium_model,interest_rate,8
mining_maintenance_activity_medium_model,loan_term_years,5
mining_maintenance_activity_large_model,rent_monthly,40000
mining_maintenance_activity_large_model,salaries_monthly,120000
mining_maintenance_activity_large_model,marketing_monthly,18000
mining_maintenance_activity_large_model,utilities_monthly,8000
mining_maintenance_activity_large_model,insurance_monthly,5000
mining_maintenance_activity_large_model,revenue_growth_rate,5
mining_maintenance_activity_large_model,cogs_ratio,35
mining_maintenance_activity_large_model,vat_rate,15
mining_maintenance_activity_large_model,corporate_tax_rate,20
mining_maintenance_activity_large_model,annual_depreciation_rate,10
mining_maintenance_activity_large_model,working_capital_days,30
mining_maintenance_activity_large_model,discount_rate,10
mining_maintenance_activity_large_model,loan_ratio,50
mining_maintenance_activity_large_model,interest_rate,8
mining_maintenance_activity_large_model,loan_term_years,5
mining_cleaning_activity_small_model,rent_monthly,5000
mining_cleaning_activity_small_model,salaries_monthly,15000
mining_cleaning_activity_small_model,marketing_monthly,2000
mining_cleaning_activity_small_model,utilities_monthly,1000
mining_cleaning_activity_small_model,insurance_monthly,800
mining_cleaning_activity_small_model,revenue_growth_rate,5
mining_cleaning_activity_small_model,cogs_ratio,35
mining_cleaning_activity_small_model,vat_rate,15
mining_cleaning_activity_small_model,corporate_tax_rate,20
mining_cleaning_activity_small_model,annual_depreciation_rate,10
mining_cleaning_activity_small_model,working_capital_days,30
mining_cleaning_activity_small_model,discount_rate,10
mining_cleaning_activity_small_model,loan_ratio,50
mining_cleaning_activity_small_model,interest_rate,8
mining_cleaning_activity_small_model,loan_term_years,5
mining_cleaning_activity_medium_model,rent_monthly,15000
mining_cleaning_activity_medium_model,salaries_monthly,45000
mining_cleaning_activity_medium_model,marketing_monthly,6000
mining_cleaning_activity_medium_model,utilities_monthly,3000
mining_cleaning_activity_medium_model,insurance_monthly,2000
mining_cleaning_activity_medium_model,revenue_growth_rate,5
mining_cleaning_activity_medium_model,cogs_ratio,35
mining_cleaning_activity_medium_model,vat_rate,15
mining_cleaning_activity_medium_model,corporate_tax_rate,20
mining_cleaning_activity_medium_model,annual_depreciation_rate,10
mining_cleaning_activity_medium_model,working_capital_days,30
mining_cleaning_activity_medium_model,discount_rate,10
mining_cleaning_activity_medium_model,loan_ratio,50
mining_cleaning_activity_medium_model,interest_rate,8
mining_cleaning_activity_medium_model,loan_term_years,5
mining_cleaning_activity_large_model,rent_monthly,40000
mining_cleaning_activity_large_model,salaries_monthly,120000
mining_cleaning_activity_large_model,marketing_monthly,18000
mining_cleaning_activity_large_model,utilities_monthly,8000
mining_cleaning_activity_large_model,insurance_monthly,5000
mining_cleaning_activity_large_model,revenue_growth_rate,5
mining_cleaning_activity_large_model,cogs_ratio,35
mining_cleaning_activity_large_model,vat_rate,15
mining_cleaning_activity_large_model,corporate_tax_rate,20
mining_cleaning_activity_large_model,annual_depreciation_rate,10
mining_cleaning_activity_large_model,working_capital_days,30
mining_cleaning_activity_large_model,discount_rate,10
mining_cleaning_activity_large_model,loan_ratio,50
mining_cleaning_activity_large_model,interest_rate,8
mining_cleaning_activity_large_model,loan_term_years,5
mining_security_activity_small_model,rent_monthly,5000
mining_security_activity_small_model,salaries_monthly,15000
mining_security_activity_small_model,marketing_monthly,2000
mining_security_activity_small_model,utilities_monthly,1000
mining_security_activity_small_model,insurance_monthly,800
mining_security_activity_small_model,revenue_growth_rate,5
mining_security_activity_small_model,cogs_ratio,35
mining_security_activity_small_model,vat_rate,15
mining_security_activity_small_model,corporate_tax_rate,20
mining_security_activity_small_model,annual_depreciation_rate,10
mining_security_activity_small_model,working_capital_days,30
mining_security_activity_small_model,discount_rate,10
mining_security_activity_small_model,loan_ratio,50
mining_security_activity_small_model,interest_rate,8
mining_security_activity_small_model,loan_term_years,5
mining_security_activity_medium_model,rent_monthly,15000
mining_security_activity_medium_model,salaries_monthly,45000
mining_security_activity_medium_model,marketing_monthly,6000
mining_security_activity_medium_model,utilities_monthly,3000
mining_security_activity_medium_model,insurance_monthly,2000
mining_security_activity_medium_model,revenue_growth_rate,5
mining_security_activity_medium_model,cogs_ratio,35
mining_security_activity_medium_model,vat_rate,15
mining_security_activity_medium_model,corporate_tax_rate,20
mining_security_activity_medium_model,annual_depreciation_rate,10
mining_security_activity_medium_model,working_capital_days,30
mining_security_activity_medium_model,discount_rate,10
mining_security_activity_medium_model,loan_ratio,50
mining_security_activity_medium_model,interest_rate,8
mining_security_activity_medium_model,loan_term_years,5
mining_security_activity_large_model,rent_monthly,40000
mining_security_activity_large_model,salaries_monthly,120000
mining_security_activity_large_model,marketing_monthly,18000
mining_security_activity_large_model,utilities_monthly,8000
mining_security_activity_large_model,insurance_monthly,5000
mining_security_activity_large_model,revenue_growth_rate,5
mining_security_activity_large_model,cogs_ratio,35
mining_security_activity_large_model,vat_rate,15
mining_security_activity_large_model,corporate_tax_rate,20
mining_security_activity_large_model,annual_depreciation_rate,10
mining_security_activity_large_model,working_capital_days,30
mining_security_activity_large_model,discount_rate,10
mining_security_activity_large_model,loan_ratio,50
mining_security_activity_large_model,interest_rate,8
mining_security_activity_large_model,loan_term_years,5
geology_consulting_activity_small_model,rent_monthly,5000
geology_consulting_activity_small_model,salaries_monthly,15000
geology_consulting_activity_small_model,marketing_monthly,2000
geology_consulting_activity_small_model,utilities_monthly,1000
geology_consulting_activity_small_model,insurance_monthly,800
geology_consulting_activity_small_model,revenue_growth_rate,5
geology_consulting_activity_small_model,cogs_ratio,35
geology_consulting_activity_small_model,vat_rate,15
geology_consulting_activity_small_model,corporate_tax_rate,20
geology_consulting_activity_small_model,annual_depreciation_rate,10
geology_consulting_activity_small_model,working_capital_days,30
geology_consulting_activity_small_model,discount_rate,10
geology_consulting_activity_small_model,loan_ratio,50
geology_consulting_activity_small_model,interest_rate,8
geology_consulting_activity_small_model,loan_term_years,5
geology_consulting_activity_medium_model,rent_monthly,15000
geology_consulting_activity_medium_model,salaries_monthly,45000
geology_consulting_activity_medium_model,marketing_monthly,6000
geology_consulting_activity_medium_model,utilities_monthly,3000
geology_consulting_activity_medium_model,insurance_monthly,2000
geology_consulting_activity_medium_model,revenue_growth_rate,5
geology_consulting_activity_medium_model,cogs_ratio,35
geology_consulting_activity_medium_model,vat_rate,15
geology_consulting_activity_medium_model,corporate_tax_rate,20
geology_consulting_activity_medium_model,annual_depreciation_rate,10
geology_consulting_activity_medium_model,working_capital_days,30
geology_consulting_activity_medium_model,discount_rate,10
geology_consulting_activity_medium_model,loan_ratio,50
geology_consulting_activity_medium_model,interest_rate,8
geology_consulting_activity_medium_model,loan_term_years,5
geology_consulting_activity_large_model,rent_monthly,40000
geology_consulting_activity_large_model,salaries_monthly,120000
geology_consulting_activity_large_model,marketing_monthly,18000
geology_consulting_activity_large_model,utilities_monthly,8000
geology_consulting_activity_large_model,insurance_monthly,5000
geology_consulting_activity_large_model,revenue_growth_rate,5
geology_consulting_activity_large_model,cogs_ratio,35
geology_consulting_activity_large_model,vat_rate,15
geology_consulting_activity_large_model,corporate_tax_rate,20
geology_consulting_activity_large_model,annual_depreciation_rate,10
geology_consulting_activity_large_model,working_capital_days,30
geology_consulting_activity_large_model,discount_rate,10
geology_consulting_activity_large_model,loan_ratio,50
geology_consulting_activity_large_model,interest_rate,8
geology_consulting_activity_large_model,loan_term_years,5
geology_maintenance_activity_small_model,rent_monthly,5000
geology_maintenance_activity_small_model,salaries_monthly,15000
geology_maintenance_activity_small_model,marketing_monthly,2000
geology_maintenance_activity_small_model,utilities_monthly,1000
geology_maintenance_activity_small_model,insurance_monthly,800
geology_maintenance_activity_small_model,revenue_growth_rate,5
geology_maintenance_activity_small_model,cogs_ratio,35
geology_maintenance_activity_small_model,vat_rate,15
geology_maintenance_activity_small_model,corporate_tax_rate,20
geology_maintenance_activity_small_model,annual_depreciation_rate,10
geology_maintenance_activity_small_model,working_capital_days,30
geology_maintenance_activity_small_model,discount_rate,10
geology_maintenance_activity_small_model,loan_ratio,50
geology_maintenance_activity_small_model,interest_rate,8
geology_maintenance_activity_small_model,loan_term_years,5
geology_maintenance_activity_medium_model,rent_monthly,15000
geology_maintenance_activity_medium_model,salaries_monthly,45000
geology_maintenance_activity_medium_model,marketing_monthly,6000
geology_maintenance_activity_medium_model,utilities_monthly,3000
geology_maintenance_activity_medium_model,insurance_monthly,2000
geology_maintenance_activity_medium_model,revenue_growth_rate,5
geology_maintenance_activity_medium_model,cogs_ratio,35
geology_maintenance_activity_medium_model,vat_rate,15
geology_maintenance_activity_medium_model,corporate_tax_rate,20
geology_maintenance_activity_medium_model,annual_depreciation_rate,10
geology_maintenance_activity_medium_model,working_capital_days,30
geology_maintenance_activity_medium_model,discount_rate,10
geology_maintenance_activity_medium_model,loan_ratio,50
geology_maintenance_activity_medium_model,interest_rate,8
geology_maintenance_activity_medium_model,loan_term_years,5
geology_maintenance_activity_large_model,rent_monthly,40000
geology_maintenance_activity_large_model,salaries_monthly,120000
geology_maintenance_activity_large_model,marketing_monthly,18000
geology_maintenance_activity_large_model,utilities_monthly,8000
geology_maintenance_activity_large_model,insurance_monthly,5000
geology_maintenance_activity_large_model,revenue_growth_rate,5
geology_maintenance_activity_large_model,cogs_ratio,35
geology_maintenance_activity_large_model,vat_rate,15
geology_maintenance_activity_large_model,corporate_tax_rate,20
geology_maintenance_activity_large_model,annual_depreciation_rate,10
geology_maintenance_activity_large_model,working_capital_days,30
geology_maintenance_activity_large_model,discount_rate,10
geology_maintenance_activity_large_model,loan_ratio,50
geology_maintenance_activity_large_model,interest_rate,8
geology_maintenance_activity_large_model,loan_term_years,5
geology_cleaning_activity_small_model,rent_monthly,5000
geology_cleaning_activity_small_model,salaries_monthly,15000
geology_cleaning_activity_small_model,marketing_monthly,2000
geology_cleaning_activity_small_model,utilities_monthly,1000
geology_cleaning_activity_small_model,insurance_monthly,800
geology_cleaning_activity_small_model,revenue_growth_rate,5
geology_cleaning_activity_small_model,cogs_ratio,35
geology_cleaning_activity_small_model,vat_rate,15
geology_cleaning_activity_small_model,corporate_tax_rate,20
geology_cleaning_activity_small_model,annual_depreciation_rate,10
geology_cleaning_activity_small_model,working_capital_days,30
geology_cleaning_activity_small_model,discount_rate,10
geology_cleaning_activity_small_model,loan_ratio,50
geology_cleaning_activity_small_model,interest_rate,8
geology_cleaning_activity_small_model,loan_term_years,5
geology_cleaning_activity_medium_model,rent_monthly,15000
geology_cleaning_activity_medium_model,salaries_monthly,45000
geology_cleaning_activity_medium_model,marketing_monthly,6000
geology_cleaning_activity_medium_model,utilities_monthly,3000
geology_cleaning_activity_medium_model,insurance_monthly,2000
geology_cleaning_activity_medium_model,revenue_growth_rate,5
geology_cleaning_activity_medium_model,cogs_ratio,35
geology_cleaning_activity_medium_model,vat_rate,15
geology_cleaning_activity_medium_model,corporate_tax_rate,20
geology_cleaning_activity_medium_model,annual_depreciation_rate,10
geology_cleaning_activity_medium_model,working_capital_days,30
geology_cleaning_activity_medium_model,discount_rate,10
geology_cleaning_activity_medium_model,loan_ratio,50
geology_cleaning_activity_medium_model,interest_rate,8
geology_cleaning_activity_medium_model,loan_term_years,5
geology_cleaning_activity_large_model,rent_monthly,40000
geology_cleaning_activity_large_model,salaries_monthly,120000
geology_cleaning_activity_large_model,marketing_monthly,18000
geology_cleaning_activity_large_model,utilities_monthly,8000
geology_cleaning_activity_large_model,insurance_monthly,5000
geology_cleaning_activity_large_model,revenue_growth_rate,5
geology_cleaning_activity_large_model,cogs_ratio,35
geology_cleaning_activity_large_model,vat_rate,15
geology_cleaning_activity_large_model,corporate_tax_rate,20
geology_cleaning_activity_large_model,annual_depreciation_rate,10
geology_cleaning_activity_large_model,working_capital_days,30
geology_cleaning_activity_large_model,discount_rate,10
geology_cleaning_activity_large_model,loan_ratio,50
geology_cleaning_activity_large_model,interest_rate,8
geology_cleaning_activity_large_model,loan_term_years,5
geology_security_activity_small_model,rent_monthly,5000
geology_security_activity_small_model,salaries_monthly,15000
geology_security_activity_small_model,marketing_monthly,2000
geology_security_activity_small_model,utilities_monthly,1000
geology_security_activity_small_model,insurance_monthly,800
geology_security_activity_small_model,revenue_growth_rate,5
geology_security_activity_small_model,cogs_ratio,35
geology_security_activity_small_model,vat_rate,15
geology_security_activity_small_model,corporate_tax_rate,20
geology_security_activity_small_model,annual_depreciation_rate,10
geology_security_activity_small_model,working_capital_days,30
geology_security_activity_small_model,discount_rate,10
geology_security_activity_small_model,loan_ratio,50
geology_security_activity_small_model,interest_rate,8
geology_security_activity_small_model,loan_term_years,5
geology_security_activity_medium_model,rent_monthly,15000
geology_security_activity_medium_model,salaries_monthly,45000
geology_security_activity_medium_model,marketing_monthly,6000
geology_security_activity_medium_model,utilities_monthly,3000
geology_security_activity_medium_model,insurance_monthly,2000
geology_security_activity_medium_model,revenue_growth_rate,5
geology_security_activity_medium_model,cogs_ratio,35
geology_security_activity_medium_model,vat_rate,15
geology_security_activity_medium_model,corporate_tax_rate,20
geology_security_activity_medium_model,annual_depreciation_rate,10
geology_security_activity_medium_model,working_capital_days,30
geology_security_activity_medium_model,discount_rate,10
geology_security_activity_medium_model,loan_ratio,50
geology_security_activity_medium_model,interest_rate,8
geology_security_activity_medium_model,loan_term_years,5
geology_security_activity_large_model,rent_monthly,40000
geology_security_activity_large_model,salaries_monthly,120000
geology_security_activity_large_model,marketing_monthly,18000
geology_security_activity_large_model,utilities_monthly,8000
geology_security_activity_large_model,insurance_monthly,5000
geology_security_activity_large_model,revenue_growth_rate,5
geology_security_activity_large_model,cogs_ratio,35
geology_security_activity_large_model,vat_rate,15
geology_security_activity_large_model,corporate_tax_rate,20
geology_security_activity_large_model,annual_depreciation_rate,10
geology_security_activity_large_model,working_capital_days,30
geology_security_activity_large_model,discount_rate,10
geology_security_activity_large_model,loan_ratio,50
geology_security_activity_large_model,interest_rate,8
geology_security_activity_large_model,loan_term_years,5
oil_gas_renewable_activity_small_model,rent_monthly,5000
oil_gas_renewable_activity_small_model,salaries_monthly,15000
oil_gas_renewable_activity_small_model,marketing_monthly,2000
oil_gas_renewable_activity_small_model,utilities_monthly,1000
oil_gas_renewable_activity_small_model,insurance_monthly,800
oil_gas_renewable_activity_small_model,revenue_growth_rate,5
oil_gas_renewable_activity_small_model,cogs_ratio,35
oil_gas_renewable_activity_small_model,vat_rate,15
oil_gas_renewable_activity_small_model,corporate_tax_rate,20
oil_gas_renewable_activity_small_model,annual_depreciation_rate,10
oil_gas_renewable_activity_small_model,working_capital_days,30
oil_gas_renewable_activity_small_model,discount_rate,10
oil_gas_renewable_activity_small_model,loan_ratio,50
oil_gas_renewable_activity_small_model,interest_rate,8
oil_gas_renewable_activity_small_model,loan_term_years,5
oil_gas_renewable_activity_medium_model,rent_monthly,15000
oil_gas_renewable_activity_medium_model,salaries_monthly,45000
oil_gas_renewable_activity_medium_model,marketing_monthly,6000
oil_gas_renewable_activity_medium_model,utilities_monthly,3000
oil_gas_renewable_activity_medium_model,insurance_monthly,2000
oil_gas_renewable_activity_medium_model,revenue_growth_rate,5
oil_gas_renewable_activity_medium_model,cogs_ratio,35
oil_gas_renewable_activity_medium_model,vat_rate,15
oil_gas_renewable_activity_medium_model,corporate_tax_rate,20
oil_gas_renewable_activity_medium_model,annual_depreciation_rate,10
oil_gas_renewable_activity_medium_model,working_capital_days,30
oil_gas_renewable_activity_medium_model,discount_rate,10
oil_gas_renewable_activity_medium_model,loan_ratio,50
oil_gas_renewable_activity_medium_model,interest_rate,8
oil_gas_renewable_activity_medium_model,loan_term_years,5
oil_gas_renewable_activity_large_model,rent_monthly,40000
oil_gas_renewable_activity_large_model,salaries_monthly,120000
oil_gas_renewable_activity_large_model,marketing_monthly,18000
oil_gas_renewable_activity_large_model,utilities_monthly,8000
oil_gas_renewable_activity_large_model,insurance_monthly,5000
oil_gas_renewable_activity_large_model,revenue_growth_rate,5
oil_gas_renewable_activity_large_model,cogs_ratio,35
oil_gas_renewable_activity_large_model,vat_rate,15
oil_gas_renewable_activity_large_model,corporate_tax_rate,20
oil_gas_renewable_activity_large_model,annual_depreciation_rate,10
oil_gas_renewable_activity_large_model,working_capital_days,30
oil_gas_renewable_activity_large_model,discount_rate,10
oil_gas_renewable_activity_large_model,loan_ratio,50
oil_gas_renewable_activity_large_model,interest_rate,8
oil_gas_renewable_activity_large_model,loan_term_years,5
oil_gas_oil_gas_activity_small_model,rent_monthly,5000
oil_gas_oil_gas_activity_small_model,salaries_monthly,15000
oil_gas_oil_gas_activity_small_model,marketing_monthly,2000
oil_gas_oil_gas_activity_small_model,utilities_monthly,1000
oil_gas_oil_gas_activity_small_model,insurance_monthly,800
oil_gas_oil_gas_activity_small_model,revenue_growth_rate,5
oil_gas_oil_gas_activity_small_model,cogs_ratio,35
oil_gas_oil_gas_activity_small_model,vat_rate,15
oil_gas_oil_gas_activity_small_model,corporate_tax_rate,20
oil_gas_oil_gas_activity_small_model,annual_depreciation_rate,10
oil_gas_oil_gas_activity_small_model,working_capital_days,30
oil_gas_oil_gas_activity_small_model,discount_rate,10
oil_gas_oil_gas_activity_small_model,loan_ratio,50
oil_gas_oil_gas_activity_small_model,interest_rate,8
oil_gas_oil_gas_activity_small_model,loan_term_years,5
oil_gas_oil_gas_activity_medium_model,rent_monthly,15000
oil_gas_oil_gas_activity_medium_model,salaries_monthly,45000
oil_gas_oil_gas_activity_medium_model,marketing_monthly,6000
oil_gas_oil_gas_activity_medium_model,utilities_monthly,3000
oil_gas_oil_gas_activity_medium_model,insurance_monthly,2000
oil_gas_oil_gas_activity_medium_model,revenue_growth_rate,5
oil_gas_oil_gas_activity_medium_model,cogs_ratio,35
oil_gas_oil_gas_activity_medium_model,vat_rate,15
oil_gas_oil_gas_activity_medium_model,corporate_tax_rate,20
oil_gas_oil_gas_activity_medium_model,annual_depreciation_rate,10
oil_gas_oil_gas_activity_medium_model,working_capital_days,30
oil_gas_oil_gas_activity_medium_model,discount_rate,10
oil_gas_oil_gas_activity_medium_model,loan_ratio,50
oil_gas_oil_gas_activity_medium_model,interest_rate,8
oil_gas_oil_gas_activity_medium_model,loan_term_years,5
oil_gas_oil_gas_activity_large_model,rent_monthly,40000
oil_gas_oil_gas_activity_large_model,salaries_monthly,120000
oil_gas_oil_gas_activity_large_model,marketing_monthly,18000
oil_gas_oil_gas_activity_large_model,utilities_monthly,8000
oil_gas_oil_gas_activity_large_model,insurance_monthly,5000
oil_gas_oil_gas_activity_large_model,revenue_growth_rate,5
oil_gas_oil_gas_activity_large_model,cogs_ratio,35
oil_gas_oil_gas_activity_large_model,vat_rate,15
oil_gas_oil_gas_activity_large_model,corporate_tax_rate,20
oil_gas_oil_gas_activity_large_model,annual_depreciation_rate,10
oil_gas_oil_gas_activity_large_model,working_capital_days,30
oil_gas_oil_gas_activity_large_model,discount_rate,10
oil_gas_oil_gas_activity_large_model,loan_ratio,50
oil_gas_oil_gas_activity_large_model,interest_rate,8
oil_gas_oil_gas_activity_large_model,loan_term_years,5
oil_gas_utilities_activity_small_model,rent_monthly,5000
oil_gas_utilities_activity_small_model,salaries_monthly,15000
oil_gas_utilities_activity_small_model,marketing_monthly,2000
oil_gas_utilities_activity_small_model,utilities_monthly,1000
oil_gas_utilities_activity_small_model,insurance_monthly,800
oil_gas_utilities_activity_small_model,revenue_growth_rate,5
oil_gas_utilities_activity_small_model,cogs_ratio,35
oil_gas_utilities_activity_small_model,vat_rate,15
oil_gas_utilities_activity_small_model,corporate_tax_rate,20
oil_gas_utilities_activity_small_model,annual_depreciation_rate,10
oil_gas_utilities_activity_small_model,working_capital_days,30
oil_gas_utilities_activity_small_model,discount_rate,10
oil_gas_utilities_activity_small_model,loan_ratio,50
oil_gas_utilities_activity_small_model,interest_rate,8
oil_gas_utilities_activity_small_model,loan_term_years,5
oil_gas_utilities_activity_medium_model,rent_monthly,15000
oil_gas_utilities_activity_medium_model,salaries_monthly,45000
oil_gas_utilities_activity_medium_model,marketing_monthly,6000
oil_gas_utilities_activity_medium_model,utilities_monthly,3000
oil_gas_utilities_activity_medium_model,insurance_monthly,2000
oil_gas_utilities_activity_medium_model,revenue_growth_rate,5
oil_gas_utilities_activity_medium_model,cogs_ratio,35
oil_gas_utilities_activity_medium_model,vat_rate,15
oil_gas_utilities_activity_medium_model,corporate_tax_rate,20
oil_gas_utilities_activity_medium_model,annual_depreciation_rate,10
oil_gas_utilities_activity_medium_model,working_capital_days,30
oil_gas_utilities_activity_medium_model,discount_rate,10
oil_gas_utilities_activity_medium_model,loan_ratio,50
oil_gas_utilities_activity_medium_model,interest_rate,8
oil_gas_utilities_activity_medium_model,loan_term_years,5
oil_gas_utilities_activity_large_model,rent_monthly,40000
oil_gas_utilities_activity_large_model,salaries_monthly,120000
oil_gas_utilities_activity_large_model,marketing_monthly,18000
oil_gas_utilities_activity_large_model,utilities_monthly,8000
oil_gas_utilities_activity_large_model,insurance_monthly,5000
oil_gas_utilities_activity_large_model,revenue_growth_rate,5
oil_gas_utilities_activity_large_model,cogs_ratio,35
oil_gas_utilities_activity_large_model,vat_rate,15
oil_gas_utilities_activity_large_model,corporate_tax_rate,20
oil_gas_utilities_activity_large_model,annual_depreciation_rate,10
oil_gas_utilities_activity_large_model,working_capital_days,30
oil_gas_utilities_activity_large_model,discount_rate,10
oil_gas_utilities_activity_large_model,loan_ratio,50
oil_gas_utilities_activity_large_model,interest_rate,8
oil_gas_utilities_activity_large_model,loan_term_years,5
oil_gas_efficiency_activity_small_model,rent_monthly,5000
oil_gas_efficiency_activity_small_model,salaries_monthly,15000
oil_gas_efficiency_activity_small_model,marketing_monthly,2000
oil_gas_efficiency_activity_small_model,utilities_monthly,1000
oil_gas_efficiency_activity_small_model,insurance_monthly,800
oil_gas_efficiency_activity_small_model,revenue_growth_rate,5
oil_gas_efficiency_activity_small_model,cogs_ratio,35
oil_gas_efficiency_activity_small_model,vat_rate,15
oil_gas_efficiency_activity_small_model,corporate_tax_rate,20
oil_gas_efficiency_activity_small_model,annual_depreciation_rate,10
oil_gas_efficiency_activity_small_model,working_capital_days,30
oil_gas_efficiency_activity_small_model,discount_rate,10
oil_gas_efficiency_activity_small_model,loan_ratio,50
oil_gas_efficiency_activity_small_model,interest_rate,8
oil_gas_efficiency_activity_small_model,loan_term_years,5
oil_gas_efficiency_activity_medium_model,rent_monthly,15000
oil_gas_efficiency_activity_medium_model,salaries_monthly,45000
oil_gas_efficiency_activity_medium_model,marketing_monthly,6000
oil_gas_efficiency_activity_medium_model,utilities_monthly,3000
oil_gas_efficiency_activity_medium_model,insurance_monthly,2000
oil_gas_efficiency_activity_medium_model,revenue_growth_rate,5
oil_gas_efficiency_activity_medium_model,cogs_ratio,35
oil_gas_efficiency_activity_medium_model,vat_rate,15
oil_gas_efficiency_activity_medium_model,corporate_tax_rate,20
oil_gas_efficiency_activity_medium_model,annual_depreciation_rate,10
oil_gas_efficiency_activity_medium_model,working_capital_days,30
oil_gas_efficiency_activity_medium_model,discount_rate,10
oil_gas_efficiency_activity_medium_model,loan_ratio,50
oil_gas_efficiency_activity_medium_model,interest_rate,8
oil_gas_efficiency_activity_medium_model,loan_term_years,5
oil_gas_efficiency_activity_large_model,rent_monthly,40000
oil_gas_efficiency_activity_large_model,salaries_monthly,120000
oil_gas_efficiency_activity_large_model,marketing_monthly,18000
oil_gas_efficiency_activity_large_model,utilities_monthly,8000
oil_gas_efficiency_activity_large_model,insurance_monthly,5000
oil_gas_efficiency_activity_large_model,revenue_growth_rate,5
oil_gas_efficiency_activity_large_model,cogs_ratio,35
oil_gas_efficiency_activity_large_model,vat_rate,15
oil_gas_efficiency_activity_large_model,corporate_tax_rate,20
oil_gas_efficiency_activity_large_model,annual_depreciation_rate,10
oil_gas_efficiency_activity_large_model,working_capital_days,30
oil_gas_efficiency_activity_large_model,discount_rate,10
oil_gas_efficiency_activity_large_model,loan_ratio,50
oil_gas_efficiency_activity_large_model,interest_rate,8
oil_gas_efficiency_activity_large_model,loan_term_years,5
oil_refineries_renewable_activity_small_model,rent_monthly,5000
oil_refineries_renewable_activity_small_model,salaries_monthly,15000
oil_refineries_renewable_activity_small_model,marketing_monthly,2000
oil_refineries_renewable_activity_small_model,utilities_monthly,1000
oil_refineries_renewable_activity_small_model,insurance_monthly,800
oil_refineries_renewable_activity_small_model,revenue_growth_rate,5
oil_refineries_renewable_activity_small_model,cogs_ratio,35
oil_refineries_renewable_activity_small_model,vat_rate,15
oil_refineries_renewable_activity_small_model,corporate_tax_rate,20
oil_refineries_renewable_activity_small_model,annual_depreciation_rate,10
oil_refineries_renewable_activity_small_model,working_capital_days,30
oil_refineries_renewable_activity_small_model,discount_rate,10
oil_refineries_renewable_activity_small_model,loan_ratio,50
oil_refineries_renewable_activity_small_model,interest_rate,8
oil_refineries_renewable_activity_small_model,loan_term_years,5
oil_refineries_renewable_activity_medium_model,rent_monthly,15000
oil_refineries_renewable_activity_medium_model,salaries_monthly,45000
oil_refineries_renewable_activity_medium_model,marketing_monthly,6000
oil_refineries_renewable_activity_medium_model,utilities_monthly,3000
oil_refineries_renewable_activity_medium_model,insurance_monthly,2000
oil_refineries_renewable_activity_medium_model,revenue_growth_rate,5
oil_refineries_renewable_activity_medium_model,cogs_ratio,35
oil_refineries_renewable_activity_medium_model,vat_rate,15
oil_refineries_renewable_activity_medium_model,corporate_tax_rate,20
oil_refineries_renewable_activity_medium_model,annual_depreciation_rate,10
oil_refineries_renewable_activity_medium_model,working_capital_days,30
oil_refineries_renewable_activity_medium_model,discount_rate,10
oil_refineries_renewable_activity_medium_model,loan_ratio,50
oil_refineries_renewable_activity_medium_model,interest_rate,8
oil_refineries_renewable_activity_medium_model,loan_term_years,5
oil_refineries_renewable_activity_large_model,rent_monthly,40000
oil_refineries_renewable_activity_large_model,salaries_monthly,120000
oil_refineries_renewable_activity_large_model,marketing_monthly,18000
oil_refineries_renewable_activity_large_model,utilities_monthly,8000
oil_refineries_renewable_activity_large_model,insurance_monthly,5000
oil_refineries_renewable_activity_large_model,revenue_growth_rate,5
oil_refineries_renewable_activity_large_model,cogs_ratio,35
oil_refineries_renewable_activity_large_model,vat_rate,15
oil_refineries_renewable_activity_large_model,corporate_tax_rate,20
oil_refineries_renewable_activity_large_model,annual_depreciation_rate,10
oil_refineries_renewable_activity_large_model,working_capital_days,30
oil_refineries_renewable_activity_large_model,discount_rate,10
oil_refineries_renewable_activity_large_model,loan_ratio,50
oil_refineries_renewable_activity_large_model,interest_rate,8
oil_refineries_renewable_activity_large_model,loan_term_years,5
oil_refineries_oil_gas_activity_small_model,rent_monthly,5000
oil_refineries_oil_gas_activity_small_model,salaries_monthly,15000
oil_refineries_oil_gas_activity_small_model,marketing_monthly,2000
oil_refineries_oil_gas_activity_small_model,utilities_monthly,1000
oil_refineries_oil_gas_activity_small_model,insurance_monthly,800
oil_refineries_oil_gas_activity_small_model,revenue_growth_rate,5
oil_refineries_oil_gas_activity_small_model,cogs_ratio,35
oil_refineries_oil_gas_activity_small_model,vat_rate,15
oil_refineries_oil_gas_activity_small_model,corporate_tax_rate,20
oil_refineries_oil_gas_activity_small_model,annual_depreciation_rate,10
oil_refineries_oil_gas_activity_small_model,working_capital_days,30
oil_refineries_oil_gas_activity_small_model,discount_rate,10
oil_refineries_oil_gas_activity_small_model,loan_ratio,50
oil_refineries_oil_gas_activity_small_model,interest_rate,8
oil_refineries_oil_gas_activity_small_model,loan_term_years,5
oil_refineries_oil_gas_activity_medium_model,rent_monthly,15000
oil_refineries_oil_gas_activity_medium_model,salaries_monthly,45000
oil_refineries_oil_gas_activity_medium_model,marketing_monthly,6000
oil_refineries_oil_gas_activity_medium_model,utilities_monthly,3000
oil_refineries_oil_gas_activity_medium_model,insurance_monthly,2000
oil_refineries_oil_gas_activity_medium_model,revenue_growth_rate,5
oil_refineries_oil_gas_activity_medium_model,cogs_ratio,35
oil_refineries_oil_gas_activity_medium_model,vat_rate,15
oil_refineries_oil_gas_activity_medium_model,corporate_tax_rate,20
oil_refineries_oil_gas_activity_medium_model,annual_depreciation_rate,10
oil_refineries_oil_gas_activity_medium_model,working_capital_days,30
oil_refineries_oil_gas_activity_medium_model,discount_rate,10
oil_refineries_oil_gas_activity_medium_model,loan_ratio,50
oil_refineries_oil_gas_activity_medium_model,interest_rate,8
oil_refineries_oil_gas_activity_medium_model,loan_term_years,5
oil_refineries_oil_gas_activity_large_model,rent_monthly,40000
oil_refineries_oil_gas_activity_large_model,salaries_monthly,120000
oil_refineries_oil_gas_activity_large_model,marketing_monthly,18000
oil_refineries_oil_gas_activity_large_model,utilities_monthly,8000
oil_refineries_oil_gas_activity_large_model,insurance_monthly,5000
oil_refineries_oil_gas_activity_large_model,revenue_growth_rate,5
oil_refineries_oil_gas_activity_large_model,cogs_ratio,35
oil_refineries_oil_gas_activity_large_model,vat_rate,15
oil_refineries_oil_gas_activity_large_model,corporate_tax_rate,20
oil_refineries_oil_gas_activity_large_model,annual_depreciation_rate,10
oil_refineries_oil_gas_activity_large_model,working_capital_days,30
oil_refineries_oil_gas_activity_large_model,discount_rate,10
oil_refineries_oil_gas_activity_large_model,loan_ratio,50
oil_refineries_oil_gas_activity_large_model,interest_rate,8
oil_refineries_oil_gas_activity_large_model,loan_term_years,5
oil_refineries_utilities_activity_small_model,rent_monthly,5000
oil_refineries_utilities_activity_small_model,salaries_monthly,15000
oil_refineries_utilities_activity_small_model,marketing_monthly,2000
oil_refineries_utilities_activity_small_model,utilities_monthly,1000
oil_refineries_utilities_activity_small_model,insurance_monthly,800
oil_refineries_utilities_activity_small_model,revenue_growth_rate,5
oil_refineries_utilities_activity_small_model,cogs_ratio,35
oil_refineries_utilities_activity_small_model,vat_rate,15
oil_refineries_utilities_activity_small_model,corporate_tax_rate,20
oil_refineries_utilities_activity_small_model,annual_depreciation_rate,10
oil_refineries_utilities_activity_small_model,working_capital_days,30
oil_refineries_utilities_activity_small_model,discount_rate,10
oil_refineries_utilities_activity_small_model,loan_ratio,50
oil_refineries_utilities_activity_small_model,interest_rate,8
oil_refineries_utilities_activity_small_model,loan_term_years,5
oil_refineries_utilities_activity_medium_model,rent_monthly,15000
oil_refineries_utilities_activity_medium_model,salaries_monthly,45000
oil_refineries_utilities_activity_medium_model,marketing_monthly,6000
oil_refineries_utilities_activity_medium_model,utilities_monthly,3000
oil_refineries_utilities_activity_medium_model,insurance_monthly,2000
oil_refineries_utilities_activity_medium_model,revenue_growth_rate,5
oil_refineries_utilities_activity_medium_model,cogs_ratio,35
oil_refineries_utilities_activity_medium_model,vat_rate,15
oil_refineries_utilities_activity_medium_model,corporate_tax_rate,20
oil_refineries_utilities_activity_medium_model,annual_depreciation_rate,10
oil_refineries_utilities_activity_medium_model,working_capital_days,30
oil_refineries_utilities_activity_medium_model,discount_rate,10
oil_refineries_utilities_activity_medium_model,loan_ratio,50
oil_refineries_utilities_activity_medium_model,interest_rate,8
oil_refineries_utilities_activity_medium_model,loan_term_years,5
oil_refineries_utilities_activity_large_model,rent_monthly,40000
oil_refineries_utilities_activity_large_model,salaries_monthly,120000
oil_refineries_utilities_activity_large_model,marketing_monthly,18000
oil_refineries_utilities_activity_large_model,utilities_monthly,8000
oil_refineries_utilities_activity_large_model,insurance_monthly,5000
oil_refineries_utilities_activity_large_model,revenue_growth_rate,5
oil_refineries_utilities_activity_large_model,cogs_ratio,35
oil_refineries_utilities_activity_large_model,vat_rate,15
oil_refineries_utilities_activity_large_model,corporate_tax_rate,20
oil_refineries_utilities_activity_large_model,annual_depreciation_rate,10
oil_refineries_utilities_activity_large_model,working_capital_days,30
oil_refineries_utilities_activity_large_model,discount_rate,10
oil_refineries_utilities_activity_large_model,loan_ratio,50
oil_refineries_utilities_activity_large_model,interest_rate,8
oil_refineries_utilities_activity_large_model,loan_term_years,5
oil_refineries_efficiency_activity_small_model,rent_monthly,5000
oil_refineries_efficiency_activity_small_model,salaries_monthly,15000
oil_refineries_efficiency_activity_small_model,marketing_monthly,2000
oil_refineries_efficiency_activity_small_model,utilities_monthly,1000
oil_refineries_efficiency_activity_small_model,insurance_monthly,800
oil_refineries_efficiency_activity_small_model,revenue_growth_rate,5
oil_refineries_efficiency_activity_small_model,cogs_ratio,35
oil_refineries_efficiency_activity_small_model,vat_rate,15
oil_refineries_efficiency_activity_small_model,corporate_tax_rate,20
oil_refineries_efficiency_activity_small_model,annual_depreciation_rate,10
oil_refineries_efficiency_activity_small_model,working_capital_days,30
oil_refineries_efficiency_activity_small_model,discount_rate,10
oil_refineries_efficiency_activity_small_model,loan_ratio,50
oil_refineries_efficiency_activity_small_model,interest_rate,8
oil_refineries_efficiency_activity_small_model,loan_term_years,5
oil_refineries_efficiency_activity_medium_model,rent_monthly,15000
oil_refineries_efficiency_activity_medium_model,salaries_monthly,45000
oil_refineries_efficiency_activity_medium_model,marketing_monthly,6000
oil_refineries_efficiency_activity_medium_model,utilities_monthly,3000
oil_refineries_efficiency_activity_medium_model,insurance_monthly,2000
oil_refineries_efficiency_activity_medium_model,revenue_growth_rate,5
oil_refineries_efficiency_activity_medium_model,cogs_ratio,35
oil_refineries_efficiency_activity_medium_model,vat_rate,15
oil_refineries_efficiency_activity_medium_model,corporate_tax_rate,20
oil_refineries_efficiency_activity_medium_model,annual_depreciation_rate,10
oil_refineries_efficiency_activity_medium_model,working_capital_days,30
oil_refineries_efficiency_activity_medium_model,discount_rate,10
oil_refineries_efficiency_activity_medium_model,loan_ratio,50
oil_refineries_efficiency_activity_medium_model,interest_rate,8
oil_refineries_efficiency_activity_medium_model,loan_term_years,5
oil_refineries_efficiency_activity_large_model,rent_monthly,40000
oil_refineries_efficiency_activity_large_model,salaries_monthly,120000
oil_refineries_efficiency_activity_large_model,marketing_monthly,18000
oil_refineries_efficiency_activity_large_model,utilities_monthly,8000
oil_refineries_efficiency_activity_large_model,insurance_monthly,5000
oil_refineries_efficiency_activity_large_model,revenue_growth_rate,5
oil_refineries_efficiency_activity_large_model,cogs_ratio,35
oil_refineries_efficiency_activity_large_model,vat_rate,15
oil_refineries_efficiency_activity_large_model,corporate_tax_rate,20
oil_refineries_efficiency_activity_large_model,annual_depreciation_rate,10
oil_refineries_efficiency_activity_large_model,working_capital_days,30
oil_refineries_efficiency_activity_large_model,discount_rate,10
oil_refineries_efficiency_activity_large_model,loan_ratio,50
oil_refineries_efficiency_activity_large_model,interest_rate,8
oil_refineries_efficiency_activity_large_model,loan_term_years,5
metal_refineries_consulting_activity_small_model,rent_monthly,5000
metal_refineries_consulting_activity_small_model,salaries_monthly,15000
metal_refineries_consulting_activity_small_model,marketing_monthly,2000
metal_refineries_consulting_activity_small_model,utilities_monthly,1000
metal_refineries_consulting_activity_small_model,insurance_monthly,800
metal_refineries_consulting_activity_small_model,revenue_growth_rate,5
metal_refineries_consulting_activity_small_model,cogs_ratio,35
metal_refineries_consulting_activity_small_model,vat_rate,15
metal_refineries_consulting_activity_small_model,corporate_tax_rate,20
metal_refineries_consulting_activity_small_model,annual_depreciation_rate,10
metal_refineries_consulting_activity_small_model,working_capital_days,30
metal_refineries_consulting_activity_small_model,discount_rate,10
metal_refineries_consulting_activity_small_model,loan_ratio,50
metal_refineries_consulting_activity_small_model,interest_rate,8
metal_refineries_consulting_activity_small_model,loan_term_years,5
metal_refineries_consulting_activity_medium_model,rent_monthly,15000
metal_refineries_consulting_activity_medium_model,salaries_monthly,45000
metal_refineries_consulting_activity_medium_model,marketing_monthly,6000
metal_refineries_consulting_activity_medium_model,utilities_monthly,3000
metal_refineries_consulting_activity_medium_model,insurance_monthly,2000
metal_refineries_consulting_activity_medium_model,revenue_growth_rate,5
metal_refineries_consulting_activity_medium_model,cogs_ratio,35
metal_refineries_consulting_activity_medium_model,vat_rate,15
metal_refineries_consulting_activity_medium_model,corporate_tax_rate,20
metal_refineries_consulting_activity_medium_model,annual_depreciation_rate,10
metal_refineries_consulting_activity_medium_model,working_capital_days,30
metal_refineries_consulting_activity_medium_model,discount_rate,10
metal_refineries_consulting_activity_medium_model,loan_ratio,50
metal_refineries_consulting_activity_medium_model,interest_rate,8
metal_refineries_consulting_activity_medium_model,loan_term_years,5
metal_refineries_consulting_activity_large_model,rent_monthly,40000
metal_refineries_consulting_activity_large_model,salaries_monthly,120000
metal_refineries_consulting_activity_large_model,marketing_monthly,18000
metal_refineries_consulting_activity_large_model,utilities_monthly,8000
metal_refineries_consulting_activity_large_model,insurance_monthly,5000
metal_refineries_consulting_activity_large_model,revenue_growth_rate,5
metal_refineries_consulting_activity_large_model,cogs_ratio,35
metal_refineries_consulting_activity_large_model,vat_rate,15
metal_refineries_consulting_activity_large_model,corporate_tax_rate,20
metal_refineries_consulting_activity_large_model,annual_depreciation_rate,10
metal_refineries_consulting_activity_large_model,working_capital_days,30
metal_refineries_consulting_activity_large_model,discount_rate,10
metal_refineries_consulting_activity_large_model,loan_ratio,50
metal_refineries_consulting_activity_large_model,interest_rate,8
metal_refineries_consulting_activity_large_model,loan_term_years,5
metal_refineries_maintenance_activity_small_model,rent_monthly,5000
metal_refineries_maintenance_activity_small_model,salaries_monthly,15000
metal_refineries_maintenance_activity_small_model,marketing_monthly,2000
metal_refineries_maintenance_activity_small_model,utilities_monthly,1000
metal_refineries_maintenance_activity_small_model,insurance_monthly,800
metal_refineries_maintenance_activity_small_model,revenue_growth_rate,5
metal_refineries_maintenance_activity_small_model,cogs_ratio,35
metal_refineries_maintenance_activity_small_model,vat_rate,15
metal_refineries_maintenance_activity_small_model,corporate_tax_rate,20
metal_refineries_maintenance_activity_small_model,annual_depreciation_rate,10
metal_refineries_maintenance_activity_small_model,working_capital_days,30
metal_refineries_maintenance_activity_small_model,discount_rate,10
metal_refineries_maintenance_activity_small_model,loan_ratio,50
metal_refineries_maintenance_activity_small_model,interest_rate,8
metal_refineries_maintenance_activity_small_model,loan_term_years,5
metal_refineries_maintenance_activity_medium_model,rent_monthly,15000
metal_refineries_maintenance_activity_medium_model,salaries_monthly,45000
metal_refineries_maintenance_activity_medium_model,marketing_monthly,6000
metal_refineries_maintenance_activity_medium_model,utilities_monthly,3000
metal_refineries_maintenance_activity_medium_model,insurance_monthly,2000
metal_refineries_maintenance_activity_medium_model,revenue_growth_rate,5
metal_refineries_maintenance_activity_medium_model,cogs_ratio,35
metal_refineries_maintenance_activity_medium_model,vat_rate,15
metal_refineries_maintenance_activity_medium_model,corporate_tax_rate,20
metal_refineries_maintenance_activity_medium_model,annual_depreciation_rate,10
metal_refineries_maintenance_activity_medium_model,working_capital_days,30
metal_refineries_maintenance_activity_medium_model,discount_rate,10
metal_refineries_maintenance_activity_medium_model,loan_ratio,50
metal_refineries_maintenance_activity_medium_model,interest_rate,8
metal_refineries_maintenance_activity_medium_model,loan_term_years,5
metal_refineries_maintenance_activity_large_model,rent_monthly,40000
metal_refineries_maintenance_activity_large_model,salaries_monthly,120000
metal_refineries_maintenance_activity_large_model,marketing_monthly,18000
metal_refineries_maintenance_activity_large_model,utilities_monthly,8000
metal_refineries_maintenance_activity_large_model,insurance_monthly,5000
metal_refineries_maintenance_activity_large_model,revenue_growth_rate,5
metal_refineries_maintenance_activity_large_model,cogs_ratio,35
metal_refineries_maintenance_activity_large_model,vat_rate,15
metal_refineries_maintenance_activity_large_model,corporate_tax_rate,20
metal_refineries_maintenance_activity_large_model,annual_depreciation_rate,10
metal_refineries_maintenance_activity_large_model,working_capital_days,30
metal_refineries_maintenance_activity_large_model,discount_rate,10
metal_refineries_maintenance_activity_large_model,loan_ratio,50
metal_refineries_maintenance_activity_large_model,interest_rate,8
metal_refineries_maintenance_activity_large_model,loan_term_years,5
metal_refineries_cleaning_activity_small_model,rent_monthly,5000
metal_refineries_cleaning_activity_small_model,salaries_monthly,15000
metal_refineries_cleaning_activity_small_model,marketing_monthly,2000
metal_refineries_cleaning_activity_small_model,utilities_monthly,1000
metal_refineries_cleaning_activity_small_model,insurance_monthly,800
metal_refineries_cleaning_activity_small_model,revenue_growth_rate,5
metal_refineries_cleaning_activity_small_model,cogs_ratio,35
metal_refineries_cleaning_activity_small_model,vat_rate,15
metal_refineries_cleaning_activity_small_model,corporate_tax_rate,20
metal_refineries_cleaning_activity_small_model,annual_depreciation_rate,10
metal_refineries_cleaning_activity_small_model,working_capital_days,30
metal_refineries_cleaning_activity_small_model,discount_rate,10
metal_refineries_cleaning_activity_small_model,loan_ratio,50
metal_refineries_cleaning_activity_small_model,interest_rate,8
metal_refineries_cleaning_activity_small_model,loan_term_years,5
metal_refineries_cleaning_activity_medium_model,rent_monthly,15000
metal_refineries_cleaning_activity_medium_model,salaries_monthly,45000
metal_refineries_cleaning_activity_medium_model,marketing_monthly,6000
metal_refineries_cleaning_activity_medium_model,utilities_monthly,3000
metal_refineries_cleaning_activity_medium_model,insurance_monthly,2000
metal_refineries_cleaning_activity_medium_model,revenue_growth_rate,5
metal_refineries_cleaning_activity_medium_model,cogs_ratio,35
metal_refineries_cleaning_activity_medium_model,vat_rate,15
metal_refineries_cleaning_activity_medium_model,corporate_tax_rate,20
metal_refineries_cleaning_activity_medium_model,annual_depreciation_rate,10
metal_refineries_cleaning_activity_medium_model,working_capital_days,30
metal_refineries_cleaning_activity_medium_model,discount_rate,10
metal_refineries_cleaning_activity_medium_model,loan_ratio,50
metal_refineries_cleaning_activity_medium_model,interest_rate,8
metal_refineries_cleaning_activity_medium_model,loan_term_years,5
metal_refineries_cleaning_activity_large_model,rent_monthly,40000
metal_refineries_cleaning_activity_large_model,salaries_monthly,120000
metal_refineries_cleaning_activity_large_model,marketing_monthly,18000
metal_refineries_cleaning_activity_large_model,utilities_monthly,8000
metal_refineries_cleaning_activity_large_model,insurance_monthly,5000
metal_refineries_cleaning_activity_large_model,revenue_growth_rate,5
metal_refineries_cleaning_activity_large_model,cogs_ratio,35
metal_refineries_cleaning_activity_large_model,vat_rate,15
metal_refineries_cleaning_activity_large_model,corporate_tax_rate,20
metal_refineries_cleaning_activity_large_model,annual_depreciation_rate,10
metal_refineries_cleaning_activity_large_model,working_capital_days,30
metal_refineries_cleaning_activity_large_model,discount_rate,10
metal_refineries_cleaning_activity_large_model,loan_ratio,50
metal_refineries_cleaning_activity_large_model,interest_rate,8
metal_refineries_cleaning_activity_large_model,loan_term_years,5
metal_refineries_security_activity_small_model,rent_monthly,5000
metal_refineries_security_activity_small_model,salaries_monthly,15000
metal_refineries_security_activity_small_model,marketing_monthly,2000
metal_refineries_security_activity_small_model,utilities_monthly,1000
metal_refineries_security_activity_small_model,insurance_monthly,800
metal_refineries_security_activity_small_model,revenue_growth_rate,5
metal_refineries_security_activity_small_model,cogs_ratio,35
metal_refineries_security_activity_small_model,vat_rate,15
metal_refineries_security_activity_small_model,corporate_tax_rate,20
metal_refineries_security_activity_small_model,annual_depreciation_rate,10
metal_refineries_security_activity_small_model,working_capital_days,30
metal_refineries_security_activity_small_model,discount_rate,10
metal_refineries_security_activity_small_model,loan_ratio,50
metal_refineries_security_activity_small_model,interest_rate,8
metal_refineries_security_activity_small_model,loan_term_years,5
metal_refineries_security_activity_medium_model,rent_monthly,15000
metal_refineries_security_activity_medium_model,salaries_monthly,45000
metal_refineries_security_activity_medium_model,marketing_monthly,6000
metal_refineries_security_activity_medium_model,utilities_monthly,3000
metal_refineries_security_activity_medium_model,insurance_monthly,2000
metal_refineries_security_activity_medium_model,revenue_growth_rate,5
metal_refineries_security_activity_medium_model,cogs_ratio,35
metal_refineries_security_activity_medium_model,vat_rate,15
metal_refineries_security_activity_medium_model,corporate_tax_rate,20
metal_refineries_security_activity_medium_model,annual_depreciation_rate,10
metal_refineries_security_activity_medium_model,working_capital_days,30
metal_refineries_security_activity_medium_model,discount_rate,10
metal_refineries_security_activity_medium_model,loan_ratio,50
metal_refineries_security_activity_medium_model,interest_rate,8
metal_refineries_security_activity_medium_model,loan_term_years,5
metal_refineries_security_activity_large_model,rent_monthly,40000
metal_refineries_security_activity_large_model,salaries_monthly,120000
metal_refineries_security_activity_large_model,marketing_monthly,18000
metal_refineries_security_activity_large_model,utilities_monthly,8000
metal_refineries_security_activity_large_model,insurance_monthly,5000
metal_refineries_security_activity_large_model,revenue_growth_rate,5
metal_refineries_security_activity_large_model,cogs_ratio,35
metal_refineries_security_activity_large_model,vat_rate,15
metal_refineries_security_activity_large_model,corporate_tax_rate,20
metal_refineries_security_activity_large_model,annual_depreciation_rate,10
metal_refineries_security_activity_large_model,working_capital_days,30
metal_refineries_security_activity_large_model,discount_rate,10
metal_refineries_security_activity_large_model,loan_ratio,50
metal_refineries_security_activity_large_model,interest_rate,8
metal_refineries_security_activity_large_model,loan_term_years,5
water_consulting_activity_small_model,rent_monthly,5000
water_consulting_activity_small_model,salaries_monthly,15000
water_consulting_activity_small_model,marketing_monthly,2000
water_consulting_activity_small_model,utilities_monthly,1000
water_consulting_activity_small_model,insurance_monthly,800
water_consulting_activity_small_model,revenue_growth_rate,5
water_consulting_activity_small_model,cogs_ratio,35
water_consulting_activity_small_model,vat_rate,15
water_consulting_activity_small_model,corporate_tax_rate,20
water_consulting_activity_small_model,annual_depreciation_rate,10
water_consulting_activity_small_model,working_capital_days,30
water_consulting_activity_small_model,discount_rate,10
water_consulting_activity_small_model,loan_ratio,50
water_consulting_activity_small_model,interest_rate,8
water_consulting_activity_small_model,loan_term_years,5
water_consulting_activity_medium_model,rent_monthly,15000
water_consulting_activity_medium_model,salaries_monthly,45000
water_consulting_activity_medium_model,marketing_monthly,6000
water_consulting_activity_medium_model,utilities_monthly,3000
water_consulting_activity_medium_model,insurance_monthly,2000
water_consulting_activity_medium_model,revenue_growth_rate,5
water_consulting_activity_medium_model,cogs_ratio,35
water_consulting_activity_medium_model,vat_rate,15
water_consulting_activity_medium_model,corporate_tax_rate,20
water_consulting_activity_medium_model,annual_depreciation_rate,10
water_consulting_activity_medium_model,working_capital_days,30
water_consulting_activity_medium_model,discount_rate,10
water_consulting_activity_medium_model,loan_ratio,50
water_consulting_activity_medium_model,interest_rate,8
water_consulting_activity_medium_model,loan_term_years,5
water_consulting_activity_large_model,rent_monthly,40000
water_consulting_activity_large_model,salaries_monthly,120000
water_consulting_activity_large_model,marketing_monthly,18000
water_consulting_activity_large_model,utilities_monthly,8000
water_consulting_activity_large_model,insurance_monthly,5000
water_consulting_activity_large_model,revenue_growth_rate,5
water_consulting_activity_large_model,cogs_ratio,35
water_consulting_activity_large_model,vat_rate,15
water_consulting_activity_large_model,corporate_tax_rate,20
water_consulting_activity_large_model,annual_depreciation_rate,10
water_consulting_activity_large_model,working_capital_days,30
water_consulting_activity_large_model,discount_rate,10
water_consulting_activity_large_model,loan_ratio,50
water_consulting_activity_large_model,interest_rate,8
water_consulting_activity_large_model,loan_term_years,5
water_maintenance_activity_small_model,rent_monthly,5000
water_maintenance_activity_small_model,salaries_monthly,15000
water_maintenance_activity_small_model,marketing_monthly,2000
water_maintenance_activity_small_model,utilities_monthly,1000
water_maintenance_activity_small_model,insurance_monthly,800
water_maintenance_activity_small_model,revenue_growth_rate,5
water_maintenance_activity_small_model,cogs_ratio,35
water_maintenance_activity_small_model,vat_rate,15
water_maintenance_activity_small_model,corporate_tax_rate,20
water_maintenance_activity_small_model,annual_depreciation_rate,10
water_maintenance_activity_small_model,working_capital_days,30
water_maintenance_activity_small_model,discount_rate,10
water_maintenance_activity_small_model,loan_ratio,50
water_maintenance_activity_small_model,interest_rate,8
water_maintenance_activity_small_model,loan_term_years,5
water_maintenance_activity_medium_model,rent_monthly,15000
water_maintenance_activity_medium_model,salaries_monthly,45000
water_maintenance_activity_medium_model,marketing_monthly,6000
water_maintenance_activity_medium_model,utilities_monthly,3000
water_maintenance_activity_medium_model,insurance_monthly,2000
water_maintenance_activity_medium_model,revenue_growth_rate,5
water_maintenance_activity_medium_model,cogs_ratio,35
water_maintenance_activity_medium_model,vat_rate,15
water_maintenance_activity_medium_model,corporate_tax_rate,20
water_maintenance_activity_medium_model,annual_depreciation_rate,10
water_maintenance_activity_medium_model,working_capital_days,30
water_maintenance_activity_medium_model,discount_rate,10
water_maintenance_activity_medium_model,loan_ratio,50
water_maintenance_activity_medium_model,interest_rate,8
water_maintenance_activity_medium_model,loan_term_years,5
water_maintenance_activity_large_model,rent_monthly,40000
water_maintenance_activity_large_model,salaries_monthly,120000
water_maintenance_activity_large_model,marketing_monthly,18000
water_maintenance_activity_large_model,utilities_monthly,8000
water_maintenance_activity_large_model,insurance_monthly,5000
water_maintenance_activity_large_model,revenue_growth_rate,5
water_maintenance_activity_large_model,cogs_ratio,35
water_maintenance_activity_large_model,vat_rate,15
water_maintenance_activity_large_model,corporate_tax_rate,20
water_maintenance_activity_large_model,annual_depreciation_rate,10
water_maintenance_activity_large_model,working_capital_days,30
water_maintenance_activity_large_model,discount_rate,10
water_maintenance_activity_large_model,loan_ratio,50
water_maintenance_activity_large_model,interest_rate,8
water_maintenance_activity_large_model,loan_term_years,5
water_cleaning_activity_small_model,rent_monthly,5000
water_cleaning_activity_small_model,salaries_monthly,15000
water_cleaning_activity_small_model,marketing_monthly,2000
water_cleaning_activity_small_model,utilities_monthly,1000
water_cleaning_activity_small_model,insurance_monthly,800
water_cleaning_activity_small_model,revenue_growth_rate,5
water_cleaning_activity_small_model,cogs_ratio,35
water_cleaning_activity_small_model,vat_rate,15
water_cleaning_activity_small_model,corporate_tax_rate,20
water_cleaning_activity_small_model,annual_depreciation_rate,10
water_cleaning_activity_small_model,working_capital_days,30
water_cleaning_activity_small_model,discount_rate,10
water_cleaning_activity_small_model,loan_ratio,50
water_cleaning_activity_small_model,interest_rate,8
water_cleaning_activity_small_model,loan_term_years,5
water_cleaning_activity_medium_model,rent_monthly,15000
water_cleaning_activity_medium_model,salaries_monthly,45000
water_cleaning_activity_medium_model,marketing_monthly,6000
water_cleaning_activity_medium_model,utilities_monthly,3000
water_cleaning_activity_medium_model,insurance_monthly,2000
water_cleaning_activity_medium_model,revenue_growth_rate,5
water_cleaning_activity_medium_model,cogs_ratio,35
water_cleaning_activity_medium_model,vat_rate,15
water_cleaning_activity_medium_model,corporate_tax_rate,20
water_cleaning_activity_medium_model,annual_depreciation_rate,10
water_cleaning_activity_medium_model,working_capital_days,30
water_cleaning_activity_medium_model,discount_rate,10
water_cleaning_activity_medium_model,loan_ratio,50
water_cleaning_activity_medium_model,interest_rate,8
water_cleaning_activity_medium_model,loan_term_years,5
water_cleaning_activity_large_model,rent_monthly,40000
water_cleaning_activity_large_model,salaries_monthly,120000
water_cleaning_activity_large_model,marketing_monthly,18000
water_cleaning_activity_large_model,utilities_monthly,8000
water_cleaning_activity_large_model,insurance_monthly,5000
water_cleaning_activity_large_model,revenue_growth_rate,5
water_cleaning_activity_large_model,cogs_ratio,35
water_cleaning_activity_large_model,vat_rate,15
water_cleaning_activity_large_model,corporate_tax_rate,20
water_cleaning_activity_large_model,annual_depreciation_rate,10
water_cleaning_activity_large_model,working_capital_days,30
water_cleaning_activity_large_model,discount_rate,10
water_cleaning_activity_large_model,loan_ratio,50
water_cleaning_activity_large_model,interest_rate,8
water_cleaning_activity_large_model,loan_term_years,5
water_security_activity_small_model,rent_monthly,5000
water_security_activity_small_model,salaries_monthly,15000
water_security_activity_small_model,marketing_monthly,2000
water_security_activity_small_model,utilities_monthly,1000
water_security_activity_small_model,insurance_monthly,800
water_security_activity_small_model,revenue_growth_rate,5
water_security_activity_small_model,cogs_ratio,35
water_security_activity_small_model,vat_rate,15
water_security_activity_small_model,corporate_tax_rate,20
water_security_activity_small_model,annual_depreciation_rate,10
water_security_activity_small_model,working_capital_days,30
water_security_activity_small_model,discount_rate,10
water_security_activity_small_model,loan_ratio,50
water_security_activity_small_model,interest_rate,8
water_security_activity_small_model,loan_term_years,5
water_security_activity_medium_model,rent_monthly,15000
water_security_activity_medium_model,salaries_monthly,45000
water_security_activity_medium_model,marketing_monthly,6000
water_security_activity_medium_model,utilities_monthly,3000
water_security_activity_medium_model,insurance_monthly,2000
water_security_activity_medium_model,revenue_growth_rate,5
water_security_activity_medium_model,cogs_ratio,35
water_security_activity_medium_model,vat_rate,15
water_security_activity_medium_model,corporate_tax_rate,20
water_security_activity_medium_model,annual_depreciation_rate,10
water_security_activity_medium_model,working_capital_days,30
water_security_activity_medium_model,discount_rate,10
water_security_activity_medium_model,loan_ratio,50
water_security_activity_medium_model,interest_rate,8
water_security_activity_medium_model,loan_term_years,5
water_security_activity_large_model,rent_monthly,40000
water_security_activity_large_model,salaries_monthly,120000
water_security_activity_large_model,marketing_monthly,18000
water_security_activity_large_model,utilities_monthly,8000
water_security_activity_large_model,insurance_monthly,5000
water_security_activity_large_model,revenue_growth_rate,5
water_security_activity_large_model,cogs_ratio,35
water_security_activity_large_model,vat_rate,15
water_security_activity_large_model,corporate_tax_rate,20
water_security_activity_large_model,annual_depreciation_rate,10
water_security_activity_large_model,working_capital_days,30
water_security_activity_large_model,discount_rate,10
water_security_activity_large_model,loan_ratio,50
water_security_activity_large_model,interest_rate,8
water_security_activity_large_model,loan_term_years,5
well_drilling_consulting_activity_small_model,rent_monthly,5000
well_drilling_consulting_activity_small_model,salaries_monthly,15000
well_drilling_consulting_activity_small_model,marketing_monthly,2000
well_drilling_consulting_activity_small_model,utilities_monthly,1000
well_drilling_consulting_activity_small_model,insurance_monthly,800
well_drilling_consulting_activity_small_model,revenue_growth_rate,5
well_drilling_consulting_activity_small_model,cogs_ratio,35
well_drilling_consulting_activity_small_model,vat_rate,15
well_drilling_consulting_activity_small_model,corporate_tax_rate,20
well_drilling_consulting_activity_small_model,annual_depreciation_rate,10
well_drilling_consulting_activity_small_model,working_capital_days,30
well_drilling_consulting_activity_small_model,discount_rate,10
well_drilling_consulting_activity_small_model,loan_ratio,50
well_drilling_consulting_activity_small_model,interest_rate,8
well_drilling_consulting_activity_small_model,loan_term_years,5
well_drilling_consulting_activity_medium_model,rent_monthly,15000
well_drilling_consulting_activity_medium_model,salaries_monthly,45000
well_drilling_consulting_activity_medium_model,marketing_monthly,6000
well_drilling_consulting_activity_medium_model,utilities_monthly,3000
well_drilling_consulting_activity_medium_model,insurance_monthly,2000
well_drilling_consulting_activity_medium_model,revenue_growth_rate,5
well_drilling_consulting_activity_medium_model,cogs_ratio,35
well_drilling_consulting_activity_medium_model,vat_rate,15
well_drilling_consulting_activity_medium_model,corporate_tax_rate,20
well_drilling_consulting_activity_medium_model,annual_depreciation_rate,10
well_drilling_consulting_activity_medium_model,working_capital_days,30
well_drilling_consulting_activity_medium_model,discount_rate,10
well_drilling_consulting_activity_medium_model,loan_ratio,50
well_drilling_consulting_activity_medium_model,interest_rate,8
well_drilling_consulting_activity_medium_model,loan_term_years,5
well_drilling_consulting_activity_large_model,rent_monthly,40000
well_drilling_consulting_activity_large_model,salaries_monthly,120000
well_drilling_consulting_activity_large_model,marketing_monthly,18000
well_drilling_consulting_activity_large_model,utilities_monthly,8000
well_drilling_consulting_activity_large_model,insurance_monthly,5000
well_drilling_consulting_activity_large_model,revenue_growth_rate,5
well_drilling_consulting_activity_large_model,cogs_ratio,35
well_drilling_consulting_activity_large_model,vat_rate,15
well_drilling_consulting_activity_large_model,corporate_tax_rate,20
well_drilling_consulting_activity_large_model,annual_depreciation_rate,10
well_drilling_consulting_activity_large_model,working_capital_days,30
well_drilling_consulting_activity_large_model,discount_rate,10
well_drilling_consulting_activity_large_model,loan_ratio,50
well_drilling_consulting_activity_large_model,interest_rate,8
well_drilling_consulting_activity_large_model,loan_term_years,5
well_drilling_maintenance_activity_small_model,rent_monthly,5000
well_drilling_maintenance_activity_small_model,salaries_monthly,15000
well_drilling_maintenance_activity_small_model,marketing_monthly,2000
well_drilling_maintenance_activity_small_model,utilities_monthly,1000
well_drilling_maintenance_activity_small_model,insurance_monthly,800
well_drilling_maintenance_activity_small_model,revenue_growth_rate,5
well_drilling_maintenance_activity_small_model,cogs_ratio,35
well_drilling_maintenance_activity_small_model,vat_rate,15
well_drilling_maintenance_activity_small_model,corporate_tax_rate,20
well_drilling_maintenance_activity_small_model,annual_depreciation_rate,10
well_drilling_maintenance_activity_small_model,working_capital_days,30
well_drilling_maintenance_activity_small_model,discount_rate,10
well_drilling_maintenance_activity_small_model,loan_ratio,50
well_drilling_maintenance_activity_small_model,interest_rate,8
well_drilling_maintenance_activity_small_model,loan_term_years,5
well_drilling_maintenance_activity_medium_model,rent_monthly,15000
well_drilling_maintenance_activity_medium_model,salaries_monthly,45000
well_drilling_maintenance_activity_medium_model,marketing_monthly,6000
well_drilling_maintenance_activity_medium_model,utilities_monthly,3000
well_drilling_maintenance_activity_medium_model,insurance_monthly,2000
well_drilling_maintenance_activity_medium_model,revenue_growth_rate,5
well_drilling_maintenance_activity_medium_model,cogs_ratio,35
well_drilling_maintenance_activity_medium_model,vat_rate,15
well_drilling_maintenance_activity_medium_model,corporate_tax_rate,20
well_drilling_maintenance_activity_medium_model,annual_depreciation_rate,10
well_drilling_maintenance_activity_medium_model,working_capital_days,30
well_drilling_maintenance_activity_medium_model,discount_rate,10
well_drilling_maintenance_activity_medium_model,loan_ratio,50
well_drilling_maintenance_activity_medium_model,interest_rate,8
well_drilling_maintenance_activity_medium_model,loan_term_years,5
well_drilling_maintenance_activity_large_model,rent_monthly,40000
well_drilling_maintenance_activity_large_model,salaries_monthly,120000
well_drilling_maintenance_activity_large_model,marketing_monthly,18000
well_drilling_maintenance_activity_large_model,utilities_monthly,8000
well_drilling_maintenance_activity_large_model,insurance_monthly,5000
well_drilling_maintenance_activity_large_model,revenue_growth_rate,5
well_drilling_maintenance_activity_large_model,cogs_ratio,35
well_drilling_maintenance_activity_large_model,vat_rate,15
well_drilling_maintenance_activity_large_model,corporate_tax_rate,20
well_drilling_maintenance_activity_large_model,annual_depreciation_rate,10
well_drilling_maintenance_activity_large_model,working_capital_days,30
well_drilling_maintenance_activity_large_model,discount_rate,10
well_drilling_maintenance_activity_large_model,loan_ratio,50
well_drilling_maintenance_activity_large_model,interest_rate,8
well_drilling_maintenance_activity_large_model,loan_term_years,5
well_drilling_cleaning_activity_small_model,rent_monthly,5000
well_drilling_cleaning_activity_small_model,salaries_monthly,15000
well_drilling_cleaning_activity_small_model,marketing_monthly,2000
well_drilling_cleaning_activity_small_model,utilities_monthly,1000
well_drilling_cleaning_activity_small_model,insurance_monthly,800
well_drilling_cleaning_activity_small_model,revenue_growth_rate,5
well_drilling_cleaning_activity_small_model,cogs_ratio,35
well_drilling_cleaning_activity_small_model,vat_rate,15
well_drilling_cleaning_activity_small_model,corporate_tax_rate,20
well_drilling_cleaning_activity_small_model,annual_depreciation_rate,10
well_drilling_cleaning_activity_small_model,working_capital_days,30
well_drilling_cleaning_activity_small_model,discount_rate,10
well_drilling_cleaning_activity_small_model,loan_ratio,50
well_drilling_cleaning_activity_small_model,interest_rate,8
well_drilling_cleaning_activity_small_model,loan_term_years,5
well_drilling_cleaning_activity_medium_model,rent_monthly,15000
well_drilling_cleaning_activity_medium_model,salaries_monthly,45000
well_drilling_cleaning_activity_medium_model,marketing_monthly,6000
well_drilling_cleaning_activity_medium_model,utilities_monthly,3000
well_drilling_cleaning_activity_medium_model,insurance_monthly,2000
well_drilling_cleaning_activity_medium_model,revenue_growth_rate,5
well_drilling_cleaning_activity_medium_model,cogs_ratio,35
well_drilling_cleaning_activity_medium_model,vat_rate,15
well_drilling_cleaning_activity_medium_model,corporate_tax_rate,20
well_drilling_cleaning_activity_medium_model,annual_depreciation_rate,10
well_drilling_cleaning_activity_medium_model,working_capital_days,30
well_drilling_cleaning_activity_medium_model,discount_rate,10
well_drilling_cleaning_activity_medium_model,loan_ratio,50
well_drilling_cleaning_activity_medium_model,interest_rate,8
well_drilling_cleaning_activity_medium_model,loan_term_years,5
well_drilling_cleaning_activity_large_model,rent_monthly,40000
well_drilling_cleaning_activity_large_model,salaries_monthly,120000
well_drilling_cleaning_activity_large_model,marketing_monthly,18000
well_drilling_cleaning_activity_large_model,utilities_monthly,8000
well_drilling_cleaning_activity_large_model,insurance_monthly,5000
well_drilling_cleaning_activity_large_model,revenue_growth_rate,5
well_drilling_cleaning_activity_large_model,cogs_ratio,35
well_drilling_cleaning_activity_large_model,vat_rate,15
well_drilling_cleaning_activity_large_model,corporate_tax_rate,20
well_drilling_cleaning_activity_large_model,annual_depreciation_rate,10
well_drilling_cleaning_activity_large_model,working_capital_days,30
well_drilling_cleaning_activity_large_model,discount_rate,10
well_drilling_cleaning_activity_large_model,loan_ratio,50
well_drilling_cleaning_activity_large_model,interest_rate,8
well_drilling_cleaning_activity_large_model,loan_term_years,5
well_drilling_security_activity_small_model,rent_monthly,5000
well_drilling_security_activity_small_model,salaries_monthly,15000
well_drilling_security_activity_small_model,marketing_monthly,2000
well_drilling_security_activity_small_model,utilities_monthly,1000
well_drilling_security_activity_small_model,insurance_monthly,800
well_drilling_security_activity_small_model,revenue_growth_rate,5
well_drilling_security_activity_small_model,cogs_ratio,35
well_drilling_security_activity_small_model,vat_rate,15
well_drilling_security_activity_small_model,corporate_tax_rate,20
well_drilling_security_activity_small_model,annual_depreciation_rate,10
well_drilling_security_activity_small_model,working_capital_days,30
well_drilling_security_activity_small_model,discount_rate,10
well_drilling_security_activity_small_model,loan_ratio,50
well_drilling_security_activity_small_model,interest_rate,8
well_drilling_security_activity_small_model,loan_term_years,5
well_drilling_security_activity_medium_model,rent_monthly,15000
well_drilling_security_activity_medium_model,salaries_monthly,45000
well_drilling_security_activity_medium_model,marketing_monthly,6000
well_drilling_security_activity_medium_model,utilities_monthly,3000
well_drilling_security_activity_medium_model,insurance_monthly,2000
well_drilling_security_activity_medium_model,revenue_growth_rate,5
well_drilling_security_activity_medium_model,cogs_ratio,35
well_drilling_security_activity_medium_model,vat_rate,15
well_drilling_security_activity_medium_model,corporate_tax_rate,20
well_drilling_security_activity_medium_model,annual_depreciation_rate,10
well_drilling_security_activity_medium_model,working_capital_days,30
well_drilling_security_activity_medium_model,discount_rate,10
well_drilling_security_activity_medium_model,loan_ratio,50
well_drilling_security_activity_medium_model,interest_rate,8
well_drilling_security_activity_medium_model,loan_term_years,5
well_drilling_security_activity_large_model,rent_monthly,40000
well_drilling_security_activity_large_model,salaries_monthly,120000
well_drilling_security_activity_large_model,marketing_monthly,18000
well_drilling_security_activity_large_model,utilities_monthly,8000
well_drilling_security_activity_large_model,insurance_monthly,5000
well_drilling_security_activity_large_model,revenue_growth_rate,5
well_drilling_security_activity_large_model,cogs_ratio,35
well_drilling_security_activity_large_model,vat_rate,15
well_drilling_security_activity_large_model,corporate_tax_rate,20
well_drilling_security_activity_large_model,annual_depreciation_rate,10
well_drilling_security_activity_large_model,working_capital_days,30
well_drilling_security_activity_large_model,discount_rate,10
well_drilling_security_activity_large_model,loan_ratio,50
well_drilling_security_activity_large_model,interest_rate,8
well_drilling_security_activity_large_model,loan_term_years,5
agriculture_farming_activity_small_model,rent_monthly,5000
agriculture_farming_activity_small_model,salaries_monthly,15000
agriculture_farming_activity_small_model,marketing_monthly,2000
agriculture_farming_activity_small_model,utilities_monthly,1000
agriculture_farming_activity_small_model,insurance_monthly,800
agriculture_farming_activity_small_model,revenue_growth_rate,5
agriculture_farming_activity_small_model,cogs_ratio,35
agriculture_farming_activity_small_model,vat_rate,15
agriculture_farming_activity_small_model,corporate_tax_rate,20
agriculture_farming_activity_small_model,annual_depreciation_rate,10
agriculture_farming_activity_small_model,working_capital_days,30
agriculture_farming_activity_small_model,discount_rate,10
agriculture_farming_activity_small_model,loan_ratio,50
agriculture_farming_activity_small_model,interest_rate,8
agriculture_farming_activity_small_model,loan_term_years,5
agriculture_farming_activity_medium_model,rent_monthly,15000
agriculture_farming_activity_medium_model,salaries_monthly,45000
agriculture_farming_activity_medium_model,marketing_monthly,6000
agriculture_farming_activity_medium_model,utilities_monthly,3000
agriculture_farming_activity_medium_model,insurance_monthly,2000
agriculture_farming_activity_medium_model,revenue_growth_rate,5
agriculture_farming_activity_medium_model,cogs_ratio,35
agriculture_farming_activity_medium_model,vat_rate,15
agriculture_farming_activity_medium_model,corporate_tax_rate,20
agriculture_farming_activity_medium_model,annual_depreciation_rate,10
agriculture_farming_activity_medium_model,working_capital_days,30
agriculture_farming_activity_medium_model,discount_rate,10
agriculture_farming_activity_medium_model,loan_ratio,50
agriculture_farming_activity_medium_model,interest_rate,8
agriculture_farming_activity_medium_model,loan_term_years,5
agriculture_farming_activity_large_model,rent_monthly,40000
agriculture_farming_activity_large_model,salaries_monthly,120000
agriculture_farming_activity_large_model,marketing_monthly,18000
agriculture_farming_activity_large_model,utilities_monthly,8000
agriculture_farming_activity_large_model,insurance_monthly,5000
agriculture_farming_activity_large_model,revenue_growth_rate,5
agriculture_farming_activity_large_model,cogs_ratio,35
agriculture_farming_activity_large_model,vat_rate,15
agriculture_farming_activity_large_model,corporate_tax_rate,20
agriculture_farming_activity_large_model,annual_depreciation_rate,10
agriculture_farming_activity_large_model,working_capital_days,30
agriculture_farming_activity_large_model,discount_rate,10
agriculture_farming_activity_large_model,loan_ratio,50
agriculture_farming_activity_large_model,interest_rate,8
agriculture_farming_activity_large_model,loan_term_years,5
agriculture_livestock_activity_small_model,rent_monthly,5000
agriculture_livestock_activity_small_model,salaries_monthly,15000
agriculture_livestock_activity_small_model,marketing_monthly,2000
agriculture_livestock_activity_small_model,utilities_monthly,1000
agriculture_livestock_activity_small_model,insurance_monthly,800
agriculture_livestock_activity_small_model,revenue_growth_rate,5
agriculture_livestock_activity_small_model,cogs_ratio,35
agriculture_livestock_activity_small_model,vat_rate,15
agriculture_livestock_activity_small_model,corporate_tax_rate,20
agriculture_livestock_activity_small_model,annual_depreciation_rate,10
agriculture_livestock_activity_small_model,working_capital_days,30
agriculture_livestock_activity_small_model,discount_rate,10
agriculture_livestock_activity_small_model,loan_ratio,50
agriculture_livestock_activity_small_model,interest_rate,8
agriculture_livestock_activity_small_model,loan_term_years,5
agriculture_livestock_activity_medium_model,rent_monthly,15000
agriculture_livestock_activity_medium_model,salaries_monthly,45000
agriculture_livestock_activity_medium_model,marketing_monthly,6000
agriculture_livestock_activity_medium_model,utilities_monthly,3000
agriculture_livestock_activity_medium_model,insurance_monthly,2000
agriculture_livestock_activity_medium_model,revenue_growth_rate,5
agriculture_livestock_activity_medium_model,cogs_ratio,35
agriculture_livestock_activity_medium_model,vat_rate,15
agriculture_livestock_activity_medium_model,corporate_tax_rate,20
agriculture_livestock_activity_medium_model,annual_depreciation_rate,10
agriculture_livestock_activity_medium_model,working_capital_days,30
agriculture_livestock_activity_medium_model,discount_rate,10
agriculture_livestock_activity_medium_model,loan_ratio,50
agriculture_livestock_activity_medium_model,interest_rate,8
agriculture_livestock_activity_medium_model,loan_term_years,5
agriculture_livestock_activity_large_model,rent_monthly,40000
agriculture_livestock_activity_large_model,salaries_monthly,120000
agriculture_livestock_activity_large_model,marketing_monthly,18000
agriculture_livestock_activity_large_model,utilities_monthly,8000
agriculture_livestock_activity_large_model,insurance_monthly,5000
agriculture_livestock_activity_large_model,revenue_growth_rate,5
agriculture_livestock_activity_large_model,cogs_ratio,35
agriculture_livestock_activity_large_model,vat_rate,15
agriculture_livestock_activity_large_model,corporate_tax_rate,20
agriculture_livestock_activity_large_model,annual_depreciation_rate,10
agriculture_livestock_activity_large_model,working_capital_days,30
agriculture_livestock_activity_large_model,discount_rate,10
agriculture_livestock_activity_large_model,loan_ratio,50
agriculture_livestock_activity_large_model,interest_rate,8
agriculture_livestock_activity_large_model,loan_term_years,5
agriculture_processing_activity_small_model,rent_monthly,5000
agriculture_processing_activity_small_model,salaries_monthly,15000
agriculture_processing_activity_small_model,marketing_monthly,2000
agriculture_processing_activity_small_model,utilities_monthly,1000
agriculture_processing_activity_small_model,insurance_monthly,800
agriculture_processing_activity_small_model,revenue_growth_rate,5
agriculture_processing_activity_small_model,cogs_ratio,35
agriculture_processing_activity_small_model,vat_rate,15
agriculture_processing_activity_small_model,corporate_tax_rate,20
agriculture_processing_activity_small_model,annual_depreciation_rate,10
agriculture_processing_activity_small_model,working_capital_days,30
agriculture_processing_activity_small_model,discount_rate,10
agriculture_processing_activity_small_model,loan_ratio,50
agriculture_processing_activity_small_model,interest_rate,8
agriculture_processing_activity_small_model,loan_term_years,5
agriculture_processing_activity_medium_model,rent_monthly,15000
agriculture_processing_activity_medium_model,salaries_monthly,45000
agriculture_processing_activity_medium_model,marketing_monthly,6000
agriculture_processing_activity_medium_model,utilities_monthly,3000
agriculture_processing_activity_medium_model,insurance_monthly,2000
agriculture_processing_activity_medium_model,revenue_growth_rate,5
agriculture_processing_activity_medium_model,cogs_ratio,35
agriculture_processing_activity_medium_model,vat_rate,15
agriculture_processing_activity_medium_model,corporate_tax_rate,20
agriculture_processing_activity_medium_model,annual_depreciation_rate,10
agriculture_processing_activity_medium_model,working_capital_days,30
agriculture_processing_activity_medium_model,discount_rate,10
agriculture_processing_activity_medium_model,loan_ratio,50
agriculture_processing_activity_medium_model,interest_rate,8
agriculture_processing_activity_medium_model,loan_term_years,5
agriculture_processing_activity_large_model,rent_monthly,40000
agriculture_processing_activity_large_model,salaries_monthly,120000
agriculture_processing_activity_large_model,marketing_monthly,18000
agriculture_processing_activity_large_model,utilities_monthly,8000
agriculture_processing_activity_large_model,insurance_monthly,5000
agriculture_processing_activity_large_model,revenue_growth_rate,5
agriculture_processing_activity_large_model,cogs_ratio,35
agriculture_processing_activity_large_model,vat_rate,15
agriculture_processing_activity_large_model,corporate_tax_rate,20
agriculture_processing_activity_large_model,annual_depreciation_rate,10
agriculture_processing_activity_large_model,working_capital_days,30
agriculture_processing_activity_large_model,discount_rate,10
agriculture_processing_activity_large_model,loan_ratio,50
agriculture_processing_activity_large_model,interest_rate,8
agriculture_processing_activity_large_model,loan_term_years,5
agriculture_distribution_activity_small_model,rent_monthly,5000
agriculture_distribution_activity_small_model,salaries_monthly,15000
agriculture_distribution_activity_small_model,marketing_monthly,2000
agriculture_distribution_activity_small_model,utilities_monthly,1000
agriculture_distribution_activity_small_model,insurance_monthly,800
agriculture_distribution_activity_small_model,revenue_growth_rate,5
agriculture_distribution_activity_small_model,cogs_ratio,35
agriculture_distribution_activity_small_model,vat_rate,15
agriculture_distribution_activity_small_model,corporate_tax_rate,20
agriculture_distribution_activity_small_model,annual_depreciation_rate,10
agriculture_distribution_activity_small_model,working_capital_days,30
agriculture_distribution_activity_small_model,discount_rate,10
agriculture_distribution_activity_small_model,loan_ratio,50
agriculture_distribution_activity_small_model,interest_rate,8
agriculture_distribution_activity_small_model,loan_term_years,5
agriculture_distribution_activity_medium_model,rent_monthly,15000
agriculture_distribution_activity_medium_model,salaries_monthly,45000
agriculture_distribution_activity_medium_model,marketing_monthly,6000
agriculture_distribution_activity_medium_model,utilities_monthly,3000
agriculture_distribution_activity_medium_model,insurance_monthly,2000
agriculture_distribution_activity_medium_model,revenue_growth_rate,5
agriculture_distribution_activity_medium_model,cogs_ratio,35
agriculture_distribution_activity_medium_model,vat_rate,15
agriculture_distribution_activity_medium_model,corporate_tax_rate,20
agriculture_distribution_activity_medium_model,annual_depreciation_rate,10
agriculture_distribution_activity_medium_model,working_capital_days,30
agriculture_distribution_activity_medium_model,discount_rate,10
agriculture_distribution_activity_medium_model,loan_ratio,50
agriculture_distribution_activity_medium_model,interest_rate,8
agriculture_distribution_activity_medium_model,loan_term_years,5
agriculture_distribution_activity_large_model,rent_monthly,40000
agriculture_distribution_activity_large_model,salaries_monthly,120000
agriculture_distribution_activity_large_model,marketing_monthly,18000
agriculture_distribution_activity_large_model,utilities_monthly,8000
agriculture_distribution_activity_large_model,insurance_monthly,5000
agriculture_distribution_activity_large_model,revenue_growth_rate,5
agriculture_distribution_activity_large_model,cogs_ratio,35
agriculture_distribution_activity_large_model,vat_rate,15
agriculture_distribution_activity_large_model,corporate_tax_rate,20
agriculture_distribution_activity_large_model,annual_depreciation_rate,10
agriculture_distribution_activity_large_model,working_capital_days,30
agriculture_distribution_activity_large_model,discount_rate,10
agriculture_distribution_activity_large_model,loan_ratio,50
agriculture_distribution_activity_large_model,interest_rate,8
agriculture_distribution_activity_large_model,loan_term_years,5
agricultural_inputs_farming_activity_small_model,rent_monthly,5000
agricultural_inputs_farming_activity_small_model,salaries_monthly,15000
agricultural_inputs_farming_activity_small_model,marketing_monthly,2000
agricultural_inputs_farming_activity_small_model,utilities_monthly,1000
agricultural_inputs_farming_activity_small_model,insurance_monthly,800
agricultural_inputs_farming_activity_small_model,revenue_growth_rate,5
agricultural_inputs_farming_activity_small_model,cogs_ratio,35
agricultural_inputs_farming_activity_small_model,vat_rate,15
agricultural_inputs_farming_activity_small_model,corporate_tax_rate,20
agricultural_inputs_farming_activity_small_model,annual_depreciation_rate,10
agricultural_inputs_farming_activity_small_model,working_capital_days,30
agricultural_inputs_farming_activity_small_model,discount_rate,10
agricultural_inputs_farming_activity_small_model,loan_ratio,50
agricultural_inputs_farming_activity_small_model,interest_rate,8
agricultural_inputs_farming_activity_small_model,loan_term_years,5
agricultural_inputs_farming_activity_medium_model,rent_monthly,15000
agricultural_inputs_farming_activity_medium_model,salaries_monthly,45000
agricultural_inputs_farming_activity_medium_model,marketing_monthly,6000
agricultural_inputs_farming_activity_medium_model,utilities_monthly,3000
agricultural_inputs_farming_activity_medium_model,insurance_monthly,2000
agricultural_inputs_farming_activity_medium_model,revenue_growth_rate,5
agricultural_inputs_farming_activity_medium_model,cogs_ratio,35
agricultural_inputs_farming_activity_medium_model,vat_rate,15
agricultural_inputs_farming_activity_medium_model,corporate_tax_rate,20
agricultural_inputs_farming_activity_medium_model,annual_depreciation_rate,10
agricultural_inputs_farming_activity_medium_model,working_capital_days,30
agricultural_inputs_farming_activity_medium_model,discount_rate,10
agricultural_inputs_farming_activity_medium_model,loan_ratio,50
agricultural_inputs_farming_activity_medium_model,interest_rate,8
agricultural_inputs_farming_activity_medium_model,loan_term_years,5
agricultural_inputs_farming_activity_large_model,rent_monthly,40000
agricultural_inputs_farming_activity_large_model,salaries_monthly,120000
agricultural_inputs_farming_activity_large_model,marketing_monthly,18000
agricultural_inputs_farming_activity_large_model,utilities_monthly,8000
agricultural_inputs_farming_activity_large_model,insurance_monthly,5000
agricultural_inputs_farming_activity_large_model,revenue_growth_rate,5
agricultural_inputs_farming_activity_large_model,cogs_ratio,35
agricultural_inputs_farming_activity_large_model,vat_rate,15
agricultural_inputs_farming_activity_large_model,corporate_tax_rate,20
agricultural_inputs_farming_activity_large_model,annual_depreciation_rate,10
agricultural_inputs_farming_activity_large_model,working_capital_days,30
agricultural_inputs_farming_activity_large_model,discount_rate,10
agricultural_inputs_farming_activity_large_model,loan_ratio,50
agricultural_inputs_farming_activity_large_model,interest_rate,8
agricultural_inputs_farming_activity_large_model,loan_term_years,5
agricultural_inputs_livestock_activity_small_model,rent_monthly,5000
agricultural_inputs_livestock_activity_small_model,salaries_monthly,15000
agricultural_inputs_livestock_activity_small_model,marketing_monthly,2000
agricultural_inputs_livestock_activity_small_model,utilities_monthly,1000
agricultural_inputs_livestock_activity_small_model,insurance_monthly,800
agricultural_inputs_livestock_activity_small_model,revenue_growth_rate,5
agricultural_inputs_livestock_activity_small_model,cogs_ratio,35
agricultural_inputs_livestock_activity_small_model,vat_rate,15
agricultural_inputs_livestock_activity_small_model,corporate_tax_rate,20
agricultural_inputs_livestock_activity_small_model,annual_depreciation_rate,10
agricultural_inputs_livestock_activity_small_model,working_capital_days,30
agricultural_inputs_livestock_activity_small_model,discount_rate,10
agricultural_inputs_livestock_activity_small_model,loan_ratio,50
agricultural_inputs_livestock_activity_small_model,interest_rate,8
agricultural_inputs_livestock_activity_small_model,loan_term_years,5
agricultural_inputs_livestock_activity_medium_model,rent_monthly,15000
agricultural_inputs_livestock_activity_medium_model,salaries_monthly,45000
agricultural_inputs_livestock_activity_medium_model,marketing_monthly,6000
agricultural_inputs_livestock_activity_medium_model,utilities_monthly,3000
agricultural_inputs_livestock_activity_medium_model,insurance_monthly,2000
agricultural_inputs_livestock_activity_medium_model,revenue_growth_rate,5
agricultural_inputs_livestock_activity_medium_model,cogs_ratio,35
agricultural_inputs_livestock_activity_medium_model,vat_rate,15
agricultural_inputs_livestock_activity_medium_model,corporate_tax_rate,20
agricultural_inputs_livestock_activity_medium_model,annual_depreciation_rate,10
agricultural_inputs_livestock_activity_medium_model,working_capital_days,30
agricultural_inputs_livestock_activity_medium_model,discount_rate,10
agricultural_inputs_livestock_activity_medium_model,loan_ratio,50
agricultural_inputs_livestock_activity_medium_model,interest_rate,8
agricultural_inputs_livestock_activity_medium_model,loan_term_years,5
agricultural_inputs_livestock_activity_large_model,rent_monthly,40000
agricultural_inputs_livestock_activity_large_model,salaries_monthly,120000
agricultural_inputs_livestock_activity_large_model,marketing_monthly,18000
agricultural_inputs_livestock_activity_large_model,utilities_monthly,8000
agricultural_inputs_livestock_activity_large_model,insurance_monthly,5000
agricultural_inputs_livestock_activity_large_model,revenue_growth_rate,5
agricultural_inputs_livestock_activity_large_model,cogs_ratio,35
agricultural_inputs_livestock_activity_large_model,vat_rate,15
agricultural_inputs_livestock_activity_large_model,corporate_tax_rate,20
agricultural_inputs_livestock_activity_large_model,annual_depreciation_rate,10
agricultural_inputs_livestock_activity_large_model,working_capital_days,30
agricultural_inputs_livestock_activity_large_model,discount_rate,10
agricultural_inputs_livestock_activity_large_model,loan_ratio,50
agricultural_inputs_livestock_activity_large_model,interest_rate,8
agricultural_inputs_livestock_activity_large_model,loan_term_years,5
agricultural_inputs_processing_activity_small_model,rent_monthly,5000
agricultural_inputs_processing_activity_small_model,salaries_monthly,15000
agricultural_inputs_processing_activity_small_model,marketing_monthly,2000
agricultural_inputs_processing_activity_small_model,utilities_monthly,1000
agricultural_inputs_processing_activity_small_model,insurance_monthly,800
agricultural_inputs_processing_activity_small_model,revenue_growth_rate,5
agricultural_inputs_processing_activity_small_model,cogs_ratio,35
agricultural_inputs_processing_activity_small_model,vat_rate,15
agricultural_inputs_processing_activity_small_model,corporate_tax_rate,20
agricultural_inputs_processing_activity_small_model,annual_depreciation_rate,10
agricultural_inputs_processing_activity_small_model,working_capital_days,30
agricultural_inputs_processing_activity_small_model,discount_rate,10
agricultural_inputs_processing_activity_small_model,loan_ratio,50
agricultural_inputs_processing_activity_small_model,interest_rate,8
agricultural_inputs_processing_activity_small_model,loan_term_years,5
agricultural_inputs_processing_activity_medium_model,rent_monthly,15000
agricultural_inputs_processing_activity_medium_model,salaries_monthly,45000
agricultural_inputs_processing_activity_medium_model,marketing_monthly,6000
agricultural_inputs_processing_activity_medium_model,utilities_monthly,3000
agricultural_inputs_processing_activity_medium_model,insurance_monthly,2000
agricultural_inputs_processing_activity_medium_model,revenue_growth_rate,5
agricultural_inputs_processing_activity_medium_model,cogs_ratio,35
agricultural_inputs_processing_activity_medium_model,vat_rate,15
agricultural_inputs_processing_activity_medium_model,corporate_tax_rate,20
agricultural_inputs_processing_activity_medium_model,annual_depreciation_rate,10
agricultural_inputs_processing_activity_medium_model,working_capital_days,30
agricultural_inputs_processing_activity_medium_model,discount_rate,10
agricultural_inputs_processing_activity_medium_model,loan_ratio,50
agricultural_inputs_processing_activity_medium_model,interest_rate,8
agricultural_inputs_processing_activity_medium_model,loan_term_years,5
agricultural_inputs_processing_activity_large_model,rent_monthly,40000
agricultural_inputs_processing_activity_large_model,salaries_monthly,120000
agricultural_inputs_processing_activity_large_model,marketing_monthly,18000
agricultural_inputs_processing_activity_large_model,utilities_monthly,8000
agricultural_inputs_processing_activity_large_model,insurance_monthly,5000
agricultural_inputs_processing_activity_large_model,revenue_growth_rate,5
agricultural_inputs_processing_activity_large_model,cogs_ratio,35
agricultural_inputs_processing_activity_large_model,vat_rate,15
agricultural_inputs_processing_activity_large_model,corporate_tax_rate,20
agricultural_inputs_processing_activity_large_model,annual_depreciation_rate,10
agricultural_inputs_processing_activity_large_model,working_capital_days,30
agricultural_inputs_processing_activity_large_model,discount_rate,10
agricultural_inputs_processing_activity_large_model,loan_ratio,50
agricultural_inputs_processing_activity_large_model,interest_rate,8
agricultural_inputs_processing_activity_large_model,loan_term_years,5
agricultural_inputs_distribution_activity_small_model,rent_monthly,5000
agricultural_inputs_distribution_activity_small_model,salaries_monthly,15000
agricultural_inputs_distribution_activity_small_model,marketing_monthly,2000
agricultural_inputs_distribution_activity_small_model,utilities_monthly,1000
agricultural_inputs_distribution_activity_small_model,insurance_monthly,800
agricultural_inputs_distribution_activity_small_model,revenue_growth_rate,5
agricultural_inputs_distribution_activity_small_model,cogs_ratio,35
agricultural_inputs_distribution_activity_small_model,vat_rate,15
agricultural_inputs_distribution_activity_small_model,corporate_tax_rate,20
agricultural_inputs_distribution_activity_small_model,annual_depreciation_rate,10
agricultural_inputs_distribution_activity_small_model,working_capital_days,30
agricultural_inputs_distribution_activity_small_model,discount_rate,10
agricultural_inputs_distribution_activity_small_model,loan_ratio,50
agricultural_inputs_distribution_activity_small_model,interest_rate,8
agricultural_inputs_distribution_activity_small_model,loan_term_years,5
agricultural_inputs_distribution_activity_medium_model,rent_monthly,15000
agricultural_inputs_distribution_activity_medium_model,salaries_monthly,45000
agricultural_inputs_distribution_activity_medium_model,marketing_monthly,6000
agricultural_inputs_distribution_activity_medium_model,utilities_monthly,3000
agricultural_inputs_distribution_activity_medium_model,insurance_monthly,2000
agricultural_inputs_distribution_activity_medium_model,revenue_growth_rate,5
agricultural_inputs_distribution_activity_medium_model,cogs_ratio,35
agricultural_inputs_distribution_activity_medium_model,vat_rate,15
agricultural_inputs_distribution_activity_medium_model,corporate_tax_rate,20
agricultural_inputs_distribution_activity_medium_model,annual_depreciation_rate,10
agricultural_inputs_distribution_activity_medium_model,working_capital_days,30
agricultural_inputs_distribution_activity_medium_model,discount_rate,10
agricultural_inputs_distribution_activity_medium_model,loan_ratio,50
agricultural_inputs_distribution_activity_medium_model,interest_rate,8
agricultural_inputs_distribution_activity_medium_model,loan_term_years,5
agricultural_inputs_distribution_activity_large_model,rent_monthly,40000
agricultural_inputs_distribution_activity_large_model,salaries_monthly,120000
agricultural_inputs_distribution_activity_large_model,marketing_monthly,18000
agricultural_inputs_distribution_activity_large_model,utilities_monthly,8000
agricultural_inputs_distribution_activity_large_model,insurance_monthly,5000
agricultural_inputs_distribution_activity_large_model,revenue_growth_rate,5
agricultural_inputs_distribution_activity_large_model,cogs_ratio,35
agricultural_inputs_distribution_activity_large_model,vat_rate,15
agricultural_inputs_distribution_activity_large_model,corporate_tax_rate,20
agricultural_inputs_distribution_activity_large_model,annual_depreciation_rate,10
agricultural_inputs_distribution_activity_large_model,working_capital_days,30
agricultural_inputs_distribution_activity_large_model,discount_rate,10
agricultural_inputs_distribution_activity_large_model,loan_ratio,50
agricultural_inputs_distribution_activity_large_model,interest_rate,8
agricultural_inputs_distribution_activity_large_model,loan_term_years,5
desertification_control_consulting_activity_small_model,rent_monthly,5000
desertification_control_consulting_activity_small_model,salaries_monthly,15000
desertification_control_consulting_activity_small_model,marketing_monthly,2000
desertification_control_consulting_activity_small_model,utilities_monthly,1000
desertification_control_consulting_activity_small_model,insurance_monthly,800
desertification_control_consulting_activity_small_model,revenue_growth_rate,5
desertification_control_consulting_activity_small_model,cogs_ratio,35
desertification_control_consulting_activity_small_model,vat_rate,15
desertification_control_consulting_activity_small_model,corporate_tax_rate,20
desertification_control_consulting_activity_small_model,annual_depreciation_rate,10
desertification_control_consulting_activity_small_model,working_capital_days,30
desertification_control_consulting_activity_small_model,discount_rate,10
desertification_control_consulting_activity_small_model,loan_ratio,50
desertification_control_consulting_activity_small_model,interest_rate,8
desertification_control_consulting_activity_small_model,loan_term_years,5
desertification_control_consulting_activity_medium_model,rent_monthly,15000
desertification_control_consulting_activity_medium_model,salaries_monthly,45000
desertification_control_consulting_activity_medium_model,marketing_monthly,6000
desertification_control_consulting_activity_medium_model,utilities_monthly,3000
desertification_control_consulting_activity_medium_model,insurance_monthly,2000
desertification_control_consulting_activity_medium_model,revenue_growth_rate,5
desertification_control_consulting_activity_medium_model,cogs_ratio,35
desertification_control_consulting_activity_medium_model,vat_rate,15
desertification_control_consulting_activity_medium_model,corporate_tax_rate,20
desertification_control_consulting_activity_medium_model,annual_depreciation_rate,10
desertification_control_consulting_activity_medium_model,working_capital_days,30
desertification_control_consulting_activity_medium_model,discount_rate,10
desertification_control_consulting_activity_medium_model,loan_ratio,50
desertification_control_consulting_activity_medium_model,interest_rate,8
desertification_control_consulting_activity_medium_model,loan_term_years,5
desertification_control_consulting_activity_large_model,rent_monthly,40000
desertification_control_consulting_activity_large_model,salaries_monthly,120000
desertification_control_consulting_activity_large_model,marketing_monthly,18000
desertification_control_consulting_activity_large_model,utilities_monthly,8000
desertification_control_consulting_activity_large_model,insurance_monthly,5000
desertification_control_consulting_activity_large_model,revenue_growth_rate,5
desertification_control_consulting_activity_large_model,cogs_ratio,35
desertification_control_consulting_activity_large_model,vat_rate,15
desertification_control_consulting_activity_large_model,corporate_tax_rate,20
desertification_control_consulting_activity_large_model,annual_depreciation_rate,10
desertification_control_consulting_activity_large_model,working_capital_days,30
desertification_control_consulting_activity_large_model,discount_rate,10
desertification_control_consulting_activity_large_model,loan_ratio,50
desertification_control_consulting_activity_large_model,interest_rate,8
desertification_control_consulting_activity_large_model,loan_term_years,5
desertification_control_maintenance_activity_small_model,rent_monthly,5000
desertification_control_maintenance_activity_small_model,salaries_monthly,15000
desertification_control_maintenance_activity_small_model,marketing_monthly,2000
desertification_control_maintenance_activity_small_model,utilities_monthly,1000
desertification_control_maintenance_activity_small_model,insurance_monthly,800
desertification_control_maintenance_activity_small_model,revenue_growth_rate,5
desertification_control_maintenance_activity_small_model,cogs_ratio,35
desertification_control_maintenance_activity_small_model,vat_rate,15
desertification_control_maintenance_activity_small_model,corporate_tax_rate,20
desertification_control_maintenance_activity_small_model,annual_depreciation_rate,10
desertification_control_maintenance_activity_small_model,working_capital_days,30
desertification_control_maintenance_activity_small_model,discount_rate,10
desertification_control_maintenance_activity_small_model,loan_ratio,50
desertification_control_maintenance_activity_small_model,interest_rate,8
desertification_control_maintenance_activity_small_model,loan_term_years,5
desertification_control_maintenance_activity_medium_model,rent_monthly,15000
desertification_control_maintenance_activity_medium_model,salaries_monthly,45000
desertification_control_maintenance_activity_medium_model,marketing_monthly,6000
desertification_control_maintenance_activity_medium_model,utilities_monthly,3000
desertification_control_maintenance_activity_medium_model,insurance_monthly,2000
desertification_control_maintenance_activity_medium_model,revenue_growth_rate,5
desertification_control_maintenance_activity_medium_model,cogs_ratio,35
desertification_control_maintenance_activity_medium_model,vat_rate,15
desertification_control_maintenance_activity_medium_model,corporate_tax_rate,20
desertification_control_maintenance_activity_medium_model,annual_depreciation_rate,10
desertification_control_maintenance_activity_medium_model,working_capital_days,30
desertification_control_maintenance_activity_medium_model,discount_rate,10
desertification_control_maintenance_activity_medium_model,loan_ratio,50
desertification_control_maintenance_activity_medium_model,interest_rate,8
desertification_control_maintenance_activity_medium_model,loan_term_years,5
desertification_control_maintenance_activity_large_model,rent_monthly,40000
desertification_control_maintenance_activity_large_model,salaries_monthly,120000
desertification_control_maintenance_activity_large_model,marketing_monthly,18000
desertification_control_maintenance_activity_large_model,utilities_monthly,8000
desertification_control_maintenance_activity_large_model,insurance_monthly,5000
desertification_control_maintenance_activity_large_model,revenue_growth_rate,5
desertification_control_maintenance_activity_large_model,cogs_ratio,35
desertification_control_maintenance_activity_large_model,vat_rate,15
desertification_control_maintenance_activity_large_model,corporate_tax_rate,20
desertification_control_maintenance_activity_large_model,annual_depreciation_rate,10
desertification_control_maintenance_activity_large_model,working_capital_days,30
desertification_control_maintenance_activity_large_model,discount_rate,10
desertification_control_maintenance_activity_large_model,loan_ratio,50
desertification_control_maintenance_activity_large_model,interest_rate,8
desertification_control_maintenance_activity_large_model,loan_term_years,5
desertification_control_cleaning_activity_small_model,rent_monthly,5000
desertification_control_cleaning_activity_small_model,salaries_monthly,15000
desertification_control_cleaning_activity_small_model,marketing_monthly,2000
desertification_control_cleaning_activity_small_model,utilities_monthly,1000
desertification_control_cleaning_activity_small_model,insurance_monthly,800
desertification_control_cleaning_activity_small_model,revenue_growth_rate,5
desertification_control_cleaning_activity_small_model,cogs_ratio,35
desertification_control_cleaning_activity_small_model,vat_rate,15
desertification_control_cleaning_activity_small_model,corporate_tax_rate,20
desertification_control_cleaning_activity_small_model,annual_depreciation_rate,10
desertification_control_cleaning_activity_small_model,working_capital_days,30
desertification_control_cleaning_activity_small_model,discount_rate,10
desertification_control_cleaning_activity_small_model,loan_ratio,50
desertification_control_cleaning_activity_small_model,interest_rate,8
desertification_control_cleaning_activity_small_model,loan_term_years,5
desertification_control_cleaning_activity_medium_model,rent_monthly,15000
desertification_control_cleaning_activity_medium_model,salaries_monthly,45000
desertification_control_cleaning_activity_medium_model,marketing_monthly,6000
desertification_control_cleaning_activity_medium_model,utilities_monthly,3000
desertification_control_cleaning_activity_medium_model,insurance_monthly,2000
desertification_control_cleaning_activity_medium_model,revenue_growth_rate,5
desertification_control_cleaning_activity_medium_model,cogs_ratio,35
desertification_control_cleaning_activity_medium_model,vat_rate,15
desertification_control_cleaning_activity_medium_model,corporate_tax_rate,20
desertification_control_cleaning_activity_medium_model,annual_depreciation_rate,10
desertification_control_cleaning_activity_medium_model,working_capital_days,30
desertification_control_cleaning_activity_medium_model,discount_rate,10
desertification_control_cleaning_activity_medium_model,loan_ratio,50
desertification_control_cleaning_activity_medium_model,interest_rate,8
desertification_control_cleaning_activity_medium_model,loan_term_years,5
desertification_control_cleaning_activity_large_model,rent_monthly,40000
desertification_control_cleaning_activity_large_model,salaries_monthly,120000
desertification_control_cleaning_activity_large_model,marketing_monthly,18000
desertification_control_cleaning_activity_large_model,utilities_monthly,8000
desertification_control_cleaning_activity_large_model,insurance_monthly,5000
desertification_control_cleaning_activity_large_model,revenue_growth_rate,5
desertification_control_cleaning_activity_large_model,cogs_ratio,35
desertification_control_cleaning_activity_large_model,vat_rate,15
desertification_control_cleaning_activity_large_model,corporate_tax_rate,20
desertification_control_cleaning_activity_large_model,annual_depreciation_rate,10
desertification_control_cleaning_activity_large_model,working_capital_days,30
desertification_control_cleaning_activity_large_model,discount_rate,10
desertification_control_cleaning_activity_large_model,loan_ratio,50
desertification_control_cleaning_activity_large_model,interest_rate,8
desertification_control_cleaning_activity_large_model,loan_term_years,5
desertification_control_security_activity_small_model,rent_monthly,5000
desertification_control_security_activity_small_model,salaries_monthly,15000
desertification_control_security_activity_small_model,marketing_monthly,2000
desertification_control_security_activity_small_model,utilities_monthly,1000
desertification_control_security_activity_small_model,insurance_monthly,800
desertification_control_security_activity_small_model,revenue_growth_rate,5
desertification_control_security_activity_small_model,cogs_ratio,35
desertification_control_security_activity_small_model,vat_rate,15
desertification_control_security_activity_small_model,corporate_tax_rate,20
desertification_control_security_activity_small_model,annual_depreciation_rate,10
desertification_control_security_activity_small_model,working_capital_days,30
desertification_control_security_activity_small_model,discount_rate,10
desertification_control_security_activity_small_model,loan_ratio,50
desertification_control_security_activity_small_model,interest_rate,8
desertification_control_security_activity_small_model,loan_term_years,5
desertification_control_security_activity_medium_model,rent_monthly,15000
desertification_control_security_activity_medium_model,salaries_monthly,45000
desertification_control_security_activity_medium_model,marketing_monthly,6000
desertification_control_security_activity_medium_model,utilities_monthly,3000
desertification_control_security_activity_medium_model,insurance_monthly,2000
desertification_control_security_activity_medium_model,revenue_growth_rate,5
desertification_control_security_activity_medium_model,cogs_ratio,35
desertification_control_security_activity_medium_model,vat_rate,15
desertification_control_security_activity_medium_model,corporate_tax_rate,20
desertification_control_security_activity_medium_model,annual_depreciation_rate,10
desertification_control_security_activity_medium_model,working_capital_days,30
desertification_control_security_activity_medium_model,discount_rate,10
desertification_control_security_activity_medium_model,loan_ratio,50
desertification_control_security_activity_medium_model,interest_rate,8
desertification_control_security_activity_medium_model,loan_term_years,5
desertification_control_security_activity_large_model,rent_monthly,40000
desertification_control_security_activity_large_model,salaries_monthly,120000
desertification_control_security_activity_large_model,marketing_monthly,18000
desertification_control_security_activity_large_model,utilities_monthly,8000
desertification_control_security_activity_large_model,insurance_monthly,5000
desertification_control_security_activity_large_model,revenue_growth_rate,5
desertification_control_security_activity_large_model,cogs_ratio,35
desertification_control_security_activity_large_model,vat_rate,15
desertification_control_security_activity_large_model,corporate_tax_rate,20
desertification_control_security_activity_large_model,annual_depreciation_rate,10
desertification_control_security_activity_large_model,working_capital_days,30
desertification_control_security_activity_large_model,discount_rate,10
desertification_control_security_activity_large_model,loan_ratio,50
desertification_control_security_activity_large_model,interest_rate,8
desertification_control_security_activity_large_model,loan_term_years,5
livestock_farming_activity_small_model,rent_monthly,5000
livestock_farming_activity_small_model,salaries_monthly,15000
livestock_farming_activity_small_model,marketing_monthly,2000
livestock_farming_activity_small_model,utilities_monthly,1000
livestock_farming_activity_small_model,insurance_monthly,800
livestock_farming_activity_small_model,revenue_growth_rate,5
livestock_farming_activity_small_model,cogs_ratio,35
livestock_farming_activity_small_model,vat_rate,15
livestock_farming_activity_small_model,corporate_tax_rate,20
livestock_farming_activity_small_model,annual_depreciation_rate,10
livestock_farming_activity_small_model,working_capital_days,30
livestock_farming_activity_small_model,discount_rate,10
livestock_farming_activity_small_model,loan_ratio,50
livestock_farming_activity_small_model,interest_rate,8
livestock_farming_activity_small_model,loan_term_years,5
livestock_farming_activity_medium_model,rent_monthly,15000
livestock_farming_activity_medium_model,salaries_monthly,45000
livestock_farming_activity_medium_model,marketing_monthly,6000
livestock_farming_activity_medium_model,utilities_monthly,3000
livestock_farming_activity_medium_model,insurance_monthly,2000
livestock_farming_activity_medium_model,revenue_growth_rate,5
livestock_farming_activity_medium_model,cogs_ratio,35
livestock_farming_activity_medium_model,vat_rate,15
livestock_farming_activity_medium_model,corporate_tax_rate,20
livestock_farming_activity_medium_model,annual_depreciation_rate,10
livestock_farming_activity_medium_model,working_capital_days,30
livestock_farming_activity_medium_model,discount_rate,10
livestock_farming_activity_medium_model,loan_ratio,50
livestock_farming_activity_medium_model,interest_rate,8
livestock_farming_activity_medium_model,loan_term_years,5
livestock_farming_activity_large_model,rent_monthly,40000
livestock_farming_activity_large_model,salaries_monthly,120000
livestock_farming_activity_large_model,marketing_monthly,18000
livestock_farming_activity_large_model,utilities_monthly,8000
livestock_farming_activity_large_model,insurance_monthly,5000
livestock_farming_activity_large_model,revenue_growth_rate,5
livestock_farming_activity_large_model,cogs_ratio,35
livestock_farming_activity_large_model,vat_rate,15
livestock_farming_activity_large_model,corporate_tax_rate,20
livestock_farming_activity_large_model,annual_depreciation_rate,10
livestock_farming_activity_large_model,working_capital_days,30
livestock_farming_activity_large_model,discount_rate,10
livestock_farming_activity_large_model,loan_ratio,50
livestock_farming_activity_large_model,interest_rate,8
livestock_farming_activity_large_model,loan_term_years,5
livestock_livestock_activity_small_model,rent_monthly,5000
livestock_livestock_activity_small_model,salaries_monthly,15000
livestock_livestock_activity_small_model,marketing_monthly,2000
livestock_livestock_activity_small_model,utilities_monthly,1000
livestock_livestock_activity_small_model,insurance_monthly,800
livestock_livestock_activity_small_model,revenue_growth_rate,5
livestock_livestock_activity_small_model,cogs_ratio,35
livestock_livestock_activity_small_model,vat_rate,15
livestock_livestock_activity_small_model,corporate_tax_rate,20
livestock_livestock_activity_small_model,annual_depreciation_rate,10
livestock_livestock_activity_small_model,working_capital_days,30
livestock_livestock_activity_small_model,discount_rate,10
livestock_livestock_activity_small_model,loan_ratio,50
livestock_livestock_activity_small_model,interest_rate,8
livestock_livestock_activity_small_model,loan_term_years,5
livestock_livestock_activity_medium_model,rent_monthly,15000
livestock_livestock_activity_medium_model,salaries_monthly,45000
livestock_livestock_activity_medium_model,marketing_monthly,6000
livestock_livestock_activity_medium_model,utilities_monthly,3000
livestock_livestock_activity_medium_model,insurance_monthly,2000
livestock_livestock_activity_medium_model,revenue_growth_rate,5
livestock_livestock_activity_medium_model,cogs_ratio,35
livestock_livestock_activity_medium_model,vat_rate,15
livestock_livestock_activity_medium_model,corporate_tax_rate,20
livestock_livestock_activity_medium_model,annual_depreciation_rate,10
livestock_livestock_activity_medium_model,working_capital_days,30
livestock_livestock_activity_medium_model,discount_rate,10
livestock_livestock_activity_medium_model,loan_ratio,50
livestock_livestock_activity_medium_model,interest_rate,8
livestock_livestock_activity_medium_model,loan_term_years,5
livestock_livestock_activity_large_model,rent_monthly,40000
livestock_livestock_activity_large_model,salaries_monthly,120000
livestock_livestock_activity_large_model,marketing_monthly,18000
livestock_livestock_activity_large_model,utilities_monthly,8000
livestock_livestock_activity_large_model,insurance_monthly,5000
livestock_livestock_activity_large_model,revenue_growth_rate,5
livestock_livestock_activity_large_model,cogs_ratio,35
livestock_livestock_activity_large_model,vat_rate,15
livestock_livestock_activity_large_model,corporate_tax_rate,20
livestock_livestock_activity_large_model,annual_depreciation_rate,10
livestock_livestock_activity_large_model,working_capital_days,30
livestock_livestock_activity_large_model,discount_rate,10
livestock_livestock_activity_large_model,loan_ratio,50
livestock_livestock_activity_large_model,interest_rate,8
livestock_livestock_activity_large_model,loan_term_years,5
livestock_processing_activity_small_model,rent_monthly,5000
livestock_processing_activity_small_model,salaries_monthly,15000
livestock_processing_activity_small_model,marketing_monthly,2000
livestock_processing_activity_small_model,utilities_monthly,1000
livestock_processing_activity_small_model,insurance_monthly,800
livestock_processing_activity_small_model,revenue_growth_rate,5
livestock_processing_activity_small_model,cogs_ratio,35
livestock_processing_activity_small_model,vat_rate,15
livestock_processing_activity_small_model,corporate_tax_rate,20
livestock_processing_activity_small_model,annual_depreciation_rate,10
livestock_processing_activity_small_model,working_capital_days,30
livestock_processing_activity_small_model,discount_rate,10
livestock_processing_activity_small_model,loan_ratio,50
livestock_processing_activity_small_model,interest_rate,8
livestock_processing_activity_small_model,loan_term_years,5
livestock_processing_activity_medium_model,rent_monthly,15000
livestock_processing_activity_medium_model,salaries_monthly,45000
livestock_processing_activity_medium_model,marketing_monthly,6000
livestock_processing_activity_medium_model,utilities_monthly,3000
livestock_processing_activity_medium_model,insurance_monthly,2000
livestock_processing_activity_medium_model,revenue_growth_rate,5
livestock_processing_activity_medium_model,cogs_ratio,35
livestock_processing_activity_medium_model,vat_rate,15
livestock_processing_activity_medium_model,corporate_tax_rate,20
livestock_processing_activity_medium_model,annual_depreciation_rate,10
livestock_processing_activity_medium_model,working_capital_days,30
livestock_processing_activity_medium_model,discount_rate,10
livestock_processing_activity_medium_model,loan_ratio,50
livestock_processing_activity_medium_model,interest_rate,8
livestock_processing_activity_medium_model,loan_term_years,5
livestock_processing_activity_large_model,rent_monthly,40000
livestock_processing_activity_large_model,salaries_monthly,120000
livestock_processing_activity_large_model,marketing_monthly,18000
livestock_processing_activity_large_model,utilities_monthly,8000
livestock_processing_activity_large_model,insurance_monthly,5000
livestock_processing_activity_large_model,revenue_growth_rate,5
livestock_processing_activity_large_model,cogs_ratio,35
livestock_processing_activity_large_model,vat_rate,15
livestock_processing_activity_large_model,corporate_tax_rate,20
livestock_processing_activity_large_model,annual_depreciation_rate,10
livestock_processing_activity_large_model,working_capital_days,30
livestock_processing_activity_large_model,discount_rate,10
livestock_processing_activity_large_model,loan_ratio,50
livestock_processing_activity_large_model,interest_rate,8
livestock_processing_activity_large_model,loan_term_years,5
livestock_distribution_activity_small_model,rent_monthly,5000
livestock_distribution_activity_small_model,salaries_monthly,15000
livestock_distribution_activity_small_model,marketing_monthly,2000
livestock_distribution_activity_small_model,utilities_monthly,1000
livestock_distribution_activity_small_model,insurance_monthly,800
livestock_distribution_activity_small_model,revenue_growth_rate,5
livestock_distribution_activity_small_model,cogs_ratio,35
livestock_distribution_activity_small_model,vat_rate,15
livestock_distribution_activity_small_model,corporate_tax_rate,20
livestock_distribution_activity_small_model,annual_depreciation_rate,10
livestock_distribution_activity_small_model,working_capital_days,30
livestock_distribution_activity_small_model,discount_rate,10
livestock_distribution_activity_small_model,loan_ratio,50
livestock_distribution_activity_small_model,interest_rate,8
livestock_distribution_activity_small_model,loan_term_years,5
livestock_distribution_activity_medium_model,rent_monthly,15000
livestock_distribution_activity_medium_model,salaries_monthly,45000
livestock_distribution_activity_medium_model,marketing_monthly,6000
livestock_distribution_activity_medium_model,utilities_monthly,3000
livestock_distribution_activity_medium_model,insurance_monthly,2000
livestock_distribution_activity_medium_model,revenue_growth_rate,5
livestock_distribution_activity_medium_model,cogs_ratio,35
livestock_distribution_activity_medium_model,vat_rate,15
livestock_distribution_activity_medium_model,corporate_tax_rate,20
livestock_distribution_activity_medium_model,annual_depreciation_rate,10
livestock_distribution_activity_medium_model,working_capital_days,30
livestock_distribution_activity_medium_model,discount_rate,10
livestock_distribution_activity_medium_model,loan_ratio,50
livestock_distribution_activity_medium_model,interest_rate,8
livestock_distribution_activity_medium_model,loan_term_years,5
livestock_distribution_activity_large_model,rent_monthly,40000
livestock_distribution_activity_large_model,salaries_monthly,120000
livestock_distribution_activity_large_model,marketing_monthly,18000
livestock_distribution_activity_large_model,utilities_monthly,8000
livestock_distribution_activity_large_model,insurance_monthly,5000
livestock_distribution_activity_large_model,revenue_growth_rate,5
livestock_distribution_activity_large_model,cogs_ratio,35
livestock_distribution_activity_large_model,vat_rate,15
livestock_distribution_activity_large_model,corporate_tax_rate,20
livestock_distribution_activity_large_model,annual_depreciation_rate,10
livestock_distribution_activity_large_model,working_capital_days,30
livestock_distribution_activity_large_model,discount_rate,10
livestock_distribution_activity_large_model,loan_ratio,50
livestock_distribution_activity_large_model,interest_rate,8
livestock_distribution_activity_large_model,loan_term_years,5
poultry_consulting_activity_small_model,rent_monthly,5000
poultry_consulting_activity_small_model,salaries_monthly,15000
poultry_consulting_activity_small_model,marketing_monthly,2000
poultry_consulting_activity_small_model,utilities_monthly,1000
poultry_consulting_activity_small_model,insurance_monthly,800
poultry_consulting_activity_small_model,revenue_growth_rate,5
poultry_consulting_activity_small_model,cogs_ratio,35
poultry_consulting_activity_small_model,vat_rate,15
poultry_consulting_activity_small_model,corporate_tax_rate,20
poultry_consulting_activity_small_model,annual_depreciation_rate,10
poultry_consulting_activity_small_model,working_capital_days,30
poultry_consulting_activity_small_model,discount_rate,10
poultry_consulting_activity_small_model,loan_ratio,50
poultry_consulting_activity_small_model,interest_rate,8
poultry_consulting_activity_small_model,loan_term_years,5
poultry_consulting_activity_medium_model,rent_monthly,15000
poultry_consulting_activity_medium_model,salaries_monthly,45000
poultry_consulting_activity_medium_model,marketing_monthly,6000
poultry_consulting_activity_medium_model,utilities_monthly,3000
poultry_consulting_activity_medium_model,insurance_monthly,2000
poultry_consulting_activity_medium_model,revenue_growth_rate,5
poultry_consulting_activity_medium_model,cogs_ratio,35
poultry_consulting_activity_medium_model,vat_rate,15
poultry_consulting_activity_medium_model,corporate_tax_rate,20
poultry_consulting_activity_medium_model,annual_depreciation_rate,10
poultry_consulting_activity_medium_model,working_capital_days,30
poultry_consulting_activity_medium_model,discount_rate,10
poultry_consulting_activity_medium_model,loan_ratio,50
poultry_consulting_activity_medium_model,interest_rate,8
poultry_consulting_activity_medium_model,loan_term_years,5
poultry_consulting_activity_large_model,rent_monthly,40000
poultry_consulting_activity_large_model,salaries_monthly,120000
poultry_consulting_activity_large_model,marketing_monthly,18000
poultry_consulting_activity_large_model,utilities_monthly,8000
poultry_consulting_activity_large_model,insurance_monthly,5000
poultry_consulting_activity_large_model,revenue_growth_rate,5
poultry_consulting_activity_large_model,cogs_ratio,35
poultry_consulting_activity_large_model,vat_rate,15
poultry_consulting_activity_large_model,corporate_tax_rate,20
poultry_consulting_activity_large_model,annual_depreciation_rate,10
poultry_consulting_activity_large_model,working_capital_days,30
poultry_consulting_activity_large_model,discount_rate,10
poultry_consulting_activity_large_model,loan_ratio,50
poultry_consulting_activity_large_model,interest_rate,8
poultry_consulting_activity_large_model,loan_term_years,5
poultry_maintenance_activity_small_model,rent_monthly,5000
poultry_maintenance_activity_small_model,salaries_monthly,15000
poultry_maintenance_activity_small_model,marketing_monthly,2000
poultry_maintenance_activity_small_model,utilities_monthly,1000
poultry_maintenance_activity_small_model,insurance_monthly,800
poultry_maintenance_activity_small_model,revenue_growth_rate,5
poultry_maintenance_activity_small_model,cogs_ratio,35
poultry_maintenance_activity_small_model,vat_rate,15
poultry_maintenance_activity_small_model,corporate_tax_rate,20
poultry_maintenance_activity_small_model,annual_depreciation_rate,10
poultry_maintenance_activity_small_model,working_capital_days,30
poultry_maintenance_activity_small_model,discount_rate,10
poultry_maintenance_activity_small_model,loan_ratio,50
poultry_maintenance_activity_small_model,interest_rate,8
poultry_maintenance_activity_small_model,loan_term_years,5
poultry_maintenance_activity_medium_model,rent_monthly,15000
poultry_maintenance_activity_medium_model,salaries_monthly,45000
poultry_maintenance_activity_medium_model,marketing_monthly,6000
poultry_maintenance_activity_medium_model,utilities_monthly,3000
poultry_maintenance_activity_medium_model,insurance_monthly,2000
poultry_maintenance_activity_medium_model,revenue_growth_rate,5
poultry_maintenance_activity_medium_model,cogs_ratio,35
poultry_maintenance_activity_medium_model,vat_rate,15
poultry_maintenance_activity_medium_model,corporate_tax_rate,20
poultry_maintenance_activity_medium_model,annual_depreciation_rate,10
poultry_maintenance_activity_medium_model,working_capital_days,30
poultry_maintenance_activity_medium_model,discount_rate,10
poultry_maintenance_activity_medium_model,loan_ratio,50
poultry_maintenance_activity_medium_model,interest_rate,8
poultry_maintenance_activity_medium_model,loan_term_years,5
poultry_maintenance_activity_large_model,rent_monthly,40000
poultry_maintenance_activity_large_model,salaries_monthly,120000
poultry_maintenance_activity_large_model,marketing_monthly,18000
poultry_maintenance_activity_large_model,utilities_monthly,8000
poultry_maintenance_activity_large_model,insurance_monthly,5000
poultry_maintenance_activity_large_model,revenue_growth_rate,5
poultry_maintenance_activity_large_model,cogs_ratio,35
poultry_maintenance_activity_large_model,vat_rate,15
poultry_maintenance_activity_large_model,corporate_tax_rate,20
poultry_maintenance_activity_large_model,annual_depreciation_rate,10
poultry_maintenance_activity_large_model,working_capital_days,30
poultry_maintenance_activity_large_model,discount_rate,10
poultry_maintenance_activity_large_model,loan_ratio,50
poultry_maintenance_activity_large_model,interest_rate,8
poultry_maintenance_activity_large_model,loan_term_years,5
poultry_cleaning_activity_small_model,rent_monthly,5000
poultry_cleaning_activity_small_model,salaries_monthly,15000
poultry_cleaning_activity_small_model,marketing_monthly,2000
poultry_cleaning_activity_small_model,utilities_monthly,1000
poultry_cleaning_activity_small_model,insurance_monthly,800
poultry_cleaning_activity_small_model,revenue_growth_rate,5
poultry_cleaning_activity_small_model,cogs_ratio,35
poultry_cleaning_activity_small_model,vat_rate,15
poultry_cleaning_activity_small_model,corporate_tax_rate,20
poultry_cleaning_activity_small_model,annual_depreciation_rate,10
poultry_cleaning_activity_small_model,working_capital_days,30
poultry_cleaning_activity_small_model,discount_rate,10
poultry_cleaning_activity_small_model,loan_ratio,50
poultry_cleaning_activity_small_model,interest_rate,8
poultry_cleaning_activity_small_model,loan_term_years,5
poultry_cleaning_activity_medium_model,rent_monthly,15000
poultry_cleaning_activity_medium_model,salaries_monthly,45000
poultry_cleaning_activity_medium_model,marketing_monthly,6000
poultry_cleaning_activity_medium_model,utilities_monthly,3000
poultry_cleaning_activity_medium_model,insurance_monthly,2000
poultry_cleaning_activity_medium_model,revenue_growth_rate,5
poultry_cleaning_activity_medium_model,cogs_ratio,35
poultry_cleaning_activity_medium_model,vat_rate,15
poultry_cleaning_activity_medium_model,corporate_tax_rate,20
poultry_cleaning_activity_medium_model,annual_depreciation_rate,10
poultry_cleaning_activity_medium_model,working_capital_days,30
poultry_cleaning_activity_medium_model,discount_rate,10
poultry_cleaning_activity_medium_model,loan_ratio,50
poultry_cleaning_activity_medium_model,interest_rate,8
poultry_cleaning_activity_medium_model,loan_term_years,5
poultry_cleaning_activity_large_model,rent_monthly,40000
poultry_cleaning_activity_large_model,salaries_monthly,120000
poultry_cleaning_activity_large_model,marketing_monthly,18000
poultry_cleaning_activity_large_model,utilities_monthly,8000
poultry_cleaning_activity_large_model,insurance_monthly,5000
poultry_cleaning_activity_large_model,revenue_growth_rate,5
poultry_cleaning_activity_large_model,cogs_ratio,35
poultry_cleaning_activity_large_model,vat_rate,15
poultry_cleaning_activity_large_model,corporate_tax_rate,20
poultry_cleaning_activity_large_model,annual_depreciation_rate,10
poultry_cleaning_activity_large_model,working_capital_days,30
poultry_cleaning_activity_large_model,discount_rate,10
poultry_cleaning_activity_large_model,loan_ratio,50
poultry_cleaning_activity_large_model,interest_rate,8
poultry_cleaning_activity_large_model,loan_term_years,5
poultry_security_activity_small_model,rent_monthly,5000
poultry_security_activity_small_model,salaries_monthly,15000
poultry_security_activity_small_model,marketing_monthly,2000
poultry_security_activity_small_model,utilities_monthly,1000
poultry_security_activity_small_model,insurance_monthly,800
poultry_security_activity_small_model,revenue_growth_rate,5
poultry_security_activity_small_model,cogs_ratio,35
poultry_security_activity_small_model,vat_rate,15
poultry_security_activity_small_model,corporate_tax_rate,20
poultry_security_activity_small_model,annual_depreciation_rate,10
poultry_security_activity_small_model,working_capital_days,30
poultry_security_activity_small_model,discount_rate,10
poultry_security_activity_small_model,loan_ratio,50
poultry_security_activity_small_model,interest_rate,8
poultry_security_activity_small_model,loan_term_years,5
poultry_security_activity_medium_model,rent_monthly,15000
poultry_security_activity_medium_model,salaries_monthly,45000
poultry_security_activity_medium_model,marketing_monthly,6000
poultry_security_activity_medium_model,utilities_monthly,3000
poultry_security_activity_medium_model,insurance_monthly,2000
poultry_security_activity_medium_model,revenue_growth_rate,5
poultry_security_activity_medium_model,cogs_ratio,35
poultry_security_activity_medium_model,vat_rate,15
poultry_security_activity_medium_model,corporate_tax_rate,20
poultry_security_activity_medium_model,annual_depreciation_rate,10
poultry_security_activity_medium_model,working_capital_days,30
poultry_security_activity_medium_model,discount_rate,10
poultry_security_activity_medium_model,loan_ratio,50
poultry_security_activity_medium_model,interest_rate,8
poultry_security_activity_medium_model,loan_term_years,5
poultry_security_activity_large_model,rent_monthly,40000
poultry_security_activity_large_model,salaries_monthly,120000
poultry_security_activity_large_model,marketing_monthly,18000
poultry_security_activity_large_model,utilities_monthly,8000
poultry_security_activity_large_model,insurance_monthly,5000
poultry_security_activity_large_model,revenue_growth_rate,5
poultry_security_activity_large_model,cogs_ratio,35
poultry_security_activity_large_model,vat_rate,15
poultry_security_activity_large_model,corporate_tax_rate,20
poultry_security_activity_large_model,annual_depreciation_rate,10
poultry_security_activity_large_model,working_capital_days,30
poultry_security_activity_large_model,discount_rate,10
poultry_security_activity_large_model,loan_ratio,50
poultry_security_activity_large_model,interest_rate,8
poultry_security_activity_large_model,loan_term_years,5
fisheries_consulting_activity_small_model,rent_monthly,5000
fisheries_consulting_activity_small_model,salaries_monthly,15000
fisheries_consulting_activity_small_model,marketing_monthly,2000
fisheries_consulting_activity_small_model,utilities_monthly,1000
fisheries_consulting_activity_small_model,insurance_monthly,800
fisheries_consulting_activity_small_model,revenue_growth_rate,5
fisheries_consulting_activity_small_model,cogs_ratio,35
fisheries_consulting_activity_small_model,vat_rate,15
fisheries_consulting_activity_small_model,corporate_tax_rate,20
fisheries_consulting_activity_small_model,annual_depreciation_rate,10
fisheries_consulting_activity_small_model,working_capital_days,30
fisheries_consulting_activity_small_model,discount_rate,10
fisheries_consulting_activity_small_model,loan_ratio,50
fisheries_consulting_activity_small_model,interest_rate,8
fisheries_consulting_activity_small_model,loan_term_years,5
fisheries_consulting_activity_medium_model,rent_monthly,15000
fisheries_consulting_activity_medium_model,salaries_monthly,45000
fisheries_consulting_activity_medium_model,marketing_monthly,6000
fisheries_consulting_activity_medium_model,utilities_monthly,3000
fisheries_consulting_activity_medium_model,insurance_monthly,2000
fisheries_consulting_activity_medium_model,revenue_growth_rate,5
fisheries_consulting_activity_medium_model,cogs_ratio,35
fisheries_consulting_activity_medium_model,vat_rate,15
fisheries_consulting_activity_medium_model,corporate_tax_rate,20
fisheries_consulting_activity_medium_model,annual_depreciation_rate,10
fisheries_consulting_activity_medium_model,working_capital_days,30
fisheries_consulting_activity_medium_model,discount_rate,10
fisheries_consulting_activity_medium_model,loan_ratio,50
fisheries_consulting_activity_medium_model,interest_rate,8
fisheries_consulting_activity_medium_model,loan_term_years,5
fisheries_consulting_activity_large_model,rent_monthly,40000
fisheries_consulting_activity_large_model,salaries_monthly,120000
fisheries_consulting_activity_large_model,marketing_monthly,18000
fisheries_consulting_activity_large_model,utilities_monthly,8000
fisheries_consulting_activity_large_model,insurance_monthly,5000
fisheries_consulting_activity_large_model,revenue_growth_rate,5
fisheries_consulting_activity_large_model,cogs_ratio,35
fisheries_consulting_activity_large_model,vat_rate,15
fisheries_consulting_activity_large_model,corporate_tax_rate,20
fisheries_consulting_activity_large_model,annual_depreciation_rate,10
fisheries_consulting_activity_large_model,working_capital_days,30
fisheries_consulting_activity_large_model,discount_rate,10
fisheries_consulting_activity_large_model,loan_ratio,50
fisheries_consulting_activity_large_model,interest_rate,8
fisheries_consulting_activity_large_model,loan_term_years,5
fisheries_maintenance_activity_small_model,rent_monthly,5000
fisheries_maintenance_activity_small_model,salaries_monthly,15000
fisheries_maintenance_activity_small_model,marketing_monthly,2000
fisheries_maintenance_activity_small_model,utilities_monthly,1000
fisheries_maintenance_activity_small_model,insurance_monthly,800
fisheries_maintenance_activity_small_model,revenue_growth_rate,5
fisheries_maintenance_activity_small_model,cogs_ratio,35
fisheries_maintenance_activity_small_model,vat_rate,15
fisheries_maintenance_activity_small_model,corporate_tax_rate,20
fisheries_maintenance_activity_small_model,annual_depreciation_rate,10
fisheries_maintenance_activity_small_model,working_capital_days,30
fisheries_maintenance_activity_small_model,discount_rate,10
fisheries_maintenance_activity_small_model,loan_ratio,50
fisheries_maintenance_activity_small_model,interest_rate,8
fisheries_maintenance_activity_small_model,loan_term_years,5
fisheries_maintenance_activity_medium_model,rent_monthly,15000
fisheries_maintenance_activity_medium_model,salaries_monthly,45000
fisheries_maintenance_activity_medium_model,marketing_monthly,6000
fisheries_maintenance_activity_medium_model,utilities_monthly,3000
fisheries_maintenance_activity_medium_model,insurance_monthly,2000
fisheries_maintenance_activity_medium_model,revenue_growth_rate,5
fisheries_maintenance_activity_medium_model,cogs_ratio,35
fisheries_maintenance_activity_medium_model,vat_rate,15
fisheries_maintenance_activity_medium_model,corporate_tax_rate,20
fisheries_maintenance_activity_medium_model,annual_depreciation_rate,10
fisheries_maintenance_activity_medium_model,working_capital_days,30
fisheries_maintenance_activity_medium_model,discount_rate,10
fisheries_maintenance_activity_medium_model,loan_ratio,50
fisheries_maintenance_activity_medium_model,interest_rate,8
fisheries_maintenance_activity_medium_model,loan_term_years,5
fisheries_maintenance_activity_large_model,rent_monthly,40000
fisheries_maintenance_activity_large_model,salaries_monthly,120000
fisheries_maintenance_activity_large_model,marketing_monthly,18000
fisheries_maintenance_activity_large_model,utilities_monthly,8000
fisheries_maintenance_activity_large_model,insurance_monthly,5000
fisheries_maintenance_activity_large_model,revenue_growth_rate,5
fisheries_maintenance_activity_large_model,cogs_ratio,35
fisheries_maintenance_activity_large_model,vat_rate,15
fisheries_maintenance_activity_large_model,corporate_tax_rate,20
fisheries_maintenance_activity_large_model,annual_depreciation_rate,10
fisheries_maintenance_activity_large_model,working_capital_days,30
fisheries_maintenance_activity_large_model,discount_rate,10
fisheries_maintenance_activity_large_model,loan_ratio,50
fisheries_maintenance_activity_large_model,interest_rate,8
fisheries_maintenance_activity_large_model,loan_term_years,5
fisheries_cleaning_activity_small_model,rent_monthly,5000
fisheries_cleaning_activity_small_model,salaries_monthly,15000
fisheries_cleaning_activity_small_model,marketing_monthly,2000
fisheries_cleaning_activity_small_model,utilities_monthly,1000
fisheries_cleaning_activity_small_model,insurance_monthly,800
fisheries_cleaning_activity_small_model,revenue_growth_rate,5
fisheries_cleaning_activity_small_model,cogs_ratio,35
fisheries_cleaning_activity_small_model,vat_rate,15
fisheries_cleaning_activity_small_model,corporate_tax_rate,20
fisheries_cleaning_activity_small_model,annual_depreciation_rate,10
fisheries_cleaning_activity_small_model,working_capital_days,30
fisheries_cleaning_activity_small_model,discount_rate,10
fisheries_cleaning_activity_small_model,loan_ratio,50
fisheries_cleaning_activity_small_model,interest_rate,8
fisheries_cleaning_activity_small_model,loan_term_years,5
fisheries_cleaning_activity_medium_model,rent_monthly,15000
fisheries_cleaning_activity_medium_model,salaries_monthly,45000
fisheries_cleaning_activity_medium_model,marketing_monthly,6000
fisheries_cleaning_activity_medium_model,utilities_monthly,3000
fisheries_cleaning_activity_medium_model,insurance_monthly,2000
fisheries_cleaning_activity_medium_model,revenue_growth_rate,5
fisheries_cleaning_activity_medium_model,cogs_ratio,35
fisheries_cleaning_activity_medium_model,vat_rate,15
fisheries_cleaning_activity_medium_model,corporate_tax_rate,20
fisheries_cleaning_activity_medium_model,annual_depreciation_rate,10
fisheries_cleaning_activity_medium_model,working_capital_days,30
fisheries_cleaning_activity_medium_model,discount_rate,10
fisheries_cleaning_activity_medium_model,loan_ratio,50
fisheries_cleaning_activity_medium_model,interest_rate,8
fisheries_cleaning_activity_medium_model,loan_term_years,5
fisheries_cleaning_activity_large_model,rent_monthly,40000
fisheries_cleaning_activity_large_model,salaries_monthly,120000
fisheries_cleaning_activity_large_model,marketing_monthly,18000
fisheries_cleaning_activity_large_model,utilities_monthly,8000
fisheries_cleaning_activity_large_model,insurance_monthly,5000
fisheries_cleaning_activity_large_model,revenue_growth_rate,5
fisheries_cleaning_activity_large_model,cogs_ratio,35
fisheries_cleaning_activity_large_model,vat_rate,15
fisheries_cleaning_activity_large_model,corporate_tax_rate,20
fisheries_cleaning_activity_large_model,annual_depreciation_rate,10
fisheries_cleaning_activity_large_model,working_capital_days,30
fisheries_cleaning_activity_large_model,discount_rate,10
fisheries_cleaning_activity_large_model,loan_ratio,50
fisheries_cleaning_activity_large_model,interest_rate,8
fisheries_cleaning_activity_large_model,loan_term_years,5
fisheries_security_activity_small_model,rent_monthly,5000
fisheries_security_activity_small_model,salaries_monthly,15000
fisheries_security_activity_small_model,marketing_monthly,2000
fisheries_security_activity_small_model,utilities_monthly,1000
fisheries_security_activity_small_model,insurance_monthly,800
fisheries_security_activity_small_model,revenue_growth_rate,5
fisheries_security_activity_small_model,cogs_ratio,35
fisheries_security_activity_small_model,vat_rate,15
fisheries_security_activity_small_model,corporate_tax_rate,20
fisheries_security_activity_small_model,annual_depreciation_rate,10
fisheries_security_activity_small_model,working_capital_days,30
fisheries_security_activity_small_model,discount_rate,10
fisheries_security_activity_small_model,loan_ratio,50
fisheries_security_activity_small_model,interest_rate,8
fisheries_security_activity_small_model,loan_term_years,5
fisheries_security_activity_medium_model,rent_monthly,15000
fisheries_security_activity_medium_model,salaries_monthly,45000
fisheries_security_activity_medium_model,marketing_monthly,6000
fisheries_security_activity_medium_model,utilities_monthly,3000
fisheries_security_activity_medium_model,insurance_monthly,2000
fisheries_security_activity_medium_model,revenue_growth_rate,5
fisheries_security_activity_medium_model,cogs_ratio,35
fisheries_security_activity_medium_model,vat_rate,15
fisheries_security_activity_medium_model,corporate_tax_rate,20
fisheries_security_activity_medium_model,annual_depreciation_rate,10
fisheries_security_activity_medium_model,working_capital_days,30
fisheries_security_activity_medium_model,discount_rate,10
fisheries_security_activity_medium_model,loan_ratio,50
fisheries_security_activity_medium_model,interest_rate,8
fisheries_security_activity_medium_model,loan_term_years,5
fisheries_security_activity_large_model,rent_monthly,40000
fisheries_security_activity_large_model,salaries_monthly,120000
fisheries_security_activity_large_model,marketing_monthly,18000
fisheries_security_activity_large_model,utilities_monthly,8000
fisheries_security_activity_large_model,insurance_monthly,5000
fisheries_security_activity_large_model,revenue_growth_rate,5
fisheries_security_activity_large_model,cogs_ratio,35
fisheries_security_activity_large_model,vat_rate,15
fisheries_security_activity_large_model,corporate_tax_rate,20
fisheries_security_activity_large_model,annual_depreciation_rate,10
fisheries_security_activity_large_model,working_capital_days,30
fisheries_security_activity_large_model,discount_rate,10
fisheries_security_activity_large_model,loan_ratio,50
fisheries_security_activity_large_model,interest_rate,8
fisheries_security_activity_large_model,loan_term_years,5
real_estate_residential_activity_small_model,rent_monthly,5000
real_estate_residential_activity_small_model,salaries_monthly,15000
real_estate_residential_activity_small_model,marketing_monthly,2000
real_estate_residential_activity_small_model,utilities_monthly,1000
real_estate_residential_activity_small_model,insurance_monthly,800
real_estate_residential_activity_small_model,revenue_growth_rate,5
real_estate_residential_activity_small_model,cogs_ratio,35
real_estate_residential_activity_small_model,vat_rate,15
real_estate_residential_activity_small_model,corporate_tax_rate,20
real_estate_residential_activity_small_model,annual_depreciation_rate,10
real_estate_residential_activity_small_model,working_capital_days,30
real_estate_residential_activity_small_model,discount_rate,10
real_estate_residential_activity_small_model,loan_ratio,50
real_estate_residential_activity_small_model,interest_rate,8
real_estate_residential_activity_small_model,loan_term_years,5
real_estate_residential_activity_medium_model,rent_monthly,15000
real_estate_residential_activity_medium_model,salaries_monthly,45000
real_estate_residential_activity_medium_model,marketing_monthly,6000
real_estate_residential_activity_medium_model,utilities_monthly,3000
real_estate_residential_activity_medium_model,insurance_monthly,2000
real_estate_residential_activity_medium_model,revenue_growth_rate,5
real_estate_residential_activity_medium_model,cogs_ratio,35
real_estate_residential_activity_medium_model,vat_rate,15
real_estate_residential_activity_medium_model,corporate_tax_rate,20
real_estate_residential_activity_medium_model,annual_depreciation_rate,10
real_estate_residential_activity_medium_model,working_capital_days,30
real_estate_residential_activity_medium_model,discount_rate,10
real_estate_residential_activity_medium_model,loan_ratio,50
real_estate_residential_activity_medium_model,interest_rate,8
real_estate_residential_activity_medium_model,loan_term_years,5
real_estate_residential_activity_large_model,rent_monthly,40000
real_estate_residential_activity_large_model,salaries_monthly,120000
real_estate_residential_activity_large_model,marketing_monthly,18000
real_estate_residential_activity_large_model,utilities_monthly,8000
real_estate_residential_activity_large_model,insurance_monthly,5000
real_estate_residential_activity_large_model,revenue_growth_rate,5
real_estate_residential_activity_large_model,cogs_ratio,35
real_estate_residential_activity_large_model,vat_rate,15
real_estate_residential_activity_large_model,corporate_tax_rate,20
real_estate_residential_activity_large_model,annual_depreciation_rate,10
real_estate_residential_activity_large_model,working_capital_days,30
real_estate_residential_activity_large_model,discount_rate,10
real_estate_residential_activity_large_model,loan_ratio,50
real_estate_residential_activity_large_model,interest_rate,8
real_estate_residential_activity_large_model,loan_term_years,5
real_estate_commercial_activity_small_model,rent_monthly,5000
real_estate_commercial_activity_small_model,salaries_monthly,15000
real_estate_commercial_activity_small_model,marketing_monthly,2000
real_estate_commercial_activity_small_model,utilities_monthly,1000
real_estate_commercial_activity_small_model,insurance_monthly,800
real_estate_commercial_activity_small_model,revenue_growth_rate,5
real_estate_commercial_activity_small_model,cogs_ratio,35
real_estate_commercial_activity_small_model,vat_rate,15
real_estate_commercial_activity_small_model,corporate_tax_rate,20
real_estate_commercial_activity_small_model,annual_depreciation_rate,10
real_estate_commercial_activity_small_model,working_capital_days,30
real_estate_commercial_activity_small_model,discount_rate,10
real_estate_commercial_activity_small_model,loan_ratio,50
real_estate_commercial_activity_small_model,interest_rate,8
real_estate_commercial_activity_small_model,loan_term_years,5
real_estate_commercial_activity_medium_model,rent_monthly,15000
real_estate_commercial_activity_medium_model,salaries_monthly,45000
real_estate_commercial_activity_medium_model,marketing_monthly,6000
real_estate_commercial_activity_medium_model,utilities_monthly,3000
real_estate_commercial_activity_medium_model,insurance_monthly,2000
real_estate_commercial_activity_medium_model,revenue_growth_rate,5
real_estate_commercial_activity_medium_model,cogs_ratio,35
real_estate_commercial_activity_medium_model,vat_rate,15
real_estate_commercial_activity_medium_model,corporate_tax_rate,20
real_estate_commercial_activity_medium_model,annual_depreciation_rate,10
real_estate_commercial_activity_medium_model,working_capital_days,30
real_estate_commercial_activity_medium_model,discount_rate,10
real_estate_commercial_activity_medium_model,loan_ratio,50
real_estate_commercial_activity_medium_model,interest_rate,8
real_estate_commercial_activity_medium_model,loan_term_years,5
real_estate_commercial_activity_large_model,rent_monthly,40000
real_estate_commercial_activity_large_model,salaries_monthly,120000
real_estate_commercial_activity_large_model,marketing_monthly,18000
real_estate_commercial_activity_large_model,utilities_monthly,8000
real_estate_commercial_activity_large_model,insurance_monthly,5000
real_estate_commercial_activity_large_model,revenue_growth_rate,5
real_estate_commercial_activity_large_model,cogs_ratio,35
real_estate_commercial_activity_large_model,vat_rate,15
real_estate_commercial_activity_large_model,corporate_tax_rate,20
real_estate_commercial_activity_large_model,annual_depreciation_rate,10
real_estate_commercial_activity_large_model,working_capital_days,30
real_estate_commercial_activity_large_model,discount_rate,10
real_estate_commercial_activity_large_model,loan_ratio,50
real_estate_commercial_activity_large_model,interest_rate,8
real_estate_commercial_activity_large_model,loan_term_years,5
real_estate_industrial_activity_small_model,rent_monthly,5000
real_estate_industrial_activity_small_model,salaries_monthly,15000
real_estate_industrial_activity_small_model,marketing_monthly,2000
real_estate_industrial_activity_small_model,utilities_monthly,1000
real_estate_industrial_activity_small_model,insurance_monthly,800
real_estate_industrial_activity_small_model,revenue_growth_rate,5
real_estate_industrial_activity_small_model,cogs_ratio,35
real_estate_industrial_activity_small_model,vat_rate,15
real_estate_industrial_activity_small_model,corporate_tax_rate,20
real_estate_industrial_activity_small_model,annual_depreciation_rate,10
real_estate_industrial_activity_small_model,working_capital_days,30
real_estate_industrial_activity_small_model,discount_rate,10
real_estate_industrial_activity_small_model,loan_ratio,50
real_estate_industrial_activity_small_model,interest_rate,8
real_estate_industrial_activity_small_model,loan_term_years,5
real_estate_industrial_activity_medium_model,rent_monthly,15000
real_estate_industrial_activity_medium_model,salaries_monthly,45000
real_estate_industrial_activity_medium_model,marketing_monthly,6000
real_estate_industrial_activity_medium_model,utilities_monthly,3000
real_estate_industrial_activity_medium_model,insurance_monthly,2000
real_estate_industrial_activity_medium_model,revenue_growth_rate,5
real_estate_industrial_activity_medium_model,cogs_ratio,35
real_estate_industrial_activity_medium_model,vat_rate,15
real_estate_industrial_activity_medium_model,corporate_tax_rate,20
real_estate_industrial_activity_medium_model,annual_depreciation_rate,10
real_estate_industrial_activity_medium_model,working_capital_days,30
real_estate_industrial_activity_medium_model,discount_rate,10
real_estate_industrial_activity_medium_model,loan_ratio,50
real_estate_industrial_activity_medium_model,interest_rate,8
real_estate_industrial_activity_medium_model,loan_term_years,5
real_estate_industrial_activity_large_model,rent_monthly,40000
real_estate_industrial_activity_large_model,salaries_monthly,120000
real_estate_industrial_activity_large_model,marketing_monthly,18000
real_estate_industrial_activity_large_model,utilities_monthly,8000
real_estate_industrial_activity_large_model,insurance_monthly,5000
real_estate_industrial_activity_large_model,revenue_growth_rate,5
real_estate_industrial_activity_large_model,cogs_ratio,35
real_estate_industrial_activity_large_model,vat_rate,15
real_estate_industrial_activity_large_model,corporate_tax_rate,20
real_estate_industrial_activity_large_model,annual_depreciation_rate,10
real_estate_industrial_activity_large_model,working_capital_days,30
real_estate_industrial_activity_large_model,discount_rate,10
real_estate_industrial_activity_large_model,loan_ratio,50
real_estate_industrial_activity_large_model,interest_rate,8
real_estate_industrial_activity_large_model,loan_term_years,5
real_estate_brokerage_activity_small_model,rent_monthly,5000
real_estate_brokerage_activity_small_model,salaries_monthly,15000
real_estate_brokerage_activity_small_model,marketing_monthly,2000
real_estate_brokerage_activity_small_model,utilities_monthly,1000
real_estate_brokerage_activity_small_model,insurance_monthly,800
real_estate_brokerage_activity_small_model,revenue_growth_rate,5
real_estate_brokerage_activity_small_model,cogs_ratio,35
real_estate_brokerage_activity_small_model,vat_rate,15
real_estate_brokerage_activity_small_model,corporate_tax_rate,20
real_estate_brokerage_activity_small_model,annual_depreciation_rate,10
real_estate_brokerage_activity_small_model,working_capital_days,30
real_estate_brokerage_activity_small_model,discount_rate,10
real_estate_brokerage_activity_small_model,loan_ratio,50
real_estate_brokerage_activity_small_model,interest_rate,8
real_estate_brokerage_activity_small_model,loan_term_years,5
real_estate_brokerage_activity_medium_model,rent_monthly,15000
real_estate_brokerage_activity_medium_model,salaries_monthly,45000
real_estate_brokerage_activity_medium_model,marketing_monthly,6000
real_estate_brokerage_activity_medium_model,utilities_monthly,3000
real_estate_brokerage_activity_medium_model,insurance_monthly,2000
real_estate_brokerage_activity_medium_model,revenue_growth_rate,5
real_estate_brokerage_activity_medium_model,cogs_ratio,35
real_estate_brokerage_activity_medium_model,vat_rate,15
real_estate_brokerage_activity_medium_model,corporate_tax_rate,20
real_estate_brokerage_activity_medium_model,annual_depreciation_rate,10
real_estate_brokerage_activity_medium_model,working_capital_days,30
real_estate_brokerage_activity_medium_model,discount_rate,10
real_estate_brokerage_activity_medium_model,loan_ratio,50
real_estate_brokerage_activity_medium_model,interest_rate,8
real_estate_brokerage_activity_medium_model,loan_term_years,5
real_estate_brokerage_activity_large_model,rent_monthly,40000
real_estate_brokerage_activity_large_model,salaries_monthly,120000
real_estate_brokerage_activity_large_model,marketing_monthly,18000
real_estate_brokerage_activity_large_model,utilities_monthly,8000
real_estate_brokerage_activity_large_model,insurance_monthly,5000
real_estate_brokerage_activity_large_model,revenue_growth_rate,5
real_estate_brokerage_activity_large_model,cogs_ratio,35
real_estate_brokerage_activity_large_model,vat_rate,15
real_estate_brokerage_activity_large_model,corporate_tax_rate,20
real_estate_brokerage_activity_large_model,annual_depreciation_rate,10
real_estate_brokerage_activity_large_model,working_capital_days,30
real_estate_brokerage_activity_large_model,discount_rate,10
real_estate_brokerage_activity_large_model,loan_ratio,50
real_estate_brokerage_activity_large_model,interest_rate,8
real_estate_brokerage_activity_large_model,loan_term_years,5
contracting_consulting_activity_small_model,rent_monthly,5000
contracting_consulting_activity_small_model,salaries_monthly,15000
contracting_consulting_activity_small_model,marketing_monthly,2000
contracting_consulting_activity_small_model,utilities_monthly,1000
contracting_consulting_activity_small_model,insurance_monthly,800
contracting_consulting_activity_small_model,revenue_growth_rate,5
contracting_consulting_activity_small_model,cogs_ratio,35
contracting_consulting_activity_small_model,vat_rate,15
contracting_consulting_activity_small_model,corporate_tax_rate,20
contracting_consulting_activity_small_model,annual_depreciation_rate,10
contracting_consulting_activity_small_model,working_capital_days,30
contracting_consulting_activity_small_model,discount_rate,10
contracting_consulting_activity_small_model,loan_ratio,50
contracting_consulting_activity_small_model,interest_rate,8
contracting_consulting_activity_small_model,loan_term_years,5
contracting_consulting_activity_medium_model,rent_monthly,15000
contracting_consulting_activity_medium_model,salaries_monthly,45000
contracting_consulting_activity_medium_model,marketing_monthly,6000
contracting_consulting_activity_medium_model,utilities_monthly,3000
contracting_consulting_activity_medium_model,insurance_monthly,2000
contracting_consulting_activity_medium_model,revenue_growth_rate,5
contracting_consulting_activity_medium_model,cogs_ratio,35
contracting_consulting_activity_medium_model,vat_rate,15
contracting_consulting_activity_medium_model,corporate_tax_rate,20
contracting_consulting_activity_medium_model,annual_depreciation_rate,10
contracting_consulting_activity_medium_model,working_capital_days,30
contracting_consulting_activity_medium_model,discount_rate,10
contracting_consulting_activity_medium_model,loan_ratio,50
contracting_consulting_activity_medium_model,interest_rate,8
contracting_consulting_activity_medium_model,loan_term_years,5
contracting_consulting_activity_large_model,rent_monthly,40000
contracting_consulting_activity_large_model,salaries_monthly,120000
contracting_consulting_activity_large_model,marketing_monthly,18000
contracting_consulting_activity_large_model,utilities_monthly,8000
contracting_consulting_activity_large_model,insurance_monthly,5000
contracting_consulting_activity_large_model,revenue_growth_rate,5
contracting_consulting_activity_large_model,cogs_ratio,35
contracting_consulting_activity_large_model,vat_rate,15
contracting_consulting_activity_large_model,corporate_tax_rate,20
contracting_consulting_activity_large_model,annual_depreciation_rate,10
contracting_consulting_activity_large_model,working_capital_days,30
contracting_consulting_activity_large_model,discount_rate,10
contracting_consulting_activity_large_model,loan_ratio,50
contracting_consulting_activity_large_model,interest_rate,8
contracting_consulting_activity_large_model,loan_term_years,5
contracting_maintenance_activity_small_model,rent_monthly,5000
contracting_maintenance_activity_small_model,salaries_monthly,15000
contracting_maintenance_activity_small_model,marketing_monthly,2000
contracting_maintenance_activity_small_model,utilities_monthly,1000
contracting_maintenance_activity_small_model,insurance_monthly,800
contracting_maintenance_activity_small_model,revenue_growth_rate,5
contracting_maintenance_activity_small_model,cogs_ratio,35
contracting_maintenance_activity_small_model,vat_rate,15
contracting_maintenance_activity_small_model,corporate_tax_rate,20
contracting_maintenance_activity_small_model,annual_depreciation_rate,10
contracting_maintenance_activity_small_model,working_capital_days,30
contracting_maintenance_activity_small_model,discount_rate,10
contracting_maintenance_activity_small_model,loan_ratio,50
contracting_maintenance_activity_small_model,interest_rate,8
contracting_maintenance_activity_small_model,loan_term_years,5
contracting_maintenance_activity_medium_model,rent_monthly,15000
contracting_maintenance_activity_medium_model,salaries_monthly,45000
contracting_maintenance_activity_medium_model,marketing_monthly,6000
contracting_maintenance_activity_medium_model,utilities_monthly,3000
contracting_maintenance_activity_medium_model,insurance_monthly,2000
contracting_maintenance_activity_medium_model,revenue_growth_rate,5
contracting_maintenance_activity_medium_model,cogs_ratio,35
contracting_maintenance_activity_medium_model,vat_rate,15
contracting_maintenance_activity_medium_model,corporate_tax_rate,20
contracting_maintenance_activity_medium_model,annual_depreciation_rate,10
contracting_maintenance_activity_medium_model,working_capital_days,30
contracting_maintenance_activity_medium_model,discount_rate,10
contracting_maintenance_activity_medium_model,loan_ratio,50
contracting_maintenance_activity_medium_model,interest_rate,8
contracting_maintenance_activity_medium_model,loan_term_years,5
contracting_maintenance_activity_large_model,rent_monthly,40000
contracting_maintenance_activity_large_model,salaries_monthly,120000
contracting_maintenance_activity_large_model,marketing_monthly,18000
contracting_maintenance_activity_large_model,utilities_monthly,8000
contracting_maintenance_activity_large_model,insurance_monthly,5000
contracting_maintenance_activity_large_model,revenue_growth_rate,5
contracting_maintenance_activity_large_model,cogs_ratio,35
contracting_maintenance_activity_large_model,vat_rate,15
contracting_maintenance_activity_large_model,corporate_tax_rate,20
contracting_maintenance_activity_large_model,annual_depreciation_rate,10
contracting_maintenance_activity_large_model,working_capital_days,30
contracting_maintenance_activity_large_model,discount_rate,10
contracting_maintenance_activity_large_model,loan_ratio,50
contracting_maintenance_activity_large_model,interest_rate,8
contracting_maintenance_activity_large_model,loan_term_years,5
contracting_cleaning_activity_small_model,rent_monthly,5000
contracting_cleaning_activity_small_model,salaries_monthly,15000
contracting_cleaning_activity_small_model,marketing_monthly,2000
contracting_cleaning_activity_small_model,utilities_monthly,1000
contracting_cleaning_activity_small_model,insurance_monthly,800
contracting_cleaning_activity_small_model,revenue_growth_rate,5
contracting_cleaning_activity_small_model,cogs_ratio,35
contracting_cleaning_activity_small_model,vat_rate,15
contracting_cleaning_activity_small_model,corporate_tax_rate,20
contracting_cleaning_activity_small_model,annual_depreciation_rate,10
contracting_cleaning_activity_small_model,working_capital_days,30
contracting_cleaning_activity_small_model,discount_rate,10
contracting_cleaning_activity_small_model,loan_ratio,50
contracting_cleaning_activity_small_model,interest_rate,8
contracting_cleaning_activity_small_model,loan_term_years,5
contracting_cleaning_activity_medium_model,rent_monthly,15000
contracting_cleaning_activity_medium_model,salaries_monthly,45000
contracting_cleaning_activity_medium_model,marketing_monthly,6000
contracting_cleaning_activity_medium_model,utilities_monthly,3000
contracting_cleaning_activity_medium_model,insurance_monthly,2000
contracting_cleaning_activity_medium_model,revenue_growth_rate,5
contracting_cleaning_activity_medium_model,cogs_ratio,35
contracting_cleaning_activity_medium_model,vat_rate,15
contracting_cleaning_activity_medium_model,corporate_tax_rate,20
contracting_cleaning_activity_medium_model,annual_depreciation_rate,10
contracting_cleaning_activity_medium_model,working_capital_days,30
contracting_cleaning_activity_medium_model,discount_rate,10
contracting_cleaning_activity_medium_model,loan_ratio,50
contracting_cleaning_activity_medium_model,interest_rate,8
contracting_cleaning_activity_medium_model,loan_term_years,5
contracting_cleaning_activity_large_model,rent_monthly,40000
contracting_cleaning_activity_large_model,salaries_monthly,120000
contracting_cleaning_activity_large_model,marketing_monthly,18000
contracting_cleaning_activity_large_model,utilities_monthly,8000
contracting_cleaning_activity_large_model,insurance_monthly,5000
contracting_cleaning_activity_large_model,revenue_growth_rate,5
contracting_cleaning_activity_large_model,cogs_ratio,35
contracting_cleaning_activity_large_model,vat_rate,15
contracting_cleaning_activity_large_model,corporate_tax_rate,20
contracting_cleaning_activity_large_model,annual_depreciation_rate,10
contracting_cleaning_activity_large_model,working_capital_days,30
contracting_cleaning_activity_large_model,discount_rate,10
contracting_cleaning_activity_large_model,loan_ratio,50
contracting_cleaning_activity_large_model,interest_rate,8
contracting_cleaning_activity_large_model,loan_term_years,5
contracting_security_activity_small_model,rent_monthly,5000
contracting_security_activity_small_model,salaries_monthly,15000
contracting_security_activity_small_model,marketing_monthly,2000
contracting_security_activity_small_model,utilities_monthly,1000
contracting_security_activity_small_model,insurance_monthly,800
contracting_security_activity_small_model,revenue_growth_rate,5
contracting_security_activity_small_model,cogs_ratio,35
contracting_security_activity_small_model,vat_rate,15
contracting_security_activity_small_model,corporate_tax_rate,20
contracting_security_activity_small_model,annual_depreciation_rate,10
contracting_security_activity_small_model,working_capital_days,30
contracting_security_activity_small_model,discount_rate,10
contracting_security_activity_small_model,loan_ratio,50
contracting_security_activity_small_model,interest_rate,8
contracting_security_activity_small_model,loan_term_years,5
contracting_security_activity_medium_model,rent_monthly,15000
contracting_security_activity_medium_model,salaries_monthly,45000
contracting_security_activity_medium_model,marketing_monthly,6000
contracting_security_activity_medium_model,utilities_monthly,3000
contracting_security_activity_medium_model,insurance_monthly,2000
contracting_security_activity_medium_model,revenue_growth_rate,5
contracting_security_activity_medium_model,cogs_ratio,35
contracting_security_activity_medium_model,vat_rate,15
contracting_security_activity_medium_model,corporate_tax_rate,20
contracting_security_activity_medium_model,annual_depreciation_rate,10
contracting_security_activity_medium_model,working_capital_days,30
contracting_security_activity_medium_model,discount_rate,10
contracting_security_activity_medium_model,loan_ratio,50
contracting_security_activity_medium_model,interest_rate,8
contracting_security_activity_medium_model,loan_term_years,5
contracting_security_activity_large_model,rent_monthly,40000
contracting_security_activity_large_model,salaries_monthly,120000
contracting_security_activity_large_model,marketing_monthly,18000
contracting_security_activity_large_model,utilities_monthly,8000
contracting_security_activity_large_model,insurance_monthly,5000
contracting_security_activity_large_model,revenue_growth_rate,5
contracting_security_activity_large_model,cogs_ratio,35
contracting_security_activity_large_model,vat_rate,15
contracting_security_activity_large_model,corporate_tax_rate,20
contracting_security_activity_large_model,annual_depreciation_rate,10
contracting_security_activity_large_model,working_capital_days,30
contracting_security_activity_large_model,discount_rate,10
contracting_security_activity_large_model,loan_ratio,50
contracting_security_activity_large_model,interest_rate,8
contracting_security_activity_large_model,loan_term_years,5
industrial_cities_factories_activity_small_model,rent_monthly,5000
industrial_cities_factories_activity_small_model,salaries_monthly,15000
industrial_cities_factories_activity_small_model,marketing_monthly,2000
industrial_cities_factories_activity_small_model,utilities_monthly,1000
industrial_cities_factories_activity_small_model,insurance_monthly,800
industrial_cities_factories_activity_small_model,revenue_growth_rate,5
industrial_cities_factories_activity_small_model,cogs_ratio,35
industrial_cities_factories_activity_small_model,vat_rate,15
industrial_cities_factories_activity_small_model,corporate_tax_rate,20
industrial_cities_factories_activity_small_model,annual_depreciation_rate,10
industrial_cities_factories_activity_small_model,working_capital_days,30
industrial_cities_factories_activity_small_model,discount_rate,10
industrial_cities_factories_activity_small_model,loan_ratio,50
industrial_cities_factories_activity_small_model,interest_rate,8
industrial_cities_factories_activity_small_model,loan_term_years,5
industrial_cities_factories_activity_medium_model,rent_monthly,15000
industrial_cities_factories_activity_medium_model,salaries_monthly,45000
industrial_cities_factories_activity_medium_model,marketing_monthly,6000
industrial_cities_factories_activity_medium_model,utilities_monthly,3000
industrial_cities_factories_activity_medium_model,insurance_monthly,2000
industrial_cities_factories_activity_medium_model,revenue_growth_rate,5
industrial_cities_factories_activity_medium_model,cogs_ratio,35
industrial_cities_factories_activity_medium_model,vat_rate,15
industrial_cities_factories_activity_medium_model,corporate_tax_rate,20
industrial_cities_factories_activity_medium_model,annual_depreciation_rate,10
industrial_cities_factories_activity_medium_model,working_capital_days,30
industrial_cities_factories_activity_medium_model,discount_rate,10
industrial_cities_factories_activity_medium_model,loan_ratio,50
industrial_cities_factories_activity_medium_model,interest_rate,8
industrial_cities_factories_activity_medium_model,loan_term_years,5
industrial_cities_factories_activity_large_model,rent_monthly,40000
industrial_cities_factories_activity_large_model,salaries_monthly,120000
industrial_cities_factories_activity_large_model,marketing_monthly,18000
industrial_cities_factories_activity_large_model,utilities_monthly,8000
industrial_cities_factories_activity_large_model,insurance_monthly,5000
industrial_cities_factories_activity_large_model,revenue_growth_rate,5
industrial_cities_factories_activity_large_model,cogs_ratio,35
industrial_cities_factories_activity_large_model,vat_rate,15
industrial_cities_factories_activity_large_model,corporate_tax_rate,20
industrial_cities_factories_activity_large_model,annual_depreciation_rate,10
industrial_cities_factories_activity_large_model,working_capital_days,30
industrial_cities_factories_activity_large_model,discount_rate,10
industrial_cities_factories_activity_large_model,loan_ratio,50
industrial_cities_factories_activity_large_model,interest_rate,8
industrial_cities_factories_activity_large_model,loan_term_years,5
industrial_cities_workshops_activity_small_model,rent_monthly,5000
industrial_cities_workshops_activity_small_model,salaries_monthly,15000
industrial_cities_workshops_activity_small_model,marketing_monthly,2000
industrial_cities_workshops_activity_small_model,utilities_monthly,1000
industrial_cities_workshops_activity_small_model,insurance_monthly,800
industrial_cities_workshops_activity_small_model,revenue_growth_rate,5
industrial_cities_workshops_activity_small_model,cogs_ratio,35
industrial_cities_workshops_activity_small_model,vat_rate,15
industrial_cities_workshops_activity_small_model,corporate_tax_rate,20
industrial_cities_workshops_activity_small_model,annual_depreciation_rate,10
industrial_cities_workshops_activity_small_model,working_capital_days,30
industrial_cities_workshops_activity_small_model,discount_rate,10
industrial_cities_workshops_activity_small_model,loan_ratio,50
industrial_cities_workshops_activity_small_model,interest_rate,8
industrial_cities_workshops_activity_small_model,loan_term_years,5
industrial_cities_workshops_activity_medium_model,rent_monthly,15000
industrial_cities_workshops_activity_medium_model,salaries_monthly,45000
industrial_cities_workshops_activity_medium_model,marketing_monthly,6000
industrial_cities_workshops_activity_medium_model,utilities_monthly,3000
industrial_cities_workshops_activity_medium_model,insurance_monthly,2000
industrial_cities_workshops_activity_medium_model,revenue_growth_rate,5
industrial_cities_workshops_activity_medium_model,cogs_ratio,35
industrial_cities_workshops_activity_medium_model,vat_rate,15
industrial_cities_workshops_activity_medium_model,corporate_tax_rate,20
industrial_cities_workshops_activity_medium_model,annual_depreciation_rate,10
industrial_cities_workshops_activity_medium_model,working_capital_days,30
industrial_cities_workshops_activity_medium_model,discount_rate,10
industrial_cities_workshops_activity_medium_model,loan_ratio,50
industrial_cities_workshops_activity_medium_model,interest_rate,8
industrial_cities_workshops_activity_medium_model,loan_term_years,5
industrial_cities_workshops_activity_large_model,rent_monthly,40000
industrial_cities_workshops_activity_large_model,salaries_monthly,120000
industrial_cities_workshops_activity_large_model,marketing_monthly,18000
industrial_cities_workshops_activity_large_model,utilities_monthly,8000
industrial_cities_workshops_activity_large_model,insurance_monthly,5000
industrial_cities_workshops_activity_large_model,revenue_growth_rate,5
industrial_cities_workshops_activity_large_model,cogs_ratio,35
industrial_cities_workshops_activity_large_model,vat_rate,15
industrial_cities_workshops_activity_large_model,corporate_tax_rate,20
industrial_cities_workshops_activity_large_model,annual_depreciation_rate,10
industrial_cities_workshops_activity_large_model,working_capital_days,30
industrial_cities_workshops_activity_large_model,discount_rate,10
industrial_cities_workshops_activity_large_model,loan_ratio,50
industrial_cities_workshops_activity_large_model,interest_rate,8
industrial_cities_workshops_activity_large_model,loan_term_years,5
industrial_cities_assembly_activity_small_model,rent_monthly,5000
industrial_cities_assembly_activity_small_model,salaries_monthly,15000
industrial_cities_assembly_activity_small_model,marketing_monthly,2000
industrial_cities_assembly_activity_small_model,utilities_monthly,1000
industrial_cities_assembly_activity_small_model,insurance_monthly,800
industrial_cities_assembly_activity_small_model,revenue_growth_rate,5
industrial_cities_assembly_activity_small_model,cogs_ratio,35
industrial_cities_assembly_activity_small_model,vat_rate,15
industrial_cities_assembly_activity_small_model,corporate_tax_rate,20
industrial_cities_assembly_activity_small_model,annual_depreciation_rate,10
industrial_cities_assembly_activity_small_model,working_capital_days,30
industrial_cities_assembly_activity_small_model,discount_rate,10
industrial_cities_assembly_activity_small_model,loan_ratio,50
industrial_cities_assembly_activity_small_model,interest_rate,8
industrial_cities_assembly_activity_small_model,loan_term_years,5
industrial_cities_assembly_activity_medium_model,rent_monthly,15000
industrial_cities_assembly_activity_medium_model,salaries_monthly,45000
industrial_cities_assembly_activity_medium_model,marketing_monthly,6000
industrial_cities_assembly_activity_medium_model,utilities_monthly,3000
industrial_cities_assembly_activity_medium_model,insurance_monthly,2000
industrial_cities_assembly_activity_medium_model,revenue_growth_rate,5
industrial_cities_assembly_activity_medium_model,cogs_ratio,35
industrial_cities_assembly_activity_medium_model,vat_rate,15
industrial_cities_assembly_activity_medium_model,corporate_tax_rate,20
industrial_cities_assembly_activity_medium_model,annual_depreciation_rate,10
industrial_cities_assembly_activity_medium_model,working_capital_days,30
industrial_cities_assembly_activity_medium_model,discount_rate,10
industrial_cities_assembly_activity_medium_model,loan_ratio,50
industrial_cities_assembly_activity_medium_model,interest_rate,8
industrial_cities_assembly_activity_medium_model,loan_term_years,5
industrial_cities_assembly_activity_large_model,rent_monthly,40000
industrial_cities_assembly_activity_large_model,salaries_monthly,120000
industrial_cities_assembly_activity_large_model,marketing_monthly,18000
industrial_cities_assembly_activity_large_model,utilities_monthly,8000
industrial_cities_assembly_activity_large_model,insurance_monthly,5000
industrial_cities_assembly_activity_large_model,revenue_growth_rate,5
industrial_cities_assembly_activity_large_model,cogs_ratio,35
industrial_cities_assembly_activity_large_model,vat_rate,15
industrial_cities_assembly_activity_large_model,corporate_tax_rate,20
industrial_cities_assembly_activity_large_model,annual_depreciation_rate,10
industrial_cities_assembly_activity_large_model,working_capital_days,30
industrial_cities_assembly_activity_large_model,discount_rate,10
industrial_cities_assembly_activity_large_model,loan_ratio,50
industrial_cities_assembly_activity_large_model,interest_rate,8
industrial_cities_assembly_activity_large_model,loan_term_years,5
industrial_cities_packaging_activity_small_model,rent_monthly,5000
industrial_cities_packaging_activity_small_model,salaries_monthly,15000
industrial_cities_packaging_activity_small_model,marketing_monthly,2000
industrial_cities_packaging_activity_small_model,utilities_monthly,1000
industrial_cities_packaging_activity_small_model,insurance_monthly,800
industrial_cities_packaging_activity_small_model,revenue_growth_rate,5
industrial_cities_packaging_activity_small_model,cogs_ratio,35
industrial_cities_packaging_activity_small_model,vat_rate,15
industrial_cities_packaging_activity_small_model,corporate_tax_rate,20
industrial_cities_packaging_activity_small_model,annual_depreciation_rate,10
industrial_cities_packaging_activity_small_model,working_capital_days,30
industrial_cities_packaging_activity_small_model,discount_rate,10
industrial_cities_packaging_activity_small_model,loan_ratio,50
industrial_cities_packaging_activity_small_model,interest_rate,8
industrial_cities_packaging_activity_small_model,loan_term_years,5
industrial_cities_packaging_activity_medium_model,rent_monthly,15000
industrial_cities_packaging_activity_medium_model,salaries_monthly,45000
industrial_cities_packaging_activity_medium_model,marketing_monthly,6000
industrial_cities_packaging_activity_medium_model,utilities_monthly,3000
industrial_cities_packaging_activity_medium_model,insurance_monthly,2000
industrial_cities_packaging_activity_medium_model,revenue_growth_rate,5
industrial_cities_packaging_activity_medium_model,cogs_ratio,35
industrial_cities_packaging_activity_medium_model,vat_rate,15
industrial_cities_packaging_activity_medium_model,corporate_tax_rate,20
industrial_cities_packaging_activity_medium_model,annual_depreciation_rate,10
industrial_cities_packaging_activity_medium_model,working_capital_days,30
industrial_cities_packaging_activity_medium_model,discount_rate,10
industrial_cities_packaging_activity_medium_model,loan_ratio,50
industrial_cities_packaging_activity_medium_model,interest_rate,8
industrial_cities_packaging_activity_medium_model,loan_term_years,5
industrial_cities_packaging_activity_large_model,rent_monthly,40000
industrial_cities_packaging_activity_large_model,salaries_monthly,120000
industrial_cities_packaging_activity_large_model,marketing_monthly,18000
industrial_cities_packaging_activity_large_model,utilities_monthly,8000
industrial_cities_packaging_activity_large_model,insurance_monthly,5000
industrial_cities_packaging_activity_large_model,revenue_growth_rate,5
industrial_cities_packaging_activity_large_model,cogs_ratio,35
industrial_cities_packaging_activity_large_model,vat_rate,15
industrial_cities_packaging_activity_large_model,corporate_tax_rate,20
industrial_cities_packaging_activity_large_model,annual_depreciation_rate,10
industrial_cities_packaging_activity_large_model,working_capital_days,30
industrial_cities_packaging_activity_large_model,discount_rate,10
industrial_cities_packaging_activity_large_model,loan_ratio,50
industrial_cities_packaging_activity_large_model,interest_rate,8
industrial_cities_packaging_activity_large_model,loan_term_years,5
logistics_transport_activity_small_model,rent_monthly,5000
logistics_transport_activity_small_model,salaries_monthly,15000
logistics_transport_activity_small_model,marketing_monthly,2000
logistics_transport_activity_small_model,utilities_monthly,1000
logistics_transport_activity_small_model,insurance_monthly,800
logistics_transport_activity_small_model,revenue_growth_rate,5
logistics_transport_activity_small_model,cogs_ratio,35
logistics_transport_activity_small_model,vat_rate,15
logistics_transport_activity_small_model,corporate_tax_rate,20
logistics_transport_activity_small_model,annual_depreciation_rate,10
logistics_transport_activity_small_model,working_capital_days,30
logistics_transport_activity_small_model,discount_rate,10
logistics_transport_activity_small_model,loan_ratio,50
logistics_transport_activity_small_model,interest_rate,8
logistics_transport_activity_small_model,loan_term_years,5
logistics_transport_activity_medium_model,rent_monthly,15000
logistics_transport_activity_medium_model,salaries_monthly,45000
logistics_transport_activity_medium_model,marketing_monthly,6000
logistics_transport_activity_medium_model,utilities_monthly,3000
logistics_transport_activity_medium_model,insurance_monthly,2000
logistics_transport_activity_medium_model,revenue_growth_rate,5
logistics_transport_activity_medium_model,cogs_ratio,35
logistics_transport_activity_medium_model,vat_rate,15
logistics_transport_activity_medium_model,corporate_tax_rate,20
logistics_transport_activity_medium_model,annual_depreciation_rate,10
logistics_transport_activity_medium_model,working_capital_days,30
logistics_transport_activity_medium_model,discount_rate,10
logistics_transport_activity_medium_model,loan_ratio,50
logistics_transport_activity_medium_model,interest_rate,8
logistics_transport_activity_medium_model,loan_term_years,5
logistics_transport_activity_large_model,rent_monthly,40000
logistics_transport_activity_large_model,salaries_monthly,120000
logistics_transport_activity_large_model,marketing_monthly,18000
logistics_transport_activity_large_model,utilities_monthly,8000
logistics_transport_activity_large_model,insurance_monthly,5000
logistics_transport_activity_large_model,revenue_growth_rate,5
logistics_transport_activity_large_model,cogs_ratio,35
logistics_transport_activity_large_model,vat_rate,15
logistics_transport_activity_large_model,corporate_tax_rate,20
logistics_transport_activity_large_model,annual_depreciation_rate,10
logistics_transport_activity_large_model,working_capital_days,30
logistics_transport_activity_large_model,discount_rate,10
logistics_transport_activity_large_model,loan_ratio,50
logistics_transport_activity_large_model,interest_rate,8
logistics_transport_activity_large_model,loan_term_years,5
logistics_warehousing_activity_small_model,rent_monthly,5000
logistics_warehousing_activity_small_model,salaries_monthly,15000
logistics_warehousing_activity_small_model,marketing_monthly,2000
logistics_warehousing_activity_small_model,utilities_monthly,1000
logistics_warehousing_activity_small_model,insurance_monthly,800
logistics_warehousing_activity_small_model,revenue_growth_rate,5
logistics_warehousing_activity_small_model,cogs_ratio,35
logistics_warehousing_activity_small_model,vat_rate,15
logistics_warehousing_activity_small_model,corporate_tax_rate,20
logistics_warehousing_activity_small_model,annual_depreciation_rate,10
logistics_warehousing_activity_small_model,working_capital_days,30
logistics_warehousing_activity_small_model,discount_rate,10
logistics_warehousing_activity_small_model,loan_ratio,50
logistics_warehousing_activity_small_model,interest_rate,8
logistics_warehousing_activity_small_model,loan_term_years,5
logistics_warehousing_activity_medium_model,rent_monthly,15000
logistics_warehousing_activity_medium_model,salaries_monthly,45000
logistics_warehousing_activity_medium_model,marketing_monthly,6000
logistics_warehousing_activity_medium_model,utilities_monthly,3000
logistics_warehousing_activity_medium_model,insurance_monthly,2000
logistics_warehousing_activity_medium_model,revenue_growth_rate,5
logistics_warehousing_activity_medium_model,cogs_ratio,35
logistics_warehousing_activity_medium_model,vat_rate,15
logistics_warehousing_activity_medium_model,corporate_tax_rate,20
logistics_warehousing_activity_medium_model,annual_depreciation_rate,10
logistics_warehousing_activity_medium_model,working_capital_days,30
logistics_warehousing_activity_medium_model,discount_rate,10
logistics_warehousing_activity_medium_model,loan_ratio,50
logistics_warehousing_activity_medium_model,interest_rate,8
logistics_warehousing_activity_medium_model,loan_term_years,5
logistics_warehousing_activity_large_model,rent_monthly,40000
logistics_warehousing_activity_large_model,salaries_monthly,120000
logistics_warehousing_activity_large_model,marketing_monthly,18000
logistics_warehousing_activity_large_model,utilities_monthly,8000
logistics_warehousing_activity_large_model,insurance_monthly,5000
logistics_warehousing_activity_large_model,revenue_growth_rate,5
logistics_warehousing_activity_large_model,cogs_ratio,35
logistics_warehousing_activity_large_model,vat_rate,15
logistics_warehousing_activity_large_model,corporate_tax_rate,20
logistics_warehousing_activity_large_model,annual_depreciation_rate,10
logistics_warehousing_activity_large_model,working_capital_days,30
logistics_warehousing_activity_large_model,discount_rate,10
logistics_warehousing_activity_large_model,loan_ratio,50
logistics_warehousing_activity_large_model,interest_rate,8
logistics_warehousing_activity_large_model,loan_term_years,5
logistics_shipping_activity_small_model,rent_monthly,5000
logistics_shipping_activity_small_model,salaries_monthly,15000
logistics_shipping_activity_small_model,marketing_monthly,2000
logistics_shipping_activity_small_model,utilities_monthly,1000
logistics_shipping_activity_small_model,insurance_monthly,800
logistics_shipping_activity_small_model,revenue_growth_rate,5
logistics_shipping_activity_small_model,cogs_ratio,35
logistics_shipping_activity_small_model,vat_rate,15
logistics_shipping_activity_small_model,corporate_tax_rate,20
logistics_shipping_activity_small_model,annual_depreciation_rate,10
logistics_shipping_activity_small_model,working_capital_days,30
logistics_shipping_activity_small_model,discount_rate,10
logistics_shipping_activity_small_model,loan_ratio,50
logistics_shipping_activity_small_model,interest_rate,8
logistics_shipping_activity_small_model,loan_term_years,5
logistics_shipping_activity_medium_model,rent_monthly,15000
logistics_shipping_activity_medium_model,salaries_monthly,45000
logistics_shipping_activity_medium_model,marketing_monthly,6000
logistics_shipping_activity_medium_model,utilities_monthly,3000
logistics_shipping_activity_medium_model,insurance_monthly,2000
logistics_shipping_activity_medium_model,revenue_growth_rate,5
logistics_shipping_activity_medium_model,cogs_ratio,35
logistics_shipping_activity_medium_model,vat_rate,15
logistics_shipping_activity_medium_model,corporate_tax_rate,20
logistics_shipping_activity_medium_model,annual_depreciation_rate,10
logistics_shipping_activity_medium_model,working_capital_days,30
logistics_shipping_activity_medium_model,discount_rate,10
logistics_shipping_activity_medium_model,loan_ratio,50
logistics_shipping_activity_medium_model,interest_rate,8
logistics_shipping_activity_medium_model,loan_term_years,5
logistics_shipping_activity_large_model,rent_monthly,40000
logistics_shipping_activity_large_model,salaries_monthly,120000
logistics_shipping_activity_large_model,marketing_monthly,18000
logistics_shipping_activity_large_model,utilities_monthly,8000
logistics_shipping_activity_large_model,insurance_monthly,5000
logistics_shipping_activity_large_model,revenue_growth_rate,5
logistics_shipping_activity_large_model,cogs_ratio,35
logistics_shipping_activity_large_model,vat_rate,15
logistics_shipping_activity_large_model,corporate_tax_rate,20
logistics_shipping_activity_large_model,annual_depreciation_rate,10
logistics_shipping_activity_large_model,working_capital_days,30
logistics_shipping_activity_large_model,discount_rate,10
logistics_shipping_activity_large_model,loan_ratio,50
logistics_shipping_activity_large_model,interest_rate,8
logistics_shipping_activity_large_model,loan_term_years,5
logistics_last_mile_activity_small_model,rent_monthly,5000
logistics_last_mile_activity_small_model,salaries_monthly,15000
logistics_last_mile_activity_small_model,marketing_monthly,2000
logistics_last_mile_activity_small_model,utilities_monthly,1000
logistics_last_mile_activity_small_model,insurance_monthly,800
logistics_last_mile_activity_small_model,revenue_growth_rate,5
logistics_last_mile_activity_small_model,cogs_ratio,35
logistics_last_mile_activity_small_model,vat_rate,15
logistics_last_mile_activity_small_model,corporate_tax_rate,20
logistics_last_mile_activity_small_model,annual_depreciation_rate,10
logistics_last_mile_activity_small_model,working_capital_days,30
logistics_last_mile_activity_small_model,discount_rate,10
logistics_last_mile_activity_small_model,loan_ratio,50
logistics_last_mile_activity_small_model,interest_rate,8
logistics_last_mile_activity_small_model,loan_term_years,5
logistics_last_mile_activity_medium_model,rent_monthly,15000
logistics_last_mile_activity_medium_model,salaries_monthly,45000
logistics_last_mile_activity_medium_model,marketing_monthly,6000
logistics_last_mile_activity_medium_model,utilities_monthly,3000
logistics_last_mile_activity_medium_model,insurance_monthly,2000
logistics_last_mile_activity_medium_model,revenue_growth_rate,5
logistics_last_mile_activity_medium_model,cogs_ratio,35
logistics_last_mile_activity_medium_model,vat_rate,15
logistics_last_mile_activity_medium_model,corporate_tax_rate,20
logistics_last_mile_activity_medium_model,annual_depreciation_rate,10
logistics_last_mile_activity_medium_model,working_capital_days,30
logistics_last_mile_activity_medium_model,discount_rate,10
logistics_last_mile_activity_medium_model,loan_ratio,50
logistics_last_mile_activity_medium_model,interest_rate,8
logistics_last_mile_activity_medium_model,loan_term_years,5
logistics_last_mile_activity_large_model,rent_monthly,40000
logistics_last_mile_activity_large_model,salaries_monthly,120000
logistics_last_mile_activity_large_model,marketing_monthly,18000
logistics_last_mile_activity_large_model,utilities_monthly,8000
logistics_last_mile_activity_large_model,insurance_monthly,5000
logistics_last_mile_activity_large_model,revenue_growth_rate,5
logistics_last_mile_activity_large_model,cogs_ratio,35
logistics_last_mile_activity_large_model,vat_rate,15
logistics_last_mile_activity_large_model,corporate_tax_rate,20
logistics_last_mile_activity_large_model,annual_depreciation_rate,10
logistics_last_mile_activity_large_model,working_capital_days,30
logistics_last_mile_activity_large_model,discount_rate,10
logistics_last_mile_activity_large_model,loan_ratio,50
logistics_last_mile_activity_large_model,interest_rate,8
logistics_last_mile_activity_large_model,loan_term_years,5
dry_warehouses_transport_activity_small_model,rent_monthly,5000
dry_warehouses_transport_activity_small_model,salaries_monthly,15000
dry_warehouses_transport_activity_small_model,marketing_monthly,2000
dry_warehouses_transport_activity_small_model,utilities_monthly,1000
dry_warehouses_transport_activity_small_model,insurance_monthly,800
dry_warehouses_transport_activity_small_model,revenue_growth_rate,5
dry_warehouses_transport_activity_small_model,cogs_ratio,35
dry_warehouses_transport_activity_small_model,vat_rate,15
dry_warehouses_transport_activity_small_model,corporate_tax_rate,20
dry_warehouses_transport_activity_small_model,annual_depreciation_rate,10
dry_warehouses_transport_activity_small_model,working_capital_days,30
dry_warehouses_transport_activity_small_model,discount_rate,10
dry_warehouses_transport_activity_small_model,loan_ratio,50
dry_warehouses_transport_activity_small_model,interest_rate,8
dry_warehouses_transport_activity_small_model,loan_term_years,5
dry_warehouses_transport_activity_medium_model,rent_monthly,15000
dry_warehouses_transport_activity_medium_model,salaries_monthly,45000
dry_warehouses_transport_activity_medium_model,marketing_monthly,6000
dry_warehouses_transport_activity_medium_model,utilities_monthly,3000
dry_warehouses_transport_activity_medium_model,insurance_monthly,2000
dry_warehouses_transport_activity_medium_model,revenue_growth_rate,5
dry_warehouses_transport_activity_medium_model,cogs_ratio,35
dry_warehouses_transport_activity_medium_model,vat_rate,15
dry_warehouses_transport_activity_medium_model,corporate_tax_rate,20
dry_warehouses_transport_activity_medium_model,annual_depreciation_rate,10
dry_warehouses_transport_activity_medium_model,working_capital_days,30
dry_warehouses_transport_activity_medium_model,discount_rate,10
dry_warehouses_transport_activity_medium_model,loan_ratio,50
dry_warehouses_transport_activity_medium_model,interest_rate,8
dry_warehouses_transport_activity_medium_model,loan_term_years,5
dry_warehouses_transport_activity_large_model,rent_monthly,40000
dry_warehouses_transport_activity_large_model,salaries_monthly,120000
dry_warehouses_transport_activity_large_model,marketing_monthly,18000
dry_warehouses_transport_activity_large_model,utilities_monthly,8000
dry_warehouses_transport_activity_large_model,insurance_monthly,5000
dry_warehouses_transport_activity_large_model,revenue_growth_rate,5
dry_warehouses_transport_activity_large_model,cogs_ratio,35
dry_warehouses_transport_activity_large_model,vat_rate,15
dry_warehouses_transport_activity_large_model,corporate_tax_rate,20
dry_warehouses_transport_activity_large_model,annual_depreciation_rate,10
dry_warehouses_transport_activity_large_model,working_capital_days,30
dry_warehouses_transport_activity_large_model,discount_rate,10
dry_warehouses_transport_activity_large_model,loan_ratio,50
dry_warehouses_transport_activity_large_model,interest_rate,8
dry_warehouses_transport_activity_large_model,loan_term_years,5
dry_warehouses_warehousing_activity_small_model,rent_monthly,5000
dry_warehouses_warehousing_activity_small_model,salaries_monthly,15000
dry_warehouses_warehousing_activity_small_model,marketing_monthly,2000
dry_warehouses_warehousing_activity_small_model,utilities_monthly,1000
dry_warehouses_warehousing_activity_small_model,insurance_monthly,800
dry_warehouses_warehousing_activity_small_model,revenue_growth_rate,5
dry_warehouses_warehousing_activity_small_model,cogs_ratio,35
dry_warehouses_warehousing_activity_small_model,vat_rate,15
dry_warehouses_warehousing_activity_small_model,corporate_tax_rate,20
dry_warehouses_warehousing_activity_small_model,annual_depreciation_rate,10
dry_warehouses_warehousing_activity_small_model,working_capital_days,30
dry_warehouses_warehousing_activity_small_model,discount_rate,10
dry_warehouses_warehousing_activity_small_model,loan_ratio,50
dry_warehouses_warehousing_activity_small_model,interest_rate,8
dry_warehouses_warehousing_activity_small_model,loan_term_years,5
dry_warehouses_warehousing_activity_medium_model,rent_monthly,15000
dry_warehouses_warehousing_activity_medium_model,salaries_monthly,45000
dry_warehouses_warehousing_activity_medium_model,marketing_monthly,6000
dry_warehouses_warehousing_activity_medium_model,utilities_monthly,3000
dry_warehouses_warehousing_activity_medium_model,insurance_monthly,2000
dry_warehouses_warehousing_activity_medium_model,revenue_growth_rate,5
dry_warehouses_warehousing_activity_medium_model,cogs_ratio,35
dry_warehouses_warehousing_activity_medium_model,vat_rate,15
dry_warehouses_warehousing_activity_medium_model,corporate_tax_rate,20
dry_warehouses_warehousing_activity_medium_model,annual_depreciation_rate,10
dry_warehouses_warehousing_activity_medium_model,working_capital_days,30
dry_warehouses_warehousing_activity_medium_model,discount_rate,10
dry_warehouses_warehousing_activity_medium_model,loan_ratio,50
dry_warehouses_warehousing_activity_medium_model,interest_rate,8
dry_warehouses_warehousing_activity_medium_model,loan_term_years,5
dry_warehouses_warehousing_activity_large_model,rent_monthly,40000
dry_warehouses_warehousing_activity_large_model,salaries_monthly,120000
dry_warehouses_warehousing_activity_large_model,marketing_monthly,18000
dry_warehouses_warehousing_activity_large_model,utilities_monthly,8000
dry_warehouses_warehousing_activity_large_model,insurance_monthly,5000
dry_warehouses_warehousing_activity_large_model,revenue_growth_rate,5
dry_warehouses_warehousing_activity_large_model,cogs_ratio,35
dry_warehouses_warehousing_activity_large_model,vat_rate,15
dry_warehouses_warehousing_activity_large_model,corporate_tax_rate,20
dry_warehouses_warehousing_activity_large_model,annual_depreciation_rate,10
dry_warehouses_warehousing_activity_large_model,working_capital_days,30
dry_warehouses_warehousing_activity_large_model,discount_rate,10
dry_warehouses_warehousing_activity_large_model,loan_ratio,50
dry_warehouses_warehousing_activity_large_model,interest_rate,8
dry_warehouses_warehousing_activity_large_model,loan_term_years,5
dry_warehouses_shipping_activity_small_model,rent_monthly,5000
dry_warehouses_shipping_activity_small_model,salaries_monthly,15000
dry_warehouses_shipping_activity_small_model,marketing_monthly,2000
dry_warehouses_shipping_activity_small_model,utilities_monthly,1000
dry_warehouses_shipping_activity_small_model,insurance_monthly,800
dry_warehouses_shipping_activity_small_model,revenue_growth_rate,5
dry_warehouses_shipping_activity_small_model,cogs_ratio,35
dry_warehouses_shipping_activity_small_model,vat_rate,15
dry_warehouses_shipping_activity_small_model,corporate_tax_rate,20
dry_warehouses_shipping_activity_small_model,annual_depreciation_rate,10
dry_warehouses_shipping_activity_small_model,working_capital_days,30
dry_warehouses_shipping_activity_small_model,discount_rate,10
dry_warehouses_shipping_activity_small_model,loan_ratio,50
dry_warehouses_shipping_activity_small_model,interest_rate,8
dry_warehouses_shipping_activity_small_model,loan_term_years,5
dry_warehouses_shipping_activity_medium_model,rent_monthly,15000
dry_warehouses_shipping_activity_medium_model,salaries_monthly,45000
dry_warehouses_shipping_activity_medium_model,marketing_monthly,6000
dry_warehouses_shipping_activity_medium_model,utilities_monthly,3000
dry_warehouses_shipping_activity_medium_model,insurance_monthly,2000
dry_warehouses_shipping_activity_medium_model,revenue_growth_rate,5
dry_warehouses_shipping_activity_medium_model,cogs_ratio,35
dry_warehouses_shipping_activity_medium_model,vat_rate,15
dry_warehouses_shipping_activity_medium_model,corporate_tax_rate,20
dry_warehouses_shipping_activity_medium_model,annual_depreciation_rate,10
dry_warehouses_shipping_activity_medium_model,working_capital_days,30
dry_warehouses_shipping_activity_medium_model,discount_rate,10
dry_warehouses_shipping_activity_medium_model,loan_ratio,50
dry_warehouses_shipping_activity_medium_model,interest_rate,8
dry_warehouses_shipping_activity_medium_model,loan_term_years,5
dry_warehouses_shipping_activity_large_model,rent_monthly,40000
dry_warehouses_shipping_activity_large_model,salaries_monthly,120000
dry_warehouses_shipping_activity_large_model,marketing_monthly,18000
dry_warehouses_shipping_activity_large_model,utilities_monthly,8000
dry_warehouses_shipping_activity_large_model,insurance_monthly,5000
dry_warehouses_shipping_activity_large_model,revenue_growth_rate,5
dry_warehouses_shipping_activity_large_model,cogs_ratio,35
dry_warehouses_shipping_activity_large_model,vat_rate,15
dry_warehouses_shipping_activity_large_model,corporate_tax_rate,20
dry_warehouses_shipping_activity_large_model,annual_depreciation_rate,10
dry_warehouses_shipping_activity_large_model,working_capital_days,30
dry_warehouses_shipping_activity_large_model,discount_rate,10
dry_warehouses_shipping_activity_large_model,loan_ratio,50
dry_warehouses_shipping_activity_large_model,interest_rate,8
dry_warehouses_shipping_activity_large_model,loan_term_years,5
dry_warehouses_last_mile_activity_small_model,rent_monthly,5000
dry_warehouses_last_mile_activity_small_model,salaries_monthly,15000
dry_warehouses_last_mile_activity_small_model,marketing_monthly,2000
dry_warehouses_last_mile_activity_small_model,utilities_monthly,1000
dry_warehouses_last_mile_activity_small_model,insurance_monthly,800
dry_warehouses_last_mile_activity_small_model,revenue_growth_rate,5
dry_warehouses_last_mile_activity_small_model,cogs_ratio,35
dry_warehouses_last_mile_activity_small_model,vat_rate,15
dry_warehouses_last_mile_activity_small_model,corporate_tax_rate,20
dry_warehouses_last_mile_activity_small_model,annual_depreciation_rate,10
dry_warehouses_last_mile_activity_small_model,working_capital_days,30
dry_warehouses_last_mile_activity_small_model,discount_rate,10
dry_warehouses_last_mile_activity_small_model,loan_ratio,50
dry_warehouses_last_mile_activity_small_model,interest_rate,8
dry_warehouses_last_mile_activity_small_model,loan_term_years,5
dry_warehouses_last_mile_activity_medium_model,rent_monthly,15000
dry_warehouses_last_mile_activity_medium_model,salaries_monthly,45000
dry_warehouses_last_mile_activity_medium_model,marketing_monthly,6000
dry_warehouses_last_mile_activity_medium_model,utilities_monthly,3000
dry_warehouses_last_mile_activity_medium_model,insurance_monthly,2000
dry_warehouses_last_mile_activity_medium_model,revenue_growth_rate,5
dry_warehouses_last_mile_activity_medium_model,cogs_ratio,35
dry_warehouses_last_mile_activity_medium_model,vat_rate,15
dry_warehouses_last_mile_activity_medium_model,corporate_tax_rate,20
dry_warehouses_last_mile_activity_medium_model,annual_depreciation_rate,10
dry_warehouses_last_mile_activity_medium_model,working_capital_days,30
dry_warehouses_last_mile_activity_medium_model,discount_rate,10
dry_warehouses_last_mile_activity_medium_model,loan_ratio,50
dry_warehouses_last_mile_activity_medium_model,interest_rate,8
dry_warehouses_last_mile_activity_medium_model,loan_term_years,5
dry_warehouses_last_mile_activity_large_model,rent_monthly,40000
dry_warehouses_last_mile_activity_large_model,salaries_monthly,120000
dry_warehouses_last_mile_activity_large_model,marketing_monthly,18000
dry_warehouses_last_mile_activity_large_model,utilities_monthly,8000
dry_warehouses_last_mile_activity_large_model,insurance_monthly,5000
dry_warehouses_last_mile_activity_large_model,revenue_growth_rate,5
dry_warehouses_last_mile_activity_large_model,cogs_ratio,35
dry_warehouses_last_mile_activity_large_model,vat_rate,15
dry_warehouses_last_mile_activity_large_model,corporate_tax_rate,20
dry_warehouses_last_mile_activity_large_model,annual_depreciation_rate,10
dry_warehouses_last_mile_activity_large_model,working_capital_days,30
dry_warehouses_last_mile_activity_large_model,discount_rate,10
dry_warehouses_last_mile_activity_large_model,loan_ratio,50
dry_warehouses_last_mile_activity_large_model,interest_rate,8
dry_warehouses_last_mile_activity_large_model,loan_term_years,5
cold_warehouses_transport_activity_small_model,rent_monthly,5000
cold_warehouses_transport_activity_small_model,salaries_monthly,15000
cold_warehouses_transport_activity_small_model,marketing_monthly,2000
cold_warehouses_transport_activity_small_model,utilities_monthly,1000
cold_warehouses_transport_activity_small_model,insurance_monthly,800
cold_warehouses_transport_activity_small_model,revenue_growth_rate,5
cold_warehouses_transport_activity_small_model,cogs_ratio,35
cold_warehouses_transport_activity_small_model,vat_rate,15
cold_warehouses_transport_activity_small_model,corporate_tax_rate,20
cold_warehouses_transport_activity_small_model,annual_depreciation_rate,10
cold_warehouses_transport_activity_small_model,working_capital_days,30
cold_warehouses_transport_activity_small_model,discount_rate,10
cold_warehouses_transport_activity_small_model,loan_ratio,50
cold_warehouses_transport_activity_small_model,interest_rate,8
cold_warehouses_transport_activity_small_model,loan_term_years,5
cold_warehouses_transport_activity_medium_model,rent_monthly,15000
cold_warehouses_transport_activity_medium_model,salaries_monthly,45000
cold_warehouses_transport_activity_medium_model,marketing_monthly,6000
cold_warehouses_transport_activity_medium_model,utilities_monthly,3000
cold_warehouses_transport_activity_medium_model,insurance_monthly,2000
cold_warehouses_transport_activity_medium_model,revenue_growth_rate,5
cold_warehouses_transport_activity_medium_model,cogs_ratio,35
cold_warehouses_transport_activity_medium_model,vat_rate,15
cold_warehouses_transport_activity_medium_model,corporate_tax_rate,20
cold_warehouses_transport_activity_medium_model,annual_depreciation_rate,10
cold_warehouses_transport_activity_medium_model,working_capital_days,30
cold_warehouses_transport_activity_medium_model,discount_rate,10
cold_warehouses_transport_activity_medium_model,loan_ratio,50
cold_warehouses_transport_activity_medium_model,interest_rate,8
cold_warehouses_transport_activity_medium_model,loan_term_years,5
cold_warehouses_transport_activity_large_model,rent_monthly,40000
cold_warehouses_transport_activity_large_model,salaries_monthly,120000
cold_warehouses_transport_activity_large_model,marketing_monthly,18000
cold_warehouses_transport_activity_large_model,utilities_monthly,8000
cold_warehouses_transport_activity_large_model,insurance_monthly,5000
cold_warehouses_transport_activity_large_model,revenue_growth_rate,5
cold_warehouses_transport_activity_large_model,cogs_ratio,35
cold_warehouses_transport_activity_large_model,vat_rate,15
cold_warehouses_transport_activity_large_model,corporate_tax_rate,20
cold_warehouses_transport_activity_large_model,annual_depreciation_rate,10
cold_warehouses_transport_activity_large_model,working_capital_days,30
cold_warehouses_transport_activity_large_model,discount_rate,10
cold_warehouses_transport_activity_large_model,loan_ratio,50
cold_warehouses_transport_activity_large_model,interest_rate,8
cold_warehouses_transport_activity_large_model,loan_term_years,5
cold_warehouses_warehousing_activity_small_model,rent_monthly,5000
cold_warehouses_warehousing_activity_small_model,salaries_monthly,15000
cold_warehouses_warehousing_activity_small_model,marketing_monthly,2000
cold_warehouses_warehousing_activity_small_model,utilities_monthly,1000
cold_warehouses_warehousing_activity_small_model,insurance_monthly,800
cold_warehouses_warehousing_activity_small_model,revenue_growth_rate,5
cold_warehouses_warehousing_activity_small_model,cogs_ratio,35
cold_warehouses_warehousing_activity_small_model,vat_rate,15
cold_warehouses_warehousing_activity_small_model,corporate_tax_rate,20
cold_warehouses_warehousing_activity_small_model,annual_depreciation_rate,10
cold_warehouses_warehousing_activity_small_model,working_capital_days,30
cold_warehouses_warehousing_activity_small_model,discount_rate,10
cold_warehouses_warehousing_activity_small_model,loan_ratio,50
cold_warehouses_warehousing_activity_small_model,interest_rate,8
cold_warehouses_warehousing_activity_small_model,loan_term_years,5
cold_warehouses_warehousing_activity_medium_model,rent_monthly,15000
cold_warehouses_warehousing_activity_medium_model,salaries_monthly,45000
cold_warehouses_warehousing_activity_medium_model,marketing_monthly,6000
cold_warehouses_warehousing_activity_medium_model,utilities_monthly,3000
cold_warehouses_warehousing_activity_medium_model,insurance_monthly,2000
cold_warehouses_warehousing_activity_medium_model,revenue_growth_rate,5
cold_warehouses_warehousing_activity_medium_model,cogs_ratio,35
cold_warehouses_warehousing_activity_medium_model,vat_rate,15
cold_warehouses_warehousing_activity_medium_model,corporate_tax_rate,20
cold_warehouses_warehousing_activity_medium_model,annual_depreciation_rate,10
cold_warehouses_warehousing_activity_medium_model,working_capital_days,30
cold_warehouses_warehousing_activity_medium_model,discount_rate,10
cold_warehouses_warehousing_activity_medium_model,loan_ratio,50
cold_warehouses_warehousing_activity_medium_model,interest_rate,8
cold_warehouses_warehousing_activity_medium_model,loan_term_years,5
cold_warehouses_warehousing_activity_large_model,rent_monthly,40000
cold_warehouses_warehousing_activity_large_model,salaries_monthly,120000
cold_warehouses_warehousing_activity_large_model,marketing_monthly,18000
cold_warehouses_warehousing_activity_large_model,utilities_monthly,8000
cold_warehouses_warehousing_activity_large_model,insurance_monthly,5000
cold_warehouses_warehousing_activity_large_model,revenue_growth_rate,5
cold_warehouses_warehousing_activity_large_model,cogs_ratio,35
cold_warehouses_warehousing_activity_large_model,vat_rate,15
cold_warehouses_warehousing_activity_large_model,corporate_tax_rate,20
cold_warehouses_warehousing_activity_large_model,annual_depreciation_rate,10
cold_warehouses_warehousing_activity_large_model,working_capital_days,30
cold_warehouses_warehousing_activity_large_model,discount_rate,10
cold_warehouses_warehousing_activity_large_model,loan_ratio,50
cold_warehouses_warehousing_activity_large_model,interest_rate,8
cold_warehouses_warehousing_activity_large_model,loan_term_years,5
cold_warehouses_shipping_activity_small_model,rent_monthly,5000
cold_warehouses_shipping_activity_small_model,salaries_monthly,15000
cold_warehouses_shipping_activity_small_model,marketing_monthly,2000
cold_warehouses_shipping_activity_small_model,utilities_monthly,1000
cold_warehouses_shipping_activity_small_model,insurance_monthly,800
cold_warehouses_shipping_activity_small_model,revenue_growth_rate,5
cold_warehouses_shipping_activity_small_model,cogs_ratio,35
cold_warehouses_shipping_activity_small_model,vat_rate,15
cold_warehouses_shipping_activity_small_model,corporate_tax_rate,20
cold_warehouses_shipping_activity_small_model,annual_depreciation_rate,10
cold_warehouses_shipping_activity_small_model,working_capital_days,30
cold_warehouses_shipping_activity_small_model,discount_rate,10
cold_warehouses_shipping_activity_small_model,loan_ratio,50
cold_warehouses_shipping_activity_small_model,interest_rate,8
cold_warehouses_shipping_activity_small_model,loan_term_years,5
cold_warehouses_shipping_activity_medium_model,rent_monthly,15000
cold_warehouses_shipping_activity_medium_model,salaries_monthly,45000
cold_warehouses_shipping_activity_medium_model,marketing_monthly,6000
cold_warehouses_shipping_activity_medium_model,utilities_monthly,3000
cold_warehouses_shipping_activity_medium_model,insurance_monthly,2000
cold_warehouses_shipping_activity_medium_model,revenue_growth_rate,5
cold_warehouses_shipping_activity_medium_model,cogs_ratio,35
cold_warehouses_shipping_activity_medium_model,vat_rate,15
cold_warehouses_shipping_activity_medium_model,corporate_tax_rate,20
cold_warehouses_shipping_activity_medium_model,annual_depreciation_rate,10
cold_warehouses_shipping_activity_medium_model,working_capital_days,30
cold_warehouses_shipping_activity_medium_model,discount_rate,10
cold_warehouses_shipping_activity_medium_model,loan_ratio,50
cold_warehouses_shipping_activity_medium_model,interest_rate,8
cold_warehouses_shipping_activity_medium_model,loan_term_years,5
cold_warehouses_shipping_activity_large_model,rent_monthly,40000
cold_warehouses_shipping_activity_large_model,salaries_monthly,120000
cold_warehouses_shipping_activity_large_model,marketing_monthly,18000
cold_warehouses_shipping_activity_large_model,utilities_monthly,8000
cold_warehouses_shipping_activity_large_model,insurance_monthly,5000
cold_warehouses_shipping_activity_large_model,revenue_growth_rate,5
cold_warehouses_shipping_activity_large_model,cogs_ratio,35
cold_warehouses_shipping_activity_large_model,vat_rate,15
cold_warehouses_shipping_activity_large_model,corporate_tax_rate,20
cold_warehouses_shipping_activity_large_model,annual_depreciation_rate,10
cold_warehouses_shipping_activity_large_model,working_capital_days,30
cold_warehouses_shipping_activity_large_model,discount_rate,10
cold_warehouses_shipping_activity_large_model,loan_ratio,50
cold_warehouses_shipping_activity_large_model,interest_rate,8
cold_warehouses_shipping_activity_large_model,loan_term_years,5
cold_warehouses_last_mile_activity_small_model,rent_monthly,5000
cold_warehouses_last_mile_activity_small_model,salaries_monthly,15000
cold_warehouses_last_mile_activity_small_model,marketing_monthly,2000
cold_warehouses_last_mile_activity_small_model,utilities_monthly,1000
cold_warehouses_last_mile_activity_small_model,insurance_monthly,800
cold_warehouses_last_mile_activity_small_model,revenue_growth_rate,5
cold_warehouses_last_mile_activity_small_model,cogs_ratio,35
cold_warehouses_last_mile_activity_small_model,vat_rate,15
cold_warehouses_last_mile_activity_small_model,corporate_tax_rate,20
cold_warehouses_last_mile_activity_small_model,annual_depreciation_rate,10
cold_warehouses_last_mile_activity_small_model,working_capital_days,30
cold_warehouses_last_mile_activity_small_model,discount_rate,10
cold_warehouses_last_mile_activity_small_model,loan_ratio,50
cold_warehouses_last_mile_activity_small_model,interest_rate,8
cold_warehouses_last_mile_activity_small_model,loan_term_years,5
cold_warehouses_last_mile_activity_medium_model,rent_monthly,15000
cold_warehouses_last_mile_activity_medium_model,salaries_monthly,45000
cold_warehouses_last_mile_activity_medium_model,marketing_monthly,6000
cold_warehouses_last_mile_activity_medium_model,utilities_monthly,3000
cold_warehouses_last_mile_activity_medium_model,insurance_monthly,2000
cold_warehouses_last_mile_activity_medium_model,revenue_growth_rate,5
cold_warehouses_last_mile_activity_medium_model,cogs_ratio,35
cold_warehouses_last_mile_activity_medium_model,vat_rate,15
cold_warehouses_last_mile_activity_medium_model,corporate_tax_rate,20
cold_warehouses_last_mile_activity_medium_model,annual_depreciation_rate,10
cold_warehouses_last_mile_activity_medium_model,working_capital_days,30
cold_warehouses_last_mile_activity_medium_model,discount_rate,10
cold_warehouses_last_mile_activity_medium_model,loan_ratio,50
cold_warehouses_last_mile_activity_medium_model,interest_rate,8
cold_warehouses_last_mile_activity_medium_model,loan_term_years,5
cold_warehouses_last_mile_activity_large_model,rent_monthly,40000
cold_warehouses_last_mile_activity_large_model,salaries_monthly,120000
cold_warehouses_last_mile_activity_large_model,marketing_monthly,18000
cold_warehouses_last_mile_activity_large_model,utilities_monthly,8000
cold_warehouses_last_mile_activity_large_model,insurance_monthly,5000
cold_warehouses_last_mile_activity_large_model,revenue_growth_rate,5
cold_warehouses_last_mile_activity_large_model,cogs_ratio,35
cold_warehouses_last_mile_activity_large_model,vat_rate,15
cold_warehouses_last_mile_activity_large_model,corporate_tax_rate,20
cold_warehouses_last_mile_activity_large_model,annual_depreciation_rate,10
cold_warehouses_last_mile_activity_large_model,working_capital_days,30
cold_warehouses_last_mile_activity_large_model,discount_rate,10
cold_warehouses_last_mile_activity_large_model,loan_ratio,50
cold_warehouses_last_mile_activity_large_model,interest_rate,8
cold_warehouses_last_mile_activity_large_model,loan_term_years,5
transport_transport_activity_small_model,rent_monthly,5000
transport_transport_activity_small_model,salaries_monthly,15000
transport_transport_activity_small_model,marketing_monthly,2000
transport_transport_activity_small_model,utilities_monthly,1000
transport_transport_activity_small_model,insurance_monthly,800
transport_transport_activity_small_model,revenue_growth_rate,5
transport_transport_activity_small_model,cogs_ratio,35
transport_transport_activity_small_model,vat_rate,15
transport_transport_activity_small_model,corporate_tax_rate,20
transport_transport_activity_small_model,annual_depreciation_rate,10
transport_transport_activity_small_model,working_capital_days,30
transport_transport_activity_small_model,discount_rate,10
transport_transport_activity_small_model,loan_ratio,50
transport_transport_activity_small_model,interest_rate,8
transport_transport_activity_small_model,loan_term_years,5
transport_transport_activity_medium_model,rent_monthly,15000
transport_transport_activity_medium_model,salaries_monthly,45000
transport_transport_activity_medium_model,marketing_monthly,6000
transport_transport_activity_medium_model,utilities_monthly,3000
transport_transport_activity_medium_model,insurance_monthly,2000
transport_transport_activity_medium_model,revenue_growth_rate,5
transport_transport_activity_medium_model,cogs_ratio,35
transport_transport_activity_medium_model,vat_rate,15
transport_transport_activity_medium_model,corporate_tax_rate,20
transport_transport_activity_medium_model,annual_depreciation_rate,10
transport_transport_activity_medium_model,working_capital_days,30
transport_transport_activity_medium_model,discount_rate,10
transport_transport_activity_medium_model,loan_ratio,50
transport_transport_activity_medium_model,interest_rate,8
transport_transport_activity_medium_model,loan_term_years,5
transport_transport_activity_large_model,rent_monthly,40000
transport_transport_activity_large_model,salaries_monthly,120000
transport_transport_activity_large_model,marketing_monthly,18000
transport_transport_activity_large_model,utilities_monthly,8000
transport_transport_activity_large_model,insurance_monthly,5000
transport_transport_activity_large_model,revenue_growth_rate,5
transport_transport_activity_large_model,cogs_ratio,35
transport_transport_activity_large_model,vat_rate,15
transport_transport_activity_large_model,corporate_tax_rate,20
transport_transport_activity_large_model,annual_depreciation_rate,10
transport_transport_activity_large_model,working_capital_days,30
transport_transport_activity_large_model,discount_rate,10
transport_transport_activity_large_model,loan_ratio,50
transport_transport_activity_large_model,interest_rate,8
transport_transport_activity_large_model,loan_term_years,5
transport_warehousing_activity_small_model,rent_monthly,5000
transport_warehousing_activity_small_model,salaries_monthly,15000
transport_warehousing_activity_small_model,marketing_monthly,2000
transport_warehousing_activity_small_model,utilities_monthly,1000
transport_warehousing_activity_small_model,insurance_monthly,800
transport_warehousing_activity_small_model,revenue_growth_rate,5
transport_warehousing_activity_small_model,cogs_ratio,35
transport_warehousing_activity_small_model,vat_rate,15
transport_warehousing_activity_small_model,corporate_tax_rate,20
transport_warehousing_activity_small_model,annual_depreciation_rate,10
transport_warehousing_activity_small_model,working_capital_days,30
transport_warehousing_activity_small_model,discount_rate,10
transport_warehousing_activity_small_model,loan_ratio,50
transport_warehousing_activity_small_model,interest_rate,8
transport_warehousing_activity_small_model,loan_term_years,5
transport_warehousing_activity_medium_model,rent_monthly,15000
transport_warehousing_activity_medium_model,salaries_monthly,45000
transport_warehousing_activity_medium_model,marketing_monthly,6000
transport_warehousing_activity_medium_model,utilities_monthly,3000
transport_warehousing_activity_medium_model,insurance_monthly,2000
transport_warehousing_activity_medium_model,revenue_growth_rate,5
transport_warehousing_activity_medium_model,cogs_ratio,35
transport_warehousing_activity_medium_model,vat_rate,15
transport_warehousing_activity_medium_model,corporate_tax_rate,20
transport_warehousing_activity_medium_model,annual_depreciation_rate,10
transport_warehousing_activity_medium_model,working_capital_days,30
transport_warehousing_activity_medium_model,discount_rate,10
transport_warehousing_activity_medium_model,loan_ratio,50
transport_warehousing_activity_medium_model,interest_rate,8
transport_warehousing_activity_medium_model,loan_term_years,5
transport_warehousing_activity_large_model,rent_monthly,40000
transport_warehousing_activity_large_model,salaries_monthly,120000
transport_warehousing_activity_large_model,marketing_monthly,18000
transport_warehousing_activity_large_model,utilities_monthly,8000
transport_warehousing_activity_large_model,insurance_monthly,5000
transport_warehousing_activity_large_model,revenue_growth_rate,5
transport_warehousing_activity_large_model,cogs_ratio,35
transport_warehousing_activity_large_model,vat_rate,15
transport_warehousing_activity_large_model,corporate_tax_rate,20
transport_warehousing_activity_large_model,annual_depreciation_rate,10
transport_warehousing_activity_large_model,working_capital_days,30
transport_warehousing_activity_large_model,discount_rate,10
transport_warehousing_activity_large_model,loan_ratio,50
transport_warehousing_activity_large_model,interest_rate,8
transport_warehousing_activity_large_model,loan_term_years,5
transport_shipping_activity_small_model,rent_monthly,5000
transport_shipping_activity_small_model,salaries_monthly,15000
transport_shipping_activity_small_model,marketing_monthly,2000
transport_shipping_activity_small_model,utilities_monthly,1000
transport_shipping_activity_small_model,insurance_monthly,800
transport_shipping_activity_small_model,revenue_growth_rate,5
transport_shipping_activity_small_model,cogs_ratio,35
transport_shipping_activity_small_model,vat_rate,15
transport_shipping_activity_small_model,corporate_tax_rate,20
transport_shipping_activity_small_model,annual_depreciation_rate,10
transport_shipping_activity_small_model,working_capital_days,30
transport_shipping_activity_small_model,discount_rate,10
transport_shipping_activity_small_model,loan_ratio,50
transport_shipping_activity_small_model,interest_rate,8
transport_shipping_activity_small_model,loan_term_years,5
transport_shipping_activity_medium_model,rent_monthly,15000
transport_shipping_activity_medium_model,salaries_monthly,45000
transport_shipping_activity_medium_model,marketing_monthly,6000
transport_shipping_activity_medium_model,utilities_monthly,3000
transport_shipping_activity_medium_model,insurance_monthly,2000
transport_shipping_activity_medium_model,revenue_growth_rate,5
transport_shipping_activity_medium_model,cogs_ratio,35
transport_shipping_activity_medium_model,vat_rate,15
transport_shipping_activity_medium_model,corporate_tax_rate,20
transport_shipping_activity_medium_model,annual_depreciation_rate,10
transport_shipping_activity_medium_model,working_capital_days,30
transport_shipping_activity_medium_model,discount_rate,10
transport_shipping_activity_medium_model,loan_ratio,50
transport_shipping_activity_medium_model,interest_rate,8
transport_shipping_activity_medium_model,loan_term_years,5
transport_shipping_activity_large_model,rent_monthly,40000
transport_shipping_activity_large_model,salaries_monthly,120000
transport_shipping_activity_large_model,marketing_monthly,18000
transport_shipping_activity_large_model,utilities_monthly,8000
transport_shipping_activity_large_model,insurance_monthly,5000
transport_shipping_activity_large_model,revenue_growth_rate,5
transport_shipping_activity_large_model,cogs_ratio,35
transport_shipping_activity_large_model,vat_rate,15
transport_shipping_activity_large_model,corporate_tax_rate,20
transport_shipping_activity_large_model,annual_depreciation_rate,10
transport_shipping_activity_large_model,working_capital_days,30
transport_shipping_activity_large_model,discount_rate,10
transport_shipping_activity_large_model,loan_ratio,50
transport_shipping_activity_large_model,interest_rate,8
transport_shipping_activity_large_model,loan_term_years,5
transport_last_mile_activity_small_model,rent_monthly,5000
transport_last_mile_activity_small_model,salaries_monthly,15000
transport_last_mile_activity_small_model,marketing_monthly,2000
transport_last_mile_activity_small_model,utilities_monthly,1000
transport_last_mile_activity_small_model,insurance_monthly,800
transport_last_mile_activity_small_model,revenue_growth_rate,5
transport_last_mile_activity_small_model,cogs_ratio,35
transport_last_mile_activity_small_model,vat_rate,15
transport_last_mile_activity_small_model,corporate_tax_rate,20
transport_last_mile_activity_small_model,annual_depreciation_rate,10
transport_last_mile_activity_small_model,working_capital_days,30
transport_last_mile_activity_small_model,discount_rate,10
transport_last_mile_activity_small_model,loan_ratio,50
transport_last_mile_activity_small_model,interest_rate,8
transport_last_mile_activity_small_model,loan_term_years,5
transport_last_mile_activity_medium_model,rent_monthly,15000
transport_last_mile_activity_medium_model,salaries_monthly,45000
transport_last_mile_activity_medium_model,marketing_monthly,6000
transport_last_mile_activity_medium_model,utilities_monthly,3000
transport_last_mile_activity_medium_model,insurance_monthly,2000
transport_last_mile_activity_medium_model,revenue_growth_rate,5
transport_last_mile_activity_medium_model,cogs_ratio,35
transport_last_mile_activity_medium_model,vat_rate,15
transport_last_mile_activity_medium_model,corporate_tax_rate,20
transport_last_mile_activity_medium_model,annual_depreciation_rate,10
transport_last_mile_activity_medium_model,working_capital_days,30
transport_last_mile_activity_medium_model,discount_rate,10
transport_last_mile_activity_medium_model,loan_ratio,50
transport_last_mile_activity_medium_model,interest_rate,8
transport_last_mile_activity_medium_model,loan_term_years,5
transport_last_mile_activity_large_model,rent_monthly,40000
transport_last_mile_activity_large_model,salaries_monthly,120000
transport_last_mile_activity_large_model,marketing_monthly,18000
transport_last_mile_activity_large_model,utilities_monthly,8000
transport_last_mile_activity_large_model,insurance_monthly,5000
transport_last_mile_activity_large_model,revenue_growth_rate,5
transport_last_mile_activity_large_model,cogs_ratio,35
transport_last_mile_activity_large_model,vat_rate,15
transport_last_mile_activity_large_model,corporate_tax_rate,20
transport_last_mile_activity_large_model,annual_depreciation_rate,10
transport_last_mile_activity_large_model,working_capital_days,30
transport_last_mile_activity_large_model,discount_rate,10
transport_last_mile_activity_large_model,loan_ratio,50
transport_last_mile_activity_large_model,interest_rate,8
transport_last_mile_activity_large_model,loan_term_years,5
ports_consulting_activity_small_model,rent_monthly,5000
ports_consulting_activity_small_model,salaries_monthly,15000
ports_consulting_activity_small_model,marketing_monthly,2000
ports_consulting_activity_small_model,utilities_monthly,1000
ports_consulting_activity_small_model,insurance_monthly,800
ports_consulting_activity_small_model,revenue_growth_rate,5
ports_consulting_activity_small_model,cogs_ratio,35
ports_consulting_activity_small_model,vat_rate,15
ports_consulting_activity_small_model,corporate_tax_rate,20
ports_consulting_activity_small_model,annual_depreciation_rate,10
ports_consulting_activity_small_model,working_capital_days,30
ports_consulting_activity_small_model,discount_rate,10
ports_consulting_activity_small_model,loan_ratio,50
ports_consulting_activity_small_model,interest_rate,8
ports_consulting_activity_small_model,loan_term_years,5
ports_consulting_activity_medium_model,rent_monthly,15000
ports_consulting_activity_medium_model,salaries_monthly,45000
ports_consulting_activity_medium_model,marketing_monthly,6000
ports_consulting_activity_medium_model,utilities_monthly,3000
ports_consulting_activity_medium_model,insurance_monthly,2000
ports_consulting_activity_medium_model,revenue_growth_rate,5
ports_consulting_activity_medium_model,cogs_ratio,35
ports_consulting_activity_medium_model,vat_rate,15
ports_consulting_activity_medium_model,corporate_tax_rate,20
ports_consulting_activity_medium_model,annual_depreciation_rate,10
ports_consulting_activity_medium_model,working_capital_days,30
ports_consulting_activity_medium_model,discount_rate,10
ports_consulting_activity_medium_model,loan_ratio,50
ports_consulting_activity_medium_model,interest_rate,8
ports_consulting_activity_medium_model,loan_term_years,5
ports_consulting_activity_large_model,rent_monthly,40000
ports_consulting_activity_large_model,salaries_monthly,120000
ports_consulting_activity_large_model,marketing_monthly,18000
ports_consulting_activity_large_model,utilities_monthly,8000
ports_consulting_activity_large_model,insurance_monthly,5000
ports_consulting_activity_large_model,revenue_growth_rate,5
ports_consulting_activity_large_model,cogs_ratio,35
ports_consulting_activity_large_model,vat_rate,15
ports_consulting_activity_large_model,corporate_tax_rate,20
ports_consulting_activity_large_model,annual_depreciation_rate,10
ports_consulting_activity_large_model,working_capital_days,30
ports_consulting_activity_large_model,discount_rate,10
ports_consulting_activity_large_model,loan_ratio,50
ports_consulting_activity_large_model,interest_rate,8
ports_consulting_activity_large_model,loan_term_years,5
ports_maintenance_activity_small_model,rent_monthly,5000
ports_maintenance_activity_small_model,salaries_monthly,15000
ports_maintenance_activity_small_model,marketing_monthly,2000
ports_maintenance_activity_small_model,utilities_monthly,1000
ports_maintenance_activity_small_model,insurance_monthly,800
ports_maintenance_activity_small_model,revenue_growth_rate,5
ports_maintenance_activity_small_model,cogs_ratio,35
ports_maintenance_activity_small_model,vat_rate,15
ports_maintenance_activity_small_model,corporate_tax_rate,20
ports_maintenance_activity_small_model,annual_depreciation_rate,10
ports_maintenance_activity_small_model,working_capital_days,30
ports_maintenance_activity_small_model,discount_rate,10
ports_maintenance_activity_small_model,loan_ratio,50
ports_maintenance_activity_small_model,interest_rate,8
ports_maintenance_activity_small_model,loan_term_years,5
ports_maintenance_activity_medium_model,rent_monthly,15000
ports_maintenance_activity_medium_model,salaries_monthly,45000
ports_maintenance_activity_medium_model,marketing_monthly,6000
ports_maintenance_activity_medium_model,utilities_monthly,3000
ports_maintenance_activity_medium_model,insurance_monthly,2000
ports_maintenance_activity_medium_model,revenue_growth_rate,5
ports_maintenance_activity_medium_model,cogs_ratio,35
ports_maintenance_activity_medium_model,vat_rate,15
ports_maintenance_activity_medium_model,corporate_tax_rate,20
ports_maintenance_activity_medium_model,annual_depreciation_rate,10
ports_maintenance_activity_medium_model,working_capital_days,30
ports_maintenance_activity_medium_model,discount_rate,10
ports_maintenance_activity_medium_model,loan_ratio,50
ports_maintenance_activity_medium_model,interest_rate,8
ports_maintenance_activity_medium_model,loan_term_years,5
ports_maintenance_activity_large_model,rent_monthly,40000
ports_maintenance_activity_large_model,salaries_monthly,120000
ports_maintenance_activity_large_model,marketing_monthly,18000
ports_maintenance_activity_large_model,utilities_monthly,8000
ports_maintenance_activity_large_model,insurance_monthly,5000
ports_maintenance_activity_large_model,revenue_growth_rate,5
ports_maintenance_activity_large_model,cogs_ratio,35
ports_maintenance_activity_large_model,vat_rate,15
ports_maintenance_activity_large_model,corporate_tax_rate,20
ports_maintenance_activity_large_model,annual_depreciation_rate,10
ports_maintenance_activity_large_model,working_capital_days,30
ports_maintenance_activity_large_model,discount_rate,10
ports_maintenance_activity_large_model,loan_ratio,50
ports_maintenance_activity_large_model,interest_rate,8
ports_maintenance_activity_large_model,loan_term_years,5
ports_cleaning_activity_small_model,rent_monthly,5000
ports_cleaning_activity_small_model,salaries_monthly,15000
ports_cleaning_activity_small_model,marketing_monthly,2000
ports_cleaning_activity_small_model,utilities_monthly,1000
ports_cleaning_activity_small_model,insurance_monthly,800
ports_cleaning_activity_small_model,revenue_growth_rate,5
ports_cleaning_activity_small_model,cogs_ratio,35
ports_cleaning_activity_small_model,vat_rate,15
ports_cleaning_activity_small_model,corporate_tax_rate,20
ports_cleaning_activity_small_model,annual_depreciation_rate,10
ports_cleaning_activity_small_model,working_capital_days,30
ports_cleaning_activity_small_model,discount_rate,10
ports_cleaning_activity_small_model,loan_ratio,50
ports_cleaning_activity_small_model,interest_rate,8
ports_cleaning_activity_small_model,loan_term_years,5
ports_cleaning_activity_medium_model,rent_monthly,15000
ports_cleaning_activity_medium_model,salaries_monthly,45000
ports_cleaning_activity_medium_model,marketing_monthly,6000
ports_cleaning_activity_medium_model,utilities_monthly,3000
ports_cleaning_activity_medium_model,insurance_monthly,2000
ports_cleaning_activity_medium_model,revenue_growth_rate,5
ports_cleaning_activity_medium_model,cogs_ratio,35
ports_cleaning_activity_medium_model,vat_rate,15
ports_cleaning_activity_medium_model,corporate_tax_rate,20
ports_cleaning_activity_medium_model,annual_depreciation_rate,10
ports_cleaning_activity_medium_model,working_capital_days,30
ports_cleaning_activity_medium_model,discount_rate,10
ports_cleaning_activity_medium_model,loan_ratio,50
ports_cleaning_activity_medium_model,interest_rate,8
ports_cleaning_activity_medium_model,loan_term_years,5
ports_cleaning_activity_large_model,rent_monthly,40000
ports_cleaning_activity_large_model,salaries_monthly,120000
ports_cleaning_activity_large_model,marketing_monthly,18000
ports_cleaning_activity_large_model,utilities_monthly,8000
ports_cleaning_activity_large_model,insurance_monthly,5000
ports_cleaning_activity_large_model,revenue_growth_rate,5
ports_cleaning_activity_large_model,cogs_ratio,35
ports_cleaning_activity_large_model,vat_rate,15
ports_cleaning_activity_large_model,corporate_tax_rate,20
ports_cleaning_activity_large_model,annual_depreciation_rate,10
ports_cleaning_activity_large_model,working_capital_days,30
ports_cleaning_activity_large_model,discount_rate,10
ports_cleaning_activity_large_model,loan_ratio,50
ports_cleaning_activity_large_model,interest_rate,8
ports_cleaning_activity_large_model,loan_term_years,5
ports_security_activity_small_model,rent_monthly,5000
ports_security_activity_small_model,salaries_monthly,15000
ports_security_activity_small_model,marketing_monthly,2000
ports_security_activity_small_model,utilities_monthly,1000
ports_security_activity_small_model,insurance_monthly,800
ports_security_activity_small_model,revenue_growth_rate,5
ports_security_activity_small_model,cogs_ratio,35
ports_security_activity_small_model,vat_rate,15
ports_security_activity_small_model,corporate_tax_rate,20
ports_security_activity_small_model,annual_depreciation_rate,10
ports_security_activity_small_model,working_capital_days,30
ports_security_activity_small_model,discount_rate,10
ports_security_activity_small_model,loan_ratio,50
ports_security_activity_small_model,interest_rate,8
ports_security_activity_small_model,loan_term_years,5
ports_security_activity_medium_model,rent_monthly,15000
ports_security_activity_medium_model,salaries_monthly,45000
ports_security_activity_medium_model,marketing_monthly,6000
ports_security_activity_medium_model,utilities_monthly,3000
ports_security_activity_medium_model,insurance_monthly,2000
ports_security_activity_medium_model,revenue_growth_rate,5
ports_security_activity_medium_model,cogs_ratio,35
ports_security_activity_medium_model,vat_rate,15
ports_security_activity_medium_model,corporate_tax_rate,20
ports_security_activity_medium_model,annual_depreciation_rate,10
ports_security_activity_medium_model,working_capital_days,30
ports_security_activity_medium_model,discount_rate,10
ports_security_activity_medium_model,loan_ratio,50
ports_security_activity_medium_model,interest_rate,8
ports_security_activity_medium_model,loan_term_years,5
ports_security_activity_large_model,rent_monthly,40000
ports_security_activity_large_model,salaries_monthly,120000
ports_security_activity_large_model,marketing_monthly,18000
ports_security_activity_large_model,utilities_monthly,8000
ports_security_activity_large_model,insurance_monthly,5000
ports_security_activity_large_model,revenue_growth_rate,5
ports_security_activity_large_model,cogs_ratio,35
ports_security_activity_large_model,vat_rate,15
ports_security_activity_large_model,corporate_tax_rate,20
ports_security_activity_large_model,annual_depreciation_rate,10
ports_security_activity_large_model,working_capital_days,30
ports_security_activity_large_model,discount_rate,10
ports_security_activity_large_model,loan_ratio,50
ports_security_activity_large_model,interest_rate,8
ports_security_activity_large_model,loan_term_years,5
aviation_consulting_activity_small_model,rent_monthly,5000
aviation_consulting_activity_small_model,salaries_monthly,15000
aviation_consulting_activity_small_model,marketing_monthly,2000
aviation_consulting_activity_small_model,utilities_monthly,1000
aviation_consulting_activity_small_model,insurance_monthly,800
aviation_consulting_activity_small_model,revenue_growth_rate,5
aviation_consulting_activity_small_model,cogs_ratio,35
aviation_consulting_activity_small_model,vat_rate,15
aviation_consulting_activity_small_model,corporate_tax_rate,20
aviation_consulting_activity_small_model,annual_depreciation_rate,10
aviation_consulting_activity_small_model,working_capital_days,30
aviation_consulting_activity_small_model,discount_rate,10
aviation_consulting_activity_small_model,loan_ratio,50
aviation_consulting_activity_small_model,interest_rate,8
aviation_consulting_activity_small_model,loan_term_years,5
aviation_consulting_activity_medium_model,rent_monthly,15000
aviation_consulting_activity_medium_model,salaries_monthly,45000
aviation_consulting_activity_medium_model,marketing_monthly,6000
aviation_consulting_activity_medium_model,utilities_monthly,3000
aviation_consulting_activity_medium_model,insurance_monthly,2000
aviation_consulting_activity_medium_model,revenue_growth_rate,5
aviation_consulting_activity_medium_model,cogs_ratio,35
aviation_consulting_activity_medium_model,vat_rate,15
aviation_consulting_activity_medium_model,corporate_tax_rate,20
aviation_consulting_activity_medium_model,annual_depreciation_rate,10
aviation_consulting_activity_medium_model,working_capital_days,30
aviation_consulting_activity_medium_model,discount_rate,10
aviation_consulting_activity_medium_model,loan_ratio,50
aviation_consulting_activity_medium_model,interest_rate,8
aviation_consulting_activity_medium_model,loan_term_years,5
aviation_consulting_activity_large_model,rent_monthly,40000
aviation_consulting_activity_large_model,salaries_monthly,120000
aviation_consulting_activity_large_model,marketing_monthly,18000
aviation_consulting_activity_large_model,utilities_monthly,8000
aviation_consulting_activity_large_model,insurance_monthly,5000
aviation_consulting_activity_large_model,revenue_growth_rate,5
aviation_consulting_activity_large_model,cogs_ratio,35
aviation_consulting_activity_large_model,vat_rate,15
aviation_consulting_activity_large_model,corporate_tax_rate,20
aviation_consulting_activity_large_model,annual_depreciation_rate,10
aviation_consulting_activity_large_model,working_capital_days,30
aviation_consulting_activity_large_model,discount_rate,10
aviation_consulting_activity_large_model,loan_ratio,50
aviation_consulting_activity_large_model,interest_rate,8
aviation_consulting_activity_large_model,loan_term_years,5
aviation_maintenance_activity_small_model,rent_monthly,5000
aviation_maintenance_activity_small_model,salaries_monthly,15000
aviation_maintenance_activity_small_model,marketing_monthly,2000
aviation_maintenance_activity_small_model,utilities_monthly,1000
aviation_maintenance_activity_small_model,insurance_monthly,800
aviation_maintenance_activity_small_model,revenue_growth_rate,5
aviation_maintenance_activity_small_model,cogs_ratio,35
aviation_maintenance_activity_small_model,vat_rate,15
aviation_maintenance_activity_small_model,corporate_tax_rate,20
aviation_maintenance_activity_small_model,annual_depreciation_rate,10
aviation_maintenance_activity_small_model,working_capital_days,30
aviation_maintenance_activity_small_model,discount_rate,10
aviation_maintenance_activity_small_model,loan_ratio,50
aviation_maintenance_activity_small_model,interest_rate,8
aviation_maintenance_activity_small_model,loan_term_years,5
aviation_maintenance_activity_medium_model,rent_monthly,15000
aviation_maintenance_activity_medium_model,salaries_monthly,45000
aviation_maintenance_activity_medium_model,marketing_monthly,6000
aviation_maintenance_activity_medium_model,utilities_monthly,3000
aviation_maintenance_activity_medium_model,insurance_monthly,2000
aviation_maintenance_activity_medium_model,revenue_growth_rate,5
aviation_maintenance_activity_medium_model,cogs_ratio,35
aviation_maintenance_activity_medium_model,vat_rate,15
aviation_maintenance_activity_medium_model,corporate_tax_rate,20
aviation_maintenance_activity_medium_model,annual_depreciation_rate,10
aviation_maintenance_activity_medium_model,working_capital_days,30
aviation_maintenance_activity_medium_model,discount_rate,10
aviation_maintenance_activity_medium_model,loan_ratio,50
aviation_maintenance_activity_medium_model,interest_rate,8
aviation_maintenance_activity_medium_model,loan_term_years,5
aviation_maintenance_activity_large_model,rent_monthly,40000
aviation_maintenance_activity_large_model,salaries_monthly,120000
aviation_maintenance_activity_large_model,marketing_monthly,18000
aviation_maintenance_activity_large_model,utilities_monthly,8000
aviation_maintenance_activity_large_model,insurance_monthly,5000
aviation_maintenance_activity_large_model,revenue_growth_rate,5
aviation_maintenance_activity_large_model,cogs_ratio,35
aviation_maintenance_activity_large_model,vat_rate,15
aviation_maintenance_activity_large_model,corporate_tax_rate,20
aviation_maintenance_activity_large_model,annual_depreciation_rate,10
aviation_maintenance_activity_large_model,working_capital_days,30
aviation_maintenance_activity_large_model,discount_rate,10
aviation_maintenance_activity_large_model,loan_ratio,50
aviation_maintenance_activity_large_model,interest_rate,8
aviation_maintenance_activity_large_model,loan_term_years,5
aviation_cleaning_activity_small_model,rent_monthly,5000
aviation_cleaning_activity_small_model,salaries_monthly,15000
aviation_cleaning_activity_small_model,marketing_monthly,2000
aviation_cleaning_activity_small_model,utilities_monthly,1000
aviation_cleaning_activity_small_model,insurance_monthly,800
aviation_cleaning_activity_small_model,revenue_growth_rate,5
aviation_cleaning_activity_small_model,cogs_ratio,35
aviation_cleaning_activity_small_model,vat_rate,15
aviation_cleaning_activity_small_model,corporate_tax_rate,20
aviation_cleaning_activity_small_model,annual_depreciation_rate,10
aviation_cleaning_activity_small_model,working_capital_days,30
aviation_cleaning_activity_small_model,discount_rate,10
aviation_cleaning_activity_small_model,loan_ratio,50
aviation_cleaning_activity_small_model,interest_rate,8
aviation_cleaning_activity_small_model,loan_term_years,5
aviation_cleaning_activity_medium_model,rent_monthly,15000
aviation_cleaning_activity_medium_model,salaries_monthly,45000
aviation_cleaning_activity_medium_model,marketing_monthly,6000
aviation_cleaning_activity_medium_model,utilities_monthly,3000
aviation_cleaning_activity_medium_model,insurance_monthly,2000
aviation_cleaning_activity_medium_model,revenue_growth_rate,5
aviation_cleaning_activity_medium_model,cogs_ratio,35
aviation_cleaning_activity_medium_model,vat_rate,15
aviation_cleaning_activity_medium_model,corporate_tax_rate,20
aviation_cleaning_activity_medium_model,annual_depreciation_rate,10
aviation_cleaning_activity_medium_model,working_capital_days,30
aviation_cleaning_activity_medium_model,discount_rate,10
aviation_cleaning_activity_medium_model,loan_ratio,50
aviation_cleaning_activity_medium_model,interest_rate,8
aviation_cleaning_activity_medium_model,loan_term_years,5
aviation_cleaning_activity_large_model,rent_monthly,40000
aviation_cleaning_activity_large_model,salaries_monthly,120000
aviation_cleaning_activity_large_model,marketing_monthly,18000
aviation_cleaning_activity_large_model,utilities_monthly,8000
aviation_cleaning_activity_large_model,insurance_monthly,5000
aviation_cleaning_activity_large_model,revenue_growth_rate,5
aviation_cleaning_activity_large_model,cogs_ratio,35
aviation_cleaning_activity_large_model,vat_rate,15
aviation_cleaning_activity_large_model,corporate_tax_rate,20
aviation_cleaning_activity_large_model,annual_depreciation_rate,10
aviation_cleaning_activity_large_model,working_capital_days,30
aviation_cleaning_activity_large_model,discount_rate,10
aviation_cleaning_activity_large_model,loan_ratio,50
aviation_cleaning_activity_large_model,interest_rate,8
aviation_cleaning_activity_large_model,loan_term_years,5
aviation_security_activity_small_model,rent_monthly,5000
aviation_security_activity_small_model,salaries_monthly,15000
aviation_security_activity_small_model,marketing_monthly,2000
aviation_security_activity_small_model,utilities_monthly,1000
aviation_security_activity_small_model,insurance_monthly,800
aviation_security_activity_small_model,revenue_growth_rate,5
aviation_security_activity_small_model,cogs_ratio,35
aviation_security_activity_small_model,vat_rate,15
aviation_security_activity_small_model,corporate_tax_rate,20
aviation_security_activity_small_model,annual_depreciation_rate,10
aviation_security_activity_small_model,working_capital_days,30
aviation_security_activity_small_model,discount_rate,10
aviation_security_activity_small_model,loan_ratio,50
aviation_security_activity_small_model,interest_rate,8
aviation_security_activity_small_model,loan_term_years,5
aviation_security_activity_medium_model,rent_monthly,15000
aviation_security_activity_medium_model,salaries_monthly,45000
aviation_security_activity_medium_model,marketing_monthly,6000
aviation_security_activity_medium_model,utilities_monthly,3000
aviation_security_activity_medium_model,insurance_monthly,2000
aviation_security_activity_medium_model,revenue_growth_rate,5
aviation_security_activity_medium_model,cogs_ratio,35
aviation_security_activity_medium_model,vat_rate,15
aviation_security_activity_medium_model,corporate_tax_rate,20
aviation_security_activity_medium_model,annual_depreciation_rate,10
aviation_security_activity_medium_model,working_capital_days,30
aviation_security_activity_medium_model,discount_rate,10
aviation_security_activity_medium_model,loan_ratio,50
aviation_security_activity_medium_model,interest_rate,8
aviation_security_activity_medium_model,loan_term_years,5
aviation_security_activity_large_model,rent_monthly,40000
aviation_security_activity_large_model,salaries_monthly,120000
aviation_security_activity_large_model,marketing_monthly,18000
aviation_security_activity_large_model,utilities_monthly,8000
aviation_security_activity_large_model,insurance_monthly,5000
aviation_security_activity_large_model,revenue_growth_rate,5
aviation_security_activity_large_model,cogs_ratio,35
aviation_security_activity_large_model,vat_rate,15
aviation_security_activity_large_model,corporate_tax_rate,20
aviation_security_activity_large_model,annual_depreciation_rate,10
aviation_security_activity_large_model,working_capital_days,30
aviation_security_activity_large_model,discount_rate,10
aviation_security_activity_large_model,loan_ratio,50
aviation_security_activity_large_model,interest_rate,8
aviation_security_activity_large_model,loan_term_years,5
private_aviation_consulting_activity_small_model,rent_monthly,5000
private_aviation_consulting_activity_small_model,salaries_monthly,15000
private_aviation_consulting_activity_small_model,marketing_monthly,2000
private_aviation_consulting_activity_small_model,utilities_monthly,1000
private_aviation_consulting_activity_small_model,insurance_monthly,800
private_aviation_consulting_activity_small_model,revenue_growth_rate,5
private_aviation_consulting_activity_small_model,cogs_ratio,35
private_aviation_consulting_activity_small_model,vat_rate,15
private_aviation_consulting_activity_small_model,corporate_tax_rate,20
private_aviation_consulting_activity_small_model,annual_depreciation_rate,10
private_aviation_consulting_activity_small_model,working_capital_days,30
private_aviation_consulting_activity_small_model,discount_rate,10
private_aviation_consulting_activity_small_model,loan_ratio,50
private_aviation_consulting_activity_small_model,interest_rate,8
private_aviation_consulting_activity_small_model,loan_term_years,5
private_aviation_consulting_activity_medium_model,rent_monthly,15000
private_aviation_consulting_activity_medium_model,salaries_monthly,45000
private_aviation_consulting_activity_medium_model,marketing_monthly,6000
private_aviation_consulting_activity_medium_model,utilities_monthly,3000
private_aviation_consulting_activity_medium_model,insurance_monthly,2000
private_aviation_consulting_activity_medium_model,revenue_growth_rate,5
private_aviation_consulting_activity_medium_model,cogs_ratio,35
private_aviation_consulting_activity_medium_model,vat_rate,15
private_aviation_consulting_activity_medium_model,corporate_tax_rate,20
private_aviation_consulting_activity_medium_model,annual_depreciation_rate,10
private_aviation_consulting_activity_medium_model,working_capital_days,30
private_aviation_consulting_activity_medium_model,discount_rate,10
private_aviation_consulting_activity_medium_model,loan_ratio,50
private_aviation_consulting_activity_medium_model,interest_rate,8
private_aviation_consulting_activity_medium_model,loan_term_years,5
private_aviation_consulting_activity_large_model,rent_monthly,40000
private_aviation_consulting_activity_large_model,salaries_monthly,120000
private_aviation_consulting_activity_large_model,marketing_monthly,18000
private_aviation_consulting_activity_large_model,utilities_monthly,8000
private_aviation_consulting_activity_large_model,insurance_monthly,5000
private_aviation_consulting_activity_large_model,revenue_growth_rate,5
private_aviation_consulting_activity_large_model,cogs_ratio,35
private_aviation_consulting_activity_large_model,vat_rate,15
private_aviation_consulting_activity_large_model,corporate_tax_rate,20
private_aviation_consulting_activity_large_model,annual_depreciation_rate,10
private_aviation_consulting_activity_large_model,working_capital_days,30
private_aviation_consulting_activity_large_model,discount_rate,10
private_aviation_consulting_activity_large_model,loan_ratio,50
private_aviation_consulting_activity_large_model,interest_rate,8
private_aviation_consulting_activity_large_model,loan_term_years,5
private_aviation_maintenance_activity_small_model,rent_monthly,5000
private_aviation_maintenance_activity_small_model,salaries_monthly,15000
private_aviation_maintenance_activity_small_model,marketing_monthly,2000
private_aviation_maintenance_activity_small_model,utilities_monthly,1000
private_aviation_maintenance_activity_small_model,insurance_monthly,800
private_aviation_maintenance_activity_small_model,revenue_growth_rate,5
private_aviation_maintenance_activity_small_model,cogs_ratio,35
private_aviation_maintenance_activity_small_model,vat_rate,15
private_aviation_maintenance_activity_small_model,corporate_tax_rate,20
private_aviation_maintenance_activity_small_model,annual_depreciation_rate,10
private_aviation_maintenance_activity_small_model,working_capital_days,30
private_aviation_maintenance_activity_small_model,discount_rate,10
private_aviation_maintenance_activity_small_model,loan_ratio,50
private_aviation_maintenance_activity_small_model,interest_rate,8
private_aviation_maintenance_activity_small_model,loan_term_years,5
private_aviation_maintenance_activity_medium_model,rent_monthly,15000
private_aviation_maintenance_activity_medium_model,salaries_monthly,45000
private_aviation_maintenance_activity_medium_model,marketing_monthly,6000
private_aviation_maintenance_activity_medium_model,utilities_monthly,3000
private_aviation_maintenance_activity_medium_model,insurance_monthly,2000
private_aviation_maintenance_activity_medium_model,revenue_growth_rate,5
private_aviation_maintenance_activity_medium_model,cogs_ratio,35
private_aviation_maintenance_activity_medium_model,vat_rate,15
private_aviation_maintenance_activity_medium_model,corporate_tax_rate,20
private_aviation_maintenance_activity_medium_model,annual_depreciation_rate,10
private_aviation_maintenance_activity_medium_model,working_capital_days,30
private_aviation_maintenance_activity_medium_model,discount_rate,10
private_aviation_maintenance_activity_medium_model,loan_ratio,50
private_aviation_maintenance_activity_medium_model,interest_rate,8
private_aviation_maintenance_activity_medium_model,loan_term_years,5
private_aviation_maintenance_activity_large_model,rent_monthly,40000
private_aviation_maintenance_activity_large_model,salaries_monthly,120000
private_aviation_maintenance_activity_large_model,marketing_monthly,18000
private_aviation_maintenance_activity_large_model,utilities_monthly,8000
private_aviation_maintenance_activity_large_model,insurance_monthly,5000
private_aviation_maintenance_activity_large_model,revenue_growth_rate,5
private_aviation_maintenance_activity_large_model,cogs_ratio,35
private_aviation_maintenance_activity_large_model,vat_rate,15
private_aviation_maintenance_activity_large_model,corporate_tax_rate,20
private_aviation_maintenance_activity_large_model,annual_depreciation_rate,10
private_aviation_maintenance_activity_large_model,working_capital_days,30
private_aviation_maintenance_activity_large_model,discount_rate,10
private_aviation_maintenance_activity_large_model,loan_ratio,50
private_aviation_maintenance_activity_large_model,interest_rate,8
private_aviation_maintenance_activity_large_model,loan_term_years,5
private_aviation_cleaning_activity_small_model,rent_monthly,5000
private_aviation_cleaning_activity_small_model,salaries_monthly,15000
private_aviation_cleaning_activity_small_model,marketing_monthly,2000
private_aviation_cleaning_activity_small_model,utilities_monthly,1000
private_aviation_cleaning_activity_small_model,insurance_monthly,800
private_aviation_cleaning_activity_small_model,revenue_growth_rate,5
private_aviation_cleaning_activity_small_model,cogs_ratio,35
private_aviation_cleaning_activity_small_model,vat_rate,15
private_aviation_cleaning_activity_small_model,corporate_tax_rate,20
private_aviation_cleaning_activity_small_model,annual_depreciation_rate,10
private_aviation_cleaning_activity_small_model,working_capital_days,30
private_aviation_cleaning_activity_small_model,discount_rate,10
private_aviation_cleaning_activity_small_model,loan_ratio,50
private_aviation_cleaning_activity_small_model,interest_rate,8
private_aviation_cleaning_activity_small_model,loan_term_years,5
private_aviation_cleaning_activity_medium_model,rent_monthly,15000
private_aviation_cleaning_activity_medium_model,salaries_monthly,45000
private_aviation_cleaning_activity_medium_model,marketing_monthly,6000
private_aviation_cleaning_activity_medium_model,utilities_monthly,3000
private_aviation_cleaning_activity_medium_model,insurance_monthly,2000
private_aviation_cleaning_activity_medium_model,revenue_growth_rate,5
private_aviation_cleaning_activity_medium_model,cogs_ratio,35
private_aviation_cleaning_activity_medium_model,vat_rate,15
private_aviation_cleaning_activity_medium_model,corporate_tax_rate,20
private_aviation_cleaning_activity_medium_model,annual_depreciation_rate,10
private_aviation_cleaning_activity_medium_model,working_capital_days,30
private_aviation_cleaning_activity_medium_model,discount_rate,10
private_aviation_cleaning_activity_medium_model,loan_ratio,50
private_aviation_cleaning_activity_medium_model,interest_rate,8
private_aviation_cleaning_activity_medium_model,loan_term_years,5
private_aviation_cleaning_activity_large_model,rent_monthly,40000
private_aviation_cleaning_activity_large_model,salaries_monthly,120000
private_aviation_cleaning_activity_large_model,marketing_monthly,18000
private_aviation_cleaning_activity_large_model,utilities_monthly,8000
private_aviation_cleaning_activity_large_model,insurance_monthly,5000
private_aviation_cleaning_activity_large_model,revenue_growth_rate,5
private_aviation_cleaning_activity_large_model,cogs_ratio,35
private_aviation_cleaning_activity_large_model,vat_rate,15
private_aviation_cleaning_activity_large_model,corporate_tax_rate,20
private_aviation_cleaning_activity_large_model,annual_depreciation_rate,10
private_aviation_cleaning_activity_large_model,working_capital_days,30
private_aviation_cleaning_activity_large_model,discount_rate,10
private_aviation_cleaning_activity_large_model,loan_ratio,50
private_aviation_cleaning_activity_large_model,interest_rate,8
private_aviation_cleaning_activity_large_model,loan_term_years,5
private_aviation_security_activity_small_model,rent_monthly,5000
private_aviation_security_activity_small_model,salaries_monthly,15000
private_aviation_security_activity_small_model,marketing_monthly,2000
private_aviation_security_activity_small_model,utilities_monthly,1000
private_aviation_security_activity_small_model,insurance_monthly,800
private_aviation_security_activity_small_model,revenue_growth_rate,5
private_aviation_security_activity_small_model,cogs_ratio,35
private_aviation_security_activity_small_model,vat_rate,15
private_aviation_security_activity_small_model,corporate_tax_rate,20
private_aviation_security_activity_small_model,annual_depreciation_rate,10
private_aviation_security_activity_small_model,working_capital_days,30
private_aviation_security_activity_small_model,discount_rate,10
private_aviation_security_activity_small_model,loan_ratio,50
private_aviation_security_activity_small_model,interest_rate,8
private_aviation_security_activity_small_model,loan_term_years,5
private_aviation_security_activity_medium_model,rent_monthly,15000
private_aviation_security_activity_medium_model,salaries_monthly,45000
private_aviation_security_activity_medium_model,marketing_monthly,6000
private_aviation_security_activity_medium_model,utilities_monthly,3000
private_aviation_security_activity_medium_model,insurance_monthly,2000
private_aviation_security_activity_medium_model,revenue_growth_rate,5
private_aviation_security_activity_medium_model,cogs_ratio,35
private_aviation_security_activity_medium_model,vat_rate,15
private_aviation_security_activity_medium_model,corporate_tax_rate,20
private_aviation_security_activity_medium_model,annual_depreciation_rate,10
private_aviation_security_activity_medium_model,working_capital_days,30
private_aviation_security_activity_medium_model,discount_rate,10
private_aviation_security_activity_medium_model,loan_ratio,50
private_aviation_security_activity_medium_model,interest_rate,8
private_aviation_security_activity_medium_model,loan_term_years,5
private_aviation_security_activity_large_model,rent_monthly,40000
private_aviation_security_activity_large_model,salaries_monthly,120000
private_aviation_security_activity_large_model,marketing_monthly,18000
private_aviation_security_activity_large_model,utilities_monthly,8000
private_aviation_security_activity_large_model,insurance_monthly,5000
private_aviation_security_activity_large_model,revenue_growth_rate,5
private_aviation_security_activity_large_model,cogs_ratio,35
private_aviation_security_activity_large_model,vat_rate,15
private_aviation_security_activity_large_model,corporate_tax_rate,20
private_aviation_security_activity_large_model,annual_depreciation_rate,10
private_aviation_security_activity_large_model,working_capital_days,30
private_aviation_security_activity_large_model,discount_rate,10
private_aviation_security_activity_large_model,loan_ratio,50
private_aviation_security_activity_large_model,interest_rate,8
private_aviation_security_activity_large_model,loan_term_years,5
hajj_umrah_consulting_activity_small_model,rent_monthly,5000
hajj_umrah_consulting_activity_small_model,salaries_monthly,15000
hajj_umrah_consulting_activity_small_model,marketing_monthly,2000
hajj_umrah_consulting_activity_small_model,utilities_monthly,1000
hajj_umrah_consulting_activity_small_model,insurance_monthly,800
hajj_umrah_consulting_activity_small_model,revenue_growth_rate,5
hajj_umrah_consulting_activity_small_model,cogs_ratio,35
hajj_umrah_consulting_activity_small_model,vat_rate,15
hajj_umrah_consulting_activity_small_model,corporate_tax_rate,20
hajj_umrah_consulting_activity_small_model,annual_depreciation_rate,10
hajj_umrah_consulting_activity_small_model,working_capital_days,30
hajj_umrah_consulting_activity_small_model,discount_rate,10
hajj_umrah_consulting_activity_small_model,loan_ratio,50
hajj_umrah_consulting_activity_small_model,interest_rate,8
hajj_umrah_consulting_activity_small_model,loan_term_years,5
hajj_umrah_consulting_activity_medium_model,rent_monthly,15000
hajj_umrah_consulting_activity_medium_model,salaries_monthly,45000
hajj_umrah_consulting_activity_medium_model,marketing_monthly,6000
hajj_umrah_consulting_activity_medium_model,utilities_monthly,3000
hajj_umrah_consulting_activity_medium_model,insurance_monthly,2000
hajj_umrah_consulting_activity_medium_model,revenue_growth_rate,5
hajj_umrah_consulting_activity_medium_model,cogs_ratio,35
hajj_umrah_consulting_activity_medium_model,vat_rate,15
hajj_umrah_consulting_activity_medium_model,corporate_tax_rate,20
hajj_umrah_consulting_activity_medium_model,annual_depreciation_rate,10
hajj_umrah_consulting_activity_medium_model,working_capital_days,30
hajj_umrah_consulting_activity_medium_model,discount_rate,10
hajj_umrah_consulting_activity_medium_model,loan_ratio,50
hajj_umrah_consulting_activity_medium_model,interest_rate,8
hajj_umrah_consulting_activity_medium_model,loan_term_years,5
hajj_umrah_consulting_activity_large_model,rent_monthly,40000
hajj_umrah_consulting_activity_large_model,salaries_monthly,120000
hajj_umrah_consulting_activity_large_model,marketing_monthly,18000
hajj_umrah_consulting_activity_large_model,utilities_monthly,8000
hajj_umrah_consulting_activity_large_model,insurance_monthly,5000
hajj_umrah_consulting_activity_large_model,revenue_growth_rate,5
hajj_umrah_consulting_activity_large_model,cogs_ratio,35
hajj_umrah_consulting_activity_large_model,vat_rate,15
hajj_umrah_consulting_activity_large_model,corporate_tax_rate,20
hajj_umrah_consulting_activity_large_model,annual_depreciation_rate,10
hajj_umrah_consulting_activity_large_model,working_capital_days,30
hajj_umrah_consulting_activity_large_model,discount_rate,10
hajj_umrah_consulting_activity_large_model,loan_ratio,50
hajj_umrah_consulting_activity_large_model,interest_rate,8
hajj_umrah_consulting_activity_large_model,loan_term_years,5
hajj_umrah_maintenance_activity_small_model,rent_monthly,5000
hajj_umrah_maintenance_activity_small_model,salaries_monthly,15000
hajj_umrah_maintenance_activity_small_model,marketing_monthly,2000
hajj_umrah_maintenance_activity_small_model,utilities_monthly,1000
hajj_umrah_maintenance_activity_small_model,insurance_monthly,800
hajj_umrah_maintenance_activity_small_model,revenue_growth_rate,5
hajj_umrah_maintenance_activity_small_model,cogs_ratio,35
hajj_umrah_maintenance_activity_small_model,vat_rate,15
hajj_umrah_maintenance_activity_small_model,corporate_tax_rate,20
hajj_umrah_maintenance_activity_small_model,annual_depreciation_rate,10
hajj_umrah_maintenance_activity_small_model,working_capital_days,30
hajj_umrah_maintenance_activity_small_model,discount_rate,10
hajj_umrah_maintenance_activity_small_model,loan_ratio,50
hajj_umrah_maintenance_activity_small_model,interest_rate,8
hajj_umrah_maintenance_activity_small_model,loan_term_years,5
hajj_umrah_maintenance_activity_medium_model,rent_monthly,15000
hajj_umrah_maintenance_activity_medium_model,salaries_monthly,45000
hajj_umrah_maintenance_activity_medium_model,marketing_monthly,6000
hajj_umrah_maintenance_activity_medium_model,utilities_monthly,3000
hajj_umrah_maintenance_activity_medium_model,insurance_monthly,2000
hajj_umrah_maintenance_activity_medium_model,revenue_growth_rate,5
hajj_umrah_maintenance_activity_medium_model,cogs_ratio,35
hajj_umrah_maintenance_activity_medium_model,vat_rate,15
hajj_umrah_maintenance_activity_medium_model,corporate_tax_rate,20
hajj_umrah_maintenance_activity_medium_model,annual_depreciation_rate,10
hajj_umrah_maintenance_activity_medium_model,working_capital_days,30
hajj_umrah_maintenance_activity_medium_model,discount_rate,10
hajj_umrah_maintenance_activity_medium_model,loan_ratio,50
hajj_umrah_maintenance_activity_medium_model,interest_rate,8
hajj_umrah_maintenance_activity_medium_model,loan_term_years,5
hajj_umrah_maintenance_activity_large_model,rent_monthly,40000
hajj_umrah_maintenance_activity_large_model,salaries_monthly,120000
hajj_umrah_maintenance_activity_large_model,marketing_monthly,18000
hajj_umrah_maintenance_activity_large_model,utilities_monthly,8000
hajj_umrah_maintenance_activity_large_model,insurance_monthly,5000
hajj_umrah_maintenance_activity_large_model,revenue_growth_rate,5
hajj_umrah_maintenance_activity_large_model,cogs_ratio,35
hajj_umrah_maintenance_activity_large_model,vat_rate,15
hajj_umrah_maintenance_activity_large_model,corporate_tax_rate,20
hajj_umrah_maintenance_activity_large_model,annual_depreciation_rate,10
hajj_umrah_maintenance_activity_large_model,working_capital_days,30
hajj_umrah_maintenance_activity_large_model,discount_rate,10
hajj_umrah_maintenance_activity_large_model,loan_ratio,50
hajj_umrah_maintenance_activity_large_model,interest_rate,8
hajj_umrah_maintenance_activity_large_model,loan_term_years,5
hajj_umrah_cleaning_activity_small_model,rent_monthly,5000
hajj_umrah_cleaning_activity_small_model,salaries_monthly,15000
hajj_umrah_cleaning_activity_small_model,marketing_monthly,2000
hajj_umrah_cleaning_activity_small_model,utilities_monthly,1000
hajj_umrah_cleaning_activity_small_model,insurance_monthly,800
hajj_umrah_cleaning_activity_small_model,revenue_growth_rate,5
hajj_umrah_cleaning_activity_small_model,cogs_ratio,35
hajj_umrah_cleaning_activity_small_model,vat_rate,15
hajj_umrah_cleaning_activity_small_model,corporate_tax_rate,20
hajj_umrah_cleaning_activity_small_model,annual_depreciation_rate,10
hajj_umrah_cleaning_activity_small_model,working_capital_days,30
hajj_umrah_cleaning_activity_small_model,discount_rate,10
hajj_umrah_cleaning_activity_small_model,loan_ratio,50
hajj_umrah_cleaning_activity_small_model,interest_rate,8
hajj_umrah_cleaning_activity_small_model,loan_term_years,5
hajj_umrah_cleaning_activity_medium_model,rent_monthly,15000
hajj_umrah_cleaning_activity_medium_model,salaries_monthly,45000
hajj_umrah_cleaning_activity_medium_model,marketing_monthly,6000
hajj_umrah_cleaning_activity_medium_model,utilities_monthly,3000
hajj_umrah_cleaning_activity_medium_model,insurance_monthly,2000
hajj_umrah_cleaning_activity_medium_model,revenue_growth_rate,5
hajj_umrah_cleaning_activity_medium_model,cogs_ratio,35
hajj_umrah_cleaning_activity_medium_model,vat_rate,15
hajj_umrah_cleaning_activity_medium_model,corporate_tax_rate,20
hajj_umrah_cleaning_activity_medium_model,annual_depreciation_rate,10
hajj_umrah_cleaning_activity_medium_model,working_capital_days,30
hajj_umrah_cleaning_activity_medium_model,discount_rate,10
hajj_umrah_cleaning_activity_medium_model,loan_ratio,50
hajj_umrah_cleaning_activity_medium_model,interest_rate,8
hajj_umrah_cleaning_activity_medium_model,loan_term_years,5
hajj_umrah_cleaning_activity_large_model,rent_monthly,40000
hajj_umrah_cleaning_activity_large_model,salaries_monthly,120000
hajj_umrah_cleaning_activity_large_model,marketing_monthly,18000
hajj_umrah_cleaning_activity_large_model,utilities_monthly,8000
hajj_umrah_cleaning_activity_large_model,insurance_monthly,5000
hajj_umrah_cleaning_activity_large_model,revenue_growth_rate,5
hajj_umrah_cleaning_activity_large_model,cogs_ratio,35
hajj_umrah_cleaning_activity_large_model,vat_rate,15
hajj_umrah_cleaning_activity_large_model,corporate_tax_rate,20
hajj_umrah_cleaning_activity_large_model,annual_depreciation_rate,10
hajj_umrah_cleaning_activity_large_model,working_capital_days,30
hajj_umrah_cleaning_activity_large_model,discount_rate,10
hajj_umrah_cleaning_activity_large_model,loan_ratio,50
hajj_umrah_cleaning_activity_large_model,interest_rate,8
hajj_umrah_cleaning_activity_large_model,loan_term_years,5
hajj_umrah_security_activity_small_model,rent_monthly,5000
hajj_umrah_security_activity_small_model,salaries_monthly,15000
hajj_umrah_security_activity_small_model,marketing_monthly,2000
hajj_umrah_security_activity_small_model,utilities_monthly,1000
hajj_umrah_security_activity_small_model,insurance_monthly,800
hajj_umrah_security_activity_small_model,revenue_growth_rate,5
hajj_umrah_security_activity_small_model,cogs_ratio,35
hajj_umrah_security_activity_small_model,vat_rate,15
hajj_umrah_security_activity_small_model,corporate_tax_rate,20
hajj_umrah_security_activity_small_model,annual_depreciation_rate,10
hajj_umrah_security_activity_small_model,working_capital_days,30
hajj_umrah_security_activity_small_model,discount_rate,10
hajj_umrah_security_activity_small_model,loan_ratio,50
hajj_umrah_security_activity_small_model,interest_rate,8
hajj_umrah_security_activity_small_model,loan_term_years,5
hajj_umrah_security_activity_medium_model,rent_monthly,15000
hajj_umrah_security_activity_medium_model,salaries_monthly,45000
hajj_umrah_security_activity_medium_model,marketing_monthly,6000
hajj_umrah_security_activity_medium_model,utilities_monthly,3000
hajj_umrah_security_activity_medium_model,insurance_monthly,2000
hajj_umrah_security_activity_medium_model,revenue_growth_rate,5
hajj_umrah_security_activity_medium_model,cogs_ratio,35
hajj_umrah_security_activity_medium_model,vat_rate,15
hajj_umrah_security_activity_medium_model,corporate_tax_rate,20
hajj_umrah_security_activity_medium_model,annual_depreciation_rate,10
hajj_umrah_security_activity_medium_model,working_capital_days,30
hajj_umrah_security_activity_medium_model,discount_rate,10
hajj_umrah_security_activity_medium_model,loan_ratio,50
hajj_umrah_security_activity_medium_model,interest_rate,8
hajj_umrah_security_activity_medium_model,loan_term_years,5
hajj_umrah_security_activity_large_model,rent_monthly,40000
hajj_umrah_security_activity_large_model,salaries_monthly,120000
hajj_umrah_security_activity_large_model,marketing_monthly,18000
hajj_umrah_security_activity_large_model,utilities_monthly,8000
hajj_umrah_security_activity_large_model,insurance_monthly,5000
hajj_umrah_security_activity_large_model,revenue_growth_rate,5
hajj_umrah_security_activity_large_model,cogs_ratio,35
hajj_umrah_security_activity_large_model,vat_rate,15
hajj_umrah_security_activity_large_model,corporate_tax_rate,20
hajj_umrah_security_activity_large_model,annual_depreciation_rate,10
hajj_umrah_security_activity_large_model,working_capital_days,30
hajj_umrah_security_activity_large_model,discount_rate,10
hajj_umrah_security_activity_large_model,loan_ratio,50
hajj_umrah_security_activity_large_model,interest_rate,8
hajj_umrah_security_activity_large_model,loan_term_years,5
tourism_events_activity_small_model,rent_monthly,5000
tourism_events_activity_small_model,salaries_monthly,15000
tourism_events_activity_small_model,marketing_monthly,2000
tourism_events_activity_small_model,utilities_monthly,1000
tourism_events_activity_small_model,insurance_monthly,800
tourism_events_activity_small_model,revenue_growth_rate,5
tourism_events_activity_small_model,cogs_ratio,35
tourism_events_activity_small_model,vat_rate,15
tourism_events_activity_small_model,corporate_tax_rate,20
tourism_events_activity_small_model,annual_depreciation_rate,10
tourism_events_activity_small_model,working_capital_days,30
tourism_events_activity_small_model,discount_rate,10
tourism_events_activity_small_model,loan_ratio,50
tourism_events_activity_small_model,interest_rate,8
tourism_events_activity_small_model,loan_term_years,5
tourism_events_activity_medium_model,rent_monthly,15000
tourism_events_activity_medium_model,salaries_monthly,45000
tourism_events_activity_medium_model,marketing_monthly,6000
tourism_events_activity_medium_model,utilities_monthly,3000
tourism_events_activity_medium_model,insurance_monthly,2000
tourism_events_activity_medium_model,revenue_growth_rate,5
tourism_events_activity_medium_model,cogs_ratio,35
tourism_events_activity_medium_model,vat_rate,15
tourism_events_activity_medium_model,corporate_tax_rate,20
tourism_events_activity_medium_model,annual_depreciation_rate,10
tourism_events_activity_medium_model,working_capital_days,30
tourism_events_activity_medium_model,discount_rate,10
tourism_events_activity_medium_model,loan_ratio,50
tourism_events_activity_medium_model,interest_rate,8
tourism_events_activity_medium_model,loan_term_years,5
tourism_events_activity_large_model,rent_monthly,40000
tourism_events_activity_large_model,salaries_monthly,120000
tourism_events_activity_large_model,marketing_monthly,18000
tourism_events_activity_large_model,utilities_monthly,8000
tourism_events_activity_large_model,insurance_monthly,5000
tourism_events_activity_large_model,revenue_growth_rate,5
tourism_events_activity_large_model,cogs_ratio,35
tourism_events_activity_large_model,vat_rate,15
tourism_events_activity_large_model,corporate_tax_rate,20
tourism_events_activity_large_model,annual_depreciation_rate,10
tourism_events_activity_large_model,working_capital_days,30
tourism_events_activity_large_model,discount_rate,10
tourism_events_activity_large_model,loan_ratio,50
tourism_events_activity_large_model,interest_rate,8
tourism_events_activity_large_model,loan_term_years,5
tourism_media_activity_small_model,rent_monthly,5000
tourism_media_activity_small_model,salaries_monthly,15000
tourism_media_activity_small_model,marketing_monthly,2000
tourism_media_activity_small_model,utilities_monthly,1000
tourism_media_activity_small_model,insurance_monthly,800
tourism_media_activity_small_model,revenue_growth_rate,5
tourism_media_activity_small_model,cogs_ratio,35
tourism_media_activity_small_model,vat_rate,15
tourism_media_activity_small_model,corporate_tax_rate,20
tourism_media_activity_small_model,annual_depreciation_rate,10
tourism_media_activity_small_model,working_capital_days,30
tourism_media_activity_small_model,discount_rate,10
tourism_media_activity_small_model,loan_ratio,50
tourism_media_activity_small_model,interest_rate,8
tourism_media_activity_small_model,loan_term_years,5
tourism_media_activity_medium_model,rent_monthly,15000
tourism_media_activity_medium_model,salaries_monthly,45000
tourism_media_activity_medium_model,marketing_monthly,6000
tourism_media_activity_medium_model,utilities_monthly,3000
tourism_media_activity_medium_model,insurance_monthly,2000
tourism_media_activity_medium_model,revenue_growth_rate,5
tourism_media_activity_medium_model,cogs_ratio,35
tourism_media_activity_medium_model,vat_rate,15
tourism_media_activity_medium_model,corporate_tax_rate,20
tourism_media_activity_medium_model,annual_depreciation_rate,10
tourism_media_activity_medium_model,working_capital_days,30
tourism_media_activity_medium_model,discount_rate,10
tourism_media_activity_medium_model,loan_ratio,50
tourism_media_activity_medium_model,interest_rate,8
tourism_media_activity_medium_model,loan_term_years,5
tourism_media_activity_large_model,rent_monthly,40000
tourism_media_activity_large_model,salaries_monthly,120000
tourism_media_activity_large_model,marketing_monthly,18000
tourism_media_activity_large_model,utilities_monthly,8000
tourism_media_activity_large_model,insurance_monthly,5000
tourism_media_activity_large_model,revenue_growth_rate,5
tourism_media_activity_large_model,cogs_ratio,35
tourism_media_activity_large_model,vat_rate,15
tourism_media_activity_large_model,corporate_tax_rate,20
tourism_media_activity_large_model,annual_depreciation_rate,10
tourism_media_activity_large_model,working_capital_days,30
tourism_media_activity_large_model,discount_rate,10
tourism_media_activity_large_model,loan_ratio,50
tourism_media_activity_large_model,interest_rate,8
tourism_media_activity_large_model,loan_term_years,5
tourism_sports_activity_small_model,rent_monthly,5000
tourism_sports_activity_small_model,salaries_monthly,15000
tourism_sports_activity_small_model,marketing_monthly,2000
tourism_sports_activity_small_model,utilities_monthly,1000
tourism_sports_activity_small_model,insurance_monthly,800
tourism_sports_activity_small_model,revenue_growth_rate,5
tourism_sports_activity_small_model,cogs_ratio,35
tourism_sports_activity_small_model,vat_rate,15
tourism_sports_activity_small_model,corporate_tax_rate,20
tourism_sports_activity_small_model,annual_depreciation_rate,10
tourism_sports_activity_small_model,working_capital_days,30
tourism_sports_activity_small_model,discount_rate,10
tourism_sports_activity_small_model,loan_ratio,50
tourism_sports_activity_small_model,interest_rate,8
tourism_sports_activity_small_model,loan_term_years,5
tourism_sports_activity_medium_model,rent_monthly,15000
tourism_sports_activity_medium_model,salaries_monthly,45000
tourism_sports_activity_medium_model,marketing_monthly,6000
tourism_sports_activity_medium_model,utilities_monthly,3000
tourism_sports_activity_medium_model,insurance_monthly,2000
tourism_sports_activity_medium_model,revenue_growth_rate,5
tourism_sports_activity_medium_model,cogs_ratio,35
tourism_sports_activity_medium_model,vat_rate,15
tourism_sports_activity_medium_model,corporate_tax_rate,20
tourism_sports_activity_medium_model,annual_depreciation_rate,10
tourism_sports_activity_medium_model,working_capital_days,30
tourism_sports_activity_medium_model,discount_rate,10
tourism_sports_activity_medium_model,loan_ratio,50
tourism_sports_activity_medium_model,interest_rate,8
tourism_sports_activity_medium_model,loan_term_years,5
tourism_sports_activity_large_model,rent_monthly,40000
tourism_sports_activity_large_model,salaries_monthly,120000
tourism_sports_activity_large_model,marketing_monthly,18000
tourism_sports_activity_large_model,utilities_monthly,8000
tourism_sports_activity_large_model,insurance_monthly,5000
tourism_sports_activity_large_model,revenue_growth_rate,5
tourism_sports_activity_large_model,cogs_ratio,35
tourism_sports_activity_large_model,vat_rate,15
tourism_sports_activity_large_model,corporate_tax_rate,20
tourism_sports_activity_large_model,annual_depreciation_rate,10
tourism_sports_activity_large_model,working_capital_days,30
tourism_sports_activity_large_model,discount_rate,10
tourism_sports_activity_large_model,loan_ratio,50
tourism_sports_activity_large_model,interest_rate,8
tourism_sports_activity_large_model,loan_term_years,5
tourism_tourism_activity_small_model,rent_monthly,5000
tourism_tourism_activity_small_model,salaries_monthly,15000
tourism_tourism_activity_small_model,marketing_monthly,2000
tourism_tourism_activity_small_model,utilities_monthly,1000
tourism_tourism_activity_small_model,insurance_monthly,800
tourism_tourism_activity_small_model,revenue_growth_rate,5
tourism_tourism_activity_small_model,cogs_ratio,35
tourism_tourism_activity_small_model,vat_rate,15
tourism_tourism_activity_small_model,corporate_tax_rate,20
tourism_tourism_activity_small_model,annual_depreciation_rate,10
tourism_tourism_activity_small_model,working_capital_days,30
tourism_tourism_activity_small_model,discount_rate,10
tourism_tourism_activity_small_model,loan_ratio,50
tourism_tourism_activity_small_model,interest_rate,8
tourism_tourism_activity_small_model,loan_term_years,5
tourism_tourism_activity_medium_model,rent_monthly,15000
tourism_tourism_activity_medium_model,salaries_monthly,45000
tourism_tourism_activity_medium_model,marketing_monthly,6000
tourism_tourism_activity_medium_model,utilities_monthly,3000
tourism_tourism_activity_medium_model,insurance_monthly,2000
tourism_tourism_activity_medium_model,revenue_growth_rate,5
tourism_tourism_activity_medium_model,cogs_ratio,35
tourism_tourism_activity_medium_model,vat_rate,15
tourism_tourism_activity_medium_model,corporate_tax_rate,20
tourism_tourism_activity_medium_model,annual_depreciation_rate,10
tourism_tourism_activity_medium_model,working_capital_days,30
tourism_tourism_activity_medium_model,discount_rate,10
tourism_tourism_activity_medium_model,loan_ratio,50
tourism_tourism_activity_medium_model,interest_rate,8
tourism_tourism_activity_medium_model,loan_term_years,5
tourism_tourism_activity_large_model,rent_monthly,40000
tourism_tourism_activity_large_model,salaries_monthly,120000
tourism_tourism_activity_large_model,marketing_monthly,18000
tourism_tourism_activity_large_model,utilities_monthly,8000
tourism_tourism_activity_large_model,insurance_monthly,5000
tourism_tourism_activity_large_model,revenue_growth_rate,5
tourism_tourism_activity_large_model,cogs_ratio,35
tourism_tourism_activity_large_model,vat_rate,15
tourism_tourism_activity_large_model,corporate_tax_rate,20
tourism_tourism_activity_large_model,annual_depreciation_rate,10
tourism_tourism_activity_large_model,working_capital_days,30
tourism_tourism_activity_large_model,discount_rate,10
tourism_tourism_activity_large_model,loan_ratio,50
tourism_tourism_activity_large_model,interest_rate,8
tourism_tourism_activity_large_model,loan_term_years,5
hospitality_software_activity_small_model,rent_monthly,5000
hospitality_software_activity_small_model,salaries_monthly,15000
hospitality_software_activity_small_model,marketing_monthly,2000
hospitality_software_activity_small_model,utilities_monthly,1000
hospitality_software_activity_small_model,insurance_monthly,800
hospitality_software_activity_small_model,revenue_growth_rate,5
hospitality_software_activity_small_model,cogs_ratio,35
hospitality_software_activity_small_model,vat_rate,15
hospitality_software_activity_small_model,corporate_tax_rate,20
hospitality_software_activity_small_model,annual_depreciation_rate,10
hospitality_software_activity_small_model,working_capital_days,30
hospitality_software_activity_small_model,discount_rate,10
hospitality_software_activity_small_model,loan_ratio,50
hospitality_software_activity_small_model,interest_rate,8
hospitality_software_activity_small_model,loan_term_years,5
hospitality_software_activity_medium_model,rent_monthly,15000
hospitality_software_activity_medium_model,salaries_monthly,45000
hospitality_software_activity_medium_model,marketing_monthly,6000
hospitality_software_activity_medium_model,utilities_monthly,3000
hospitality_software_activity_medium_model,insurance_monthly,2000
hospitality_software_activity_medium_model,revenue_growth_rate,5
hospitality_software_activity_medium_model,cogs_ratio,35
hospitality_software_activity_medium_model,vat_rate,15
hospitality_software_activity_medium_model,corporate_tax_rate,20
hospitality_software_activity_medium_model,annual_depreciation_rate,10
hospitality_software_activity_medium_model,working_capital_days,30
hospitality_software_activity_medium_model,discount_rate,10
hospitality_software_activity_medium_model,loan_ratio,50
hospitality_software_activity_medium_model,interest_rate,8
hospitality_software_activity_medium_model,loan_term_years,5
hospitality_software_activity_large_model,rent_monthly,40000
hospitality_software_activity_large_model,salaries_monthly,120000
hospitality_software_activity_large_model,marketing_monthly,18000
hospitality_software_activity_large_model,utilities_monthly,8000
hospitality_software_activity_large_model,insurance_monthly,5000
hospitality_software_activity_large_model,revenue_growth_rate,5
hospitality_software_activity_large_model,cogs_ratio,35
hospitality_software_activity_large_model,vat_rate,15
hospitality_software_activity_large_model,corporate_tax_rate,20
hospitality_software_activity_large_model,annual_depreciation_rate,10
hospitality_software_activity_large_model,working_capital_days,30
hospitality_software_activity_large_model,discount_rate,10
hospitality_software_activity_large_model,loan_ratio,50
hospitality_software_activity_large_model,interest_rate,8
hospitality_software_activity_large_model,loan_term_years,5
hospitality_hardware_activity_small_model,rent_monthly,5000
hospitality_hardware_activity_small_model,salaries_monthly,15000
hospitality_hardware_activity_small_model,marketing_monthly,2000
hospitality_hardware_activity_small_model,utilities_monthly,1000
hospitality_hardware_activity_small_model,insurance_monthly,800
hospitality_hardware_activity_small_model,revenue_growth_rate,5
hospitality_hardware_activity_small_model,cogs_ratio,35
hospitality_hardware_activity_small_model,vat_rate,15
hospitality_hardware_activity_small_model,corporate_tax_rate,20
hospitality_hardware_activity_small_model,annual_depreciation_rate,10
hospitality_hardware_activity_small_model,working_capital_days,30
hospitality_hardware_activity_small_model,discount_rate,10
hospitality_hardware_activity_small_model,loan_ratio,50
hospitality_hardware_activity_small_model,interest_rate,8
hospitality_hardware_activity_small_model,loan_term_years,5
hospitality_hardware_activity_medium_model,rent_monthly,15000
hospitality_hardware_activity_medium_model,salaries_monthly,45000
hospitality_hardware_activity_medium_model,marketing_monthly,6000
hospitality_hardware_activity_medium_model,utilities_monthly,3000
hospitality_hardware_activity_medium_model,insurance_monthly,2000
hospitality_hardware_activity_medium_model,revenue_growth_rate,5
hospitality_hardware_activity_medium_model,cogs_ratio,35
hospitality_hardware_activity_medium_model,vat_rate,15
hospitality_hardware_activity_medium_model,corporate_tax_rate,20
hospitality_hardware_activity_medium_model,annual_depreciation_rate,10
hospitality_hardware_activity_medium_model,working_capital_days,30
hospitality_hardware_activity_medium_model,discount_rate,10
hospitality_hardware_activity_medium_model,loan_ratio,50
hospitality_hardware_activity_medium_model,interest_rate,8
hospitality_hardware_activity_medium_model,loan_term_years,5
hospitality_hardware_activity_large_model,rent_monthly,40000
hospitality_hardware_activity_large_model,salaries_monthly,120000
hospitality_hardware_activity_large_model,marketing_monthly,18000
hospitality_hardware_activity_large_model,utilities_monthly,8000
hospitality_hardware_activity_large_model,insurance_monthly,5000
hospitality_hardware_activity_large_model,revenue_growth_rate,5
hospitality_hardware_activity_large_model,cogs_ratio,35
hospitality_hardware_activity_large_model,vat_rate,15
hospitality_hardware_activity_large_model,corporate_tax_rate,20
hospitality_hardware_activity_large_model,annual_depreciation_rate,10
hospitality_hardware_activity_large_model,working_capital_days,30
hospitality_hardware_activity_large_model,discount_rate,10
hospitality_hardware_activity_large_model,loan_ratio,50
hospitality_hardware_activity_large_model,interest_rate,8
hospitality_hardware_activity_large_model,loan_term_years,5
hospitality_it_services_activity_small_model,rent_monthly,5000
hospitality_it_services_activity_small_model,salaries_monthly,15000
hospitality_it_services_activity_small_model,marketing_monthly,2000
hospitality_it_services_activity_small_model,utilities_monthly,1000
hospitality_it_services_activity_small_model,insurance_monthly,800
hospitality_it_services_activity_small_model,revenue_growth_rate,5
hospitality_it_services_activity_small_model,cogs_ratio,35
hospitality_it_services_activity_small_model,vat_rate,15
hospitality_it_services_activity_small_model,corporate_tax_rate,20
hospitality_it_services_activity_small_model,annual_depreciation_rate,10
hospitality_it_services_activity_small_model,working_capital_days,30
hospitality_it_services_activity_small_model,discount_rate,10
hospitality_it_services_activity_small_model,loan_ratio,50
hospitality_it_services_activity_small_model,interest_rate,8
hospitality_it_services_activity_small_model,loan_term_years,5
hospitality_it_services_activity_medium_model,rent_monthly,15000
hospitality_it_services_activity_medium_model,salaries_monthly,45000
hospitality_it_services_activity_medium_model,marketing_monthly,6000
hospitality_it_services_activity_medium_model,utilities_monthly,3000
hospitality_it_services_activity_medium_model,insurance_monthly,2000
hospitality_it_services_activity_medium_model,revenue_growth_rate,5
hospitality_it_services_activity_medium_model,cogs_ratio,35
hospitality_it_services_activity_medium_model,vat_rate,15
hospitality_it_services_activity_medium_model,corporate_tax_rate,20
hospitality_it_services_activity_medium_model,annual_depreciation_rate,10
hospitality_it_services_activity_medium_model,working_capital_days,30
hospitality_it_services_activity_medium_model,discount_rate,10
hospitality_it_services_activity_medium_model,loan_ratio,50
hospitality_it_services_activity_medium_model,interest_rate,8
hospitality_it_services_activity_medium_model,loan_term_years,5
hospitality_it_services_activity_large_model,rent_monthly,40000
hospitality_it_services_activity_large_model,salaries_monthly,120000
hospitality_it_services_activity_large_model,marketing_monthly,18000
hospitality_it_services_activity_large_model,utilities_monthly,8000
hospitality_it_services_activity_large_model,insurance_monthly,5000
hospitality_it_services_activity_large_model,revenue_growth_rate,5
hospitality_it_services_activity_large_model,cogs_ratio,35
hospitality_it_services_activity_large_model,vat_rate,15
hospitality_it_services_activity_large_model,corporate_tax_rate,20
hospitality_it_services_activity_large_model,annual_depreciation_rate,10
hospitality_it_services_activity_large_model,working_capital_days,30
hospitality_it_services_activity_large_model,discount_rate,10
hospitality_it_services_activity_large_model,loan_ratio,50
hospitality_it_services_activity_large_model,interest_rate,8
hospitality_it_services_activity_large_model,loan_term_years,5
hospitality_telecom_activity_small_model,rent_monthly,5000
hospitality_telecom_activity_small_model,salaries_monthly,15000
hospitality_telecom_activity_small_model,marketing_monthly,2000
hospitality_telecom_activity_small_model,utilities_monthly,1000
hospitality_telecom_activity_small_model,insurance_monthly,800
hospitality_telecom_activity_small_model,revenue_growth_rate,5
hospitality_telecom_activity_small_model,cogs_ratio,35
hospitality_telecom_activity_small_model,vat_rate,15
hospitality_telecom_activity_small_model,corporate_tax_rate,20
hospitality_telecom_activity_small_model,annual_depreciation_rate,10
hospitality_telecom_activity_small_model,working_capital_days,30
hospitality_telecom_activity_small_model,discount_rate,10
hospitality_telecom_activity_small_model,loan_ratio,50
hospitality_telecom_activity_small_model,interest_rate,8
hospitality_telecom_activity_small_model,loan_term_years,5
hospitality_telecom_activity_medium_model,rent_monthly,15000
hospitality_telecom_activity_medium_model,salaries_monthly,45000
hospitality_telecom_activity_medium_model,marketing_monthly,6000
hospitality_telecom_activity_medium_model,utilities_monthly,3000
hospitality_telecom_activity_medium_model,insurance_monthly,2000
hospitality_telecom_activity_medium_model,revenue_growth_rate,5
hospitality_telecom_activity_medium_model,cogs_ratio,35
hospitality_telecom_activity_medium_model,vat_rate,15
hospitality_telecom_activity_medium_model,corporate_tax_rate,20
hospitality_telecom_activity_medium_model,annual_depreciation_rate,10
hospitality_telecom_activity_medium_model,working_capital_days,30
hospitality_telecom_activity_medium_model,discount_rate,10
hospitality_telecom_activity_medium_model,loan_ratio,50
hospitality_telecom_activity_medium_model,interest_rate,8
hospitality_telecom_activity_medium_model,loan_term_years,5
hospitality_telecom_activity_large_model,rent_monthly,40000
hospitality_telecom_activity_large_model,salaries_monthly,120000
hospitality_telecom_activity_large_model,marketing_monthly,18000
hospitality_telecom_activity_large_model,utilities_monthly,8000
hospitality_telecom_activity_large_model,insurance_monthly,5000
hospitality_telecom_activity_large_model,revenue_growth_rate,5
hospitality_telecom_activity_large_model,cogs_ratio,35
hospitality_telecom_activity_large_model,vat_rate,15
hospitality_telecom_activity_large_model,corporate_tax_rate,20
hospitality_telecom_activity_large_model,annual_depreciation_rate,10
hospitality_telecom_activity_large_model,working_capital_days,30
hospitality_telecom_activity_large_model,discount_rate,10
hospitality_telecom_activity_large_model,loan_ratio,50
hospitality_telecom_activity_large_model,interest_rate,8
hospitality_telecom_activity_large_model,loan_term_years,5
entertainment_events_activity_small_model,rent_monthly,5000
entertainment_events_activity_small_model,salaries_monthly,15000
entertainment_events_activity_small_model,marketing_monthly,2000
entertainment_events_activity_small_model,utilities_monthly,1000
entertainment_events_activity_small_model,insurance_monthly,800
entertainment_events_activity_small_model,revenue_growth_rate,5
entertainment_events_activity_small_model,cogs_ratio,35
entertainment_events_activity_small_model,vat_rate,15
entertainment_events_activity_small_model,corporate_tax_rate,20
entertainment_events_activity_small_model,annual_depreciation_rate,10
entertainment_events_activity_small_model,working_capital_days,30
entertainment_events_activity_small_model,discount_rate,10
entertainment_events_activity_small_model,loan_ratio,50
entertainment_events_activity_small_model,interest_rate,8
entertainment_events_activity_small_model,loan_term_years,5
entertainment_events_activity_medium_model,rent_monthly,15000
entertainment_events_activity_medium_model,salaries_monthly,45000
entertainment_events_activity_medium_model,marketing_monthly,6000
entertainment_events_activity_medium_model,utilities_monthly,3000
entertainment_events_activity_medium_model,insurance_monthly,2000
entertainment_events_activity_medium_model,revenue_growth_rate,5
entertainment_events_activity_medium_model,cogs_ratio,35
entertainment_events_activity_medium_model,vat_rate,15
entertainment_events_activity_medium_model,corporate_tax_rate,20
entertainment_events_activity_medium_model,annual_depreciation_rate,10
entertainment_events_activity_medium_model,working_capital_days,30
entertainment_events_activity_medium_model,discount_rate,10
entertainment_events_activity_medium_model,loan_ratio,50
entertainment_events_activity_medium_model,interest_rate,8
entertainment_events_activity_medium_model,loan_term_years,5
entertainment_events_activity_large_model,rent_monthly,40000
entertainment_events_activity_large_model,salaries_monthly,120000
entertainment_events_activity_large_model,marketing_monthly,18000
entertainment_events_activity_large_model,utilities_monthly,8000
entertainment_events_activity_large_model,insurance_monthly,5000
entertainment_events_activity_large_model,revenue_growth_rate,5
entertainment_events_activity_large_model,cogs_ratio,35
entertainment_events_activity_large_model,vat_rate,15
entertainment_events_activity_large_model,corporate_tax_rate,20
entertainment_events_activity_large_model,annual_depreciation_rate,10
entertainment_events_activity_large_model,working_capital_days,30
entertainment_events_activity_large_model,discount_rate,10
entertainment_events_activity_large_model,loan_ratio,50
entertainment_events_activity_large_model,interest_rate,8
entertainment_events_activity_large_model,loan_term_years,5
entertainment_media_activity_small_model,rent_monthly,5000
entertainment_media_activity_small_model,salaries_monthly,15000
entertainment_media_activity_small_model,marketing_monthly,2000
entertainment_media_activity_small_model,utilities_monthly,1000
entertainment_media_activity_small_model,insurance_monthly,800
entertainment_media_activity_small_model,revenue_growth_rate,5
entertainment_media_activity_small_model,cogs_ratio,35
entertainment_media_activity_small_model,vat_rate,15
entertainment_media_activity_small_model,corporate_tax_rate,20
entertainment_media_activity_small_model,annual_depreciation_rate,10
entertainment_media_activity_small_model,working_capital_days,30
entertainment_media_activity_small_model,discount_rate,10
entertainment_media_activity_small_model,loan_ratio,50
entertainment_media_activity_small_model,interest_rate,8
entertainment_media_activity_small_model,loan_term_years,5
entertainment_media_activity_medium_model,rent_monthly,15000
entertainment_media_activity_medium_model,salaries_monthly,45000
entertainment_media_activity_medium_model,marketing_monthly,6000
entertainment_media_activity_medium_model,utilities_monthly,3000
entertainment_media_activity_medium_model,insurance_monthly,2000
entertainment_media_activity_medium_model,revenue_growth_rate,5
entertainment_media_activity_medium_model,cogs_ratio,35
entertainment_media_activity_medium_model,vat_rate,15
entertainment_media_activity_medium_model,corporate_tax_rate,20
entertainment_media_activity_medium_model,annual_depreciation_rate,10
entertainment_media_activity_medium_model,working_capital_days,30
entertainment_media_activity_medium_model,discount_rate,10
entertainment_media_activity_medium_model,loan_ratio,50
entertainment_media_activity_medium_model,interest_rate,8
entertainment_media_activity_medium_model,loan_term_years,5
entertainment_media_activity_large_model,rent_monthly,40000
entertainment_media_activity_large_model,salaries_monthly,120000
entertainment_media_activity_large_model,marketing_monthly,18000
entertainment_media_activity_large_model,utilities_monthly,8000
entertainment_media_activity_large_model,insurance_monthly,5000
entertainment_media_activity_large_model,revenue_growth_rate,5
entertainment_media_activity_large_model,cogs_ratio,35
entertainment_media_activity_large_model,vat_rate,15
entertainment_media_activity_large_model,corporate_tax_rate,20
entertainment_media_activity_large_model,annual_depreciation_rate,10
entertainment_media_activity_large_model,working_capital_days,30
entertainment_media_activity_large_model,discount_rate,10
entertainment_media_activity_large_model,loan_ratio,50
entertainment_media_activity_large_model,interest_rate,8
entertainment_media_activity_large_model,loan_term_years,5
entertainment_sports_activity_small_model,rent_monthly,5000
entertainment_sports_activity_small_model,salaries_monthly,15000
entertainment_sports_activity_small_model,marketing_monthly,2000
entertainment_sports_activity_small_model,utilities_monthly,1000
entertainment_sports_activity_small_model,insurance_monthly,800
entertainment_sports_activity_small_model,revenue_growth_rate,5
entertainment_sports_activity_small_model,cogs_ratio,35
entertainment_sports_activity_small_model,vat_rate,15
entertainment_sports_activity_small_model,corporate_tax_rate,20
entertainment_sports_activity_small_model,annual_depreciation_rate,10
entertainment_sports_activity_small_model,working_capital_days,30
entertainment_sports_activity_small_model,discount_rate,10
entertainment_sports_activity_small_model,loan_ratio,50
entertainment_sports_activity_small_model,interest_rate,8
entertainment_sports_activity_small_model,loan_term_years,5
entertainment_sports_activity_medium_model,rent_monthly,15000
entertainment_sports_activity_medium_model,salaries_monthly,45000
entertainment_sports_activity_medium_model,marketing_monthly,6000
entertainment_sports_activity_medium_model,utilities_monthly,3000
entertainment_sports_activity_medium_model,insurance_monthly,2000
entertainment_sports_activity_medium_model,revenue_growth_rate,5
entertainment_sports_activity_medium_model,cogs_ratio,35
entertainment_sports_activity_medium_model,vat_rate,15
entertainment_sports_activity_medium_model,corporate_tax_rate,20
entertainment_sports_activity_medium_model,annual_depreciation_rate,10
entertainment_sports_activity_medium_model,working_capital_days,30
entertainment_sports_activity_medium_model,discount_rate,10
entertainment_sports_activity_medium_model,loan_ratio,50
entertainment_sports_activity_medium_model,interest_rate,8
entertainment_sports_activity_medium_model,loan_term_years,5
entertainment_sports_activity_large_model,rent_monthly,40000
entertainment_sports_activity_large_model,salaries_monthly,120000
entertainment_sports_activity_large_model,marketing_monthly,18000
entertainment_sports_activity_large_model,utilities_monthly,8000
entertainment_sports_activity_large_model,insurance_monthly,5000
entertainment_sports_activity_large_model,revenue_growth_rate,5
entertainment_sports_activity_large_model,cogs_ratio,35
entertainment_sports_activity_large_model,vat_rate,15
entertainment_sports_activity_large_model,corporate_tax_rate,20
entertainment_sports_activity_large_model,annual_depreciation_rate,10
entertainment_sports_activity_large_model,working_capital_days,30
entertainment_sports_activity_large_model,discount_rate,10
entertainment_sports_activity_large_model,loan_ratio,50
entertainment_sports_activity_large_model,interest_rate,8
entertainment_sports_activity_large_model,loan_term_years,5
entertainment_tourism_activity_small_model,rent_monthly,5000
entertainment_tourism_activity_small_model,salaries_monthly,15000
entertainment_tourism_activity_small_model,marketing_monthly,2000
entertainment_tourism_activity_small_model,utilities_monthly,1000
entertainment_tourism_activity_small_model,insurance_monthly,800
entertainment_tourism_activity_small_model,revenue_growth_rate,5
entertainment_tourism_activity_small_model,cogs_ratio,35
entertainment_tourism_activity_small_model,vat_rate,15
entertainment_tourism_activity_small_model,corporate_tax_rate,20
entertainment_tourism_activity_small_model,annual_depreciation_rate,10
entertainment_tourism_activity_small_model,working_capital_days,30
entertainment_tourism_activity_small_model,discount_rate,10
entertainment_tourism_activity_small_model,loan_ratio,50
entertainment_tourism_activity_small_model,interest_rate,8
entertainment_tourism_activity_small_model,loan_term_years,5
entertainment_tourism_activity_medium_model,rent_monthly,15000
entertainment_tourism_activity_medium_model,salaries_monthly,45000
entertainment_tourism_activity_medium_model,marketing_monthly,6000
entertainment_tourism_activity_medium_model,utilities_monthly,3000
entertainment_tourism_activity_medium_model,insurance_monthly,2000
entertainment_tourism_activity_medium_model,revenue_growth_rate,5
entertainment_tourism_activity_medium_model,cogs_ratio,35
entertainment_tourism_activity_medium_model,vat_rate,15
entertainment_tourism_activity_medium_model,corporate_tax_rate,20
entertainment_tourism_activity_medium_model,annual_depreciation_rate,10
entertainment_tourism_activity_medium_model,working_capital_days,30
entertainment_tourism_activity_medium_model,discount_rate,10
entertainment_tourism_activity_medium_model,loan_ratio,50
entertainment_tourism_activity_medium_model,interest_rate,8
entertainment_tourism_activity_medium_model,loan_term_years,5
entertainment_tourism_activity_large_model,rent_monthly,40000
entertainment_tourism_activity_large_model,salaries_monthly,120000
entertainment_tourism_activity_large_model,marketing_monthly,18000
entertainment_tourism_activity_large_model,utilities_monthly,8000
entertainment_tourism_activity_large_model,insurance_monthly,5000
entertainment_tourism_activity_large_model,revenue_growth_rate,5
entertainment_tourism_activity_large_model,cogs_ratio,35
entertainment_tourism_activity_large_model,vat_rate,15
entertainment_tourism_activity_large_model,corporate_tax_rate,20
entertainment_tourism_activity_large_model,annual_depreciation_rate,10
entertainment_tourism_activity_large_model,working_capital_days,30
entertainment_tourism_activity_large_model,discount_rate,10
entertainment_tourism_activity_large_model,loan_ratio,50
entertainment_tourism_activity_large_model,interest_rate,8
entertainment_tourism_activity_large_model,loan_term_years,5
culture_consulting_activity_small_model,rent_monthly,5000
culture_consulting_activity_small_model,salaries_monthly,15000
culture_consulting_activity_small_model,marketing_monthly,2000
culture_consulting_activity_small_model,utilities_monthly,1000
culture_consulting_activity_small_model,insurance_monthly,800
culture_consulting_activity_small_model,revenue_growth_rate,5
culture_consulting_activity_small_model,cogs_ratio,35
culture_consulting_activity_small_model,vat_rate,15
culture_consulting_activity_small_model,corporate_tax_rate,20
culture_consulting_activity_small_model,annual_depreciation_rate,10
culture_consulting_activity_small_model,working_capital_days,30
culture_consulting_activity_small_model,discount_rate,10
culture_consulting_activity_small_model,loan_ratio,50
culture_consulting_activity_small_model,interest_rate,8
culture_consulting_activity_small_model,loan_term_years,5
culture_consulting_activity_medium_model,rent_monthly,15000
culture_consulting_activity_medium_model,salaries_monthly,45000
culture_consulting_activity_medium_model,marketing_monthly,6000
culture_consulting_activity_medium_model,utilities_monthly,3000
culture_consulting_activity_medium_model,insurance_monthly,2000
culture_consulting_activity_medium_model,revenue_growth_rate,5
culture_consulting_activity_medium_model,cogs_ratio,35
culture_consulting_activity_medium_model,vat_rate,15
culture_consulting_activity_medium_model,corporate_tax_rate,20
culture_consulting_activity_medium_model,annual_depreciation_rate,10
culture_consulting_activity_medium_model,working_capital_days,30
culture_consulting_activity_medium_model,discount_rate,10
culture_consulting_activity_medium_model,loan_ratio,50
culture_consulting_activity_medium_model,interest_rate,8
culture_consulting_activity_medium_model,loan_term_years,5
culture_consulting_activity_large_model,rent_monthly,40000
culture_consulting_activity_large_model,salaries_monthly,120000
culture_consulting_activity_large_model,marketing_monthly,18000
culture_consulting_activity_large_model,utilities_monthly,8000
culture_consulting_activity_large_model,insurance_monthly,5000
culture_consulting_activity_large_model,revenue_growth_rate,5
culture_consulting_activity_large_model,cogs_ratio,35
culture_consulting_activity_large_model,vat_rate,15
culture_consulting_activity_large_model,corporate_tax_rate,20
culture_consulting_activity_large_model,annual_depreciation_rate,10
culture_consulting_activity_large_model,working_capital_days,30
culture_consulting_activity_large_model,discount_rate,10
culture_consulting_activity_large_model,loan_ratio,50
culture_consulting_activity_large_model,interest_rate,8
culture_consulting_activity_large_model,loan_term_years,5
culture_maintenance_activity_small_model,rent_monthly,5000
culture_maintenance_activity_small_model,salaries_monthly,15000
culture_maintenance_activity_small_model,marketing_monthly,2000
culture_maintenance_activity_small_model,utilities_monthly,1000
culture_maintenance_activity_small_model,insurance_monthly,800
culture_maintenance_activity_small_model,revenue_growth_rate,5
culture_maintenance_activity_small_model,cogs_ratio,35
culture_maintenance_activity_small_model,vat_rate,15
culture_maintenance_activity_small_model,corporate_tax_rate,20
culture_maintenance_activity_small_model,annual_depreciation_rate,10
culture_maintenance_activity_small_model,working_capital_days,30
culture_maintenance_activity_small_model,discount_rate,10
culture_maintenance_activity_small_model,loan_ratio,50
culture_maintenance_activity_small_model,interest_rate,8
culture_maintenance_activity_small_model,loan_term_years,5
culture_maintenance_activity_medium_model,rent_monthly,15000
culture_maintenance_activity_medium_model,salaries_monthly,45000
culture_maintenance_activity_medium_model,marketing_monthly,6000
culture_maintenance_activity_medium_model,utilities_monthly,3000
culture_maintenance_activity_medium_model,insurance_monthly,2000
culture_maintenance_activity_medium_model,revenue_growth_rate,5
culture_maintenance_activity_medium_model,cogs_ratio,35
culture_maintenance_activity_medium_model,vat_rate,15
culture_maintenance_activity_medium_model,corporate_tax_rate,20
culture_maintenance_activity_medium_model,annual_depreciation_rate,10
culture_maintenance_activity_medium_model,working_capital_days,30
culture_maintenance_activity_medium_model,discount_rate,10
culture_maintenance_activity_medium_model,loan_ratio,50
culture_maintenance_activity_medium_model,interest_rate,8
culture_maintenance_activity_medium_model,loan_term_years,5
culture_maintenance_activity_large_model,rent_monthly,40000
culture_maintenance_activity_large_model,salaries_monthly,120000
culture_maintenance_activity_large_model,marketing_monthly,18000
culture_maintenance_activity_large_model,utilities_monthly,8000
culture_maintenance_activity_large_model,insurance_monthly,5000
culture_maintenance_activity_large_model,revenue_growth_rate,5
culture_maintenance_activity_large_model,cogs_ratio,35
culture_maintenance_activity_large_model,vat_rate,15
culture_maintenance_activity_large_model,corporate_tax_rate,20
culture_maintenance_activity_large_model,annual_depreciation_rate,10
culture_maintenance_activity_large_model,working_capital_days,30
culture_maintenance_activity_large_model,discount_rate,10
culture_maintenance_activity_large_model,loan_ratio,50
culture_maintenance_activity_large_model,interest_rate,8
culture_maintenance_activity_large_model,loan_term_years,5
culture_cleaning_activity_small_model,rent_monthly,5000
culture_cleaning_activity_small_model,salaries_monthly,15000
culture_cleaning_activity_small_model,marketing_monthly,2000
culture_cleaning_activity_small_model,utilities_monthly,1000
culture_cleaning_activity_small_model,insurance_monthly,800
culture_cleaning_activity_small_model,revenue_growth_rate,5
culture_cleaning_activity_small_model,cogs_ratio,35
culture_cleaning_activity_small_model,vat_rate,15
culture_cleaning_activity_small_model,corporate_tax_rate,20
culture_cleaning_activity_small_model,annual_depreciation_rate,10
culture_cleaning_activity_small_model,working_capital_days,30
culture_cleaning_activity_small_model,discount_rate,10
culture_cleaning_activity_small_model,loan_ratio,50
culture_cleaning_activity_small_model,interest_rate,8
culture_cleaning_activity_small_model,loan_term_years,5
culture_cleaning_activity_medium_model,rent_monthly,15000
culture_cleaning_activity_medium_model,salaries_monthly,45000
culture_cleaning_activity_medium_model,marketing_monthly,6000
culture_cleaning_activity_medium_model,utilities_monthly,3000
culture_cleaning_activity_medium_model,insurance_monthly,2000
culture_cleaning_activity_medium_model,revenue_growth_rate,5
culture_cleaning_activity_medium_model,cogs_ratio,35
culture_cleaning_activity_medium_model,vat_rate,15
culture_cleaning_activity_medium_model,corporate_tax_rate,20
culture_cleaning_activity_medium_model,annual_depreciation_rate,10
culture_cleaning_activity_medium_model,working_capital_days,30
culture_cleaning_activity_medium_model,discount_rate,10
culture_cleaning_activity_medium_model,loan_ratio,50
culture_cleaning_activity_medium_model,interest_rate,8
culture_cleaning_activity_medium_model,loan_term_years,5
culture_cleaning_activity_large_model,rent_monthly,40000
culture_cleaning_activity_large_model,salaries_monthly,120000
culture_cleaning_activity_large_model,marketing_monthly,18000
culture_cleaning_activity_large_model,utilities_monthly,8000
culture_cleaning_activity_large_model,insurance_monthly,5000
culture_cleaning_activity_large_model,revenue_growth_rate,5
culture_cleaning_activity_large_model,cogs_ratio,35
culture_cleaning_activity_large_model,vat_rate,15
culture_cleaning_activity_large_model,corporate_tax_rate,20
culture_cleaning_activity_large_model,annual_depreciation_rate,10
culture_cleaning_activity_large_model,working_capital_days,30
culture_cleaning_activity_large_model,discount_rate,10
culture_cleaning_activity_large_model,loan_ratio,50
culture_cleaning_activity_large_model,interest_rate,8
culture_cleaning_activity_large_model,loan_term_years,5
culture_security_activity_small_model,rent_monthly,5000
culture_security_activity_small_model,salaries_monthly,15000
culture_security_activity_small_model,marketing_monthly,2000
culture_security_activity_small_model,utilities_monthly,1000
culture_security_activity_small_model,insurance_monthly,800
culture_security_activity_small_model,revenue_growth_rate,5
culture_security_activity_small_model,cogs_ratio,35
culture_security_activity_small_model,vat_rate,15
culture_security_activity_small_model,corporate_tax_rate,20
culture_security_activity_small_model,annual_depreciation_rate,10
culture_security_activity_small_model,working_capital_days,30
culture_security_activity_small_model,discount_rate,10
culture_security_activity_small_model,loan_ratio,50
culture_security_activity_small_model,interest_rate,8
culture_security_activity_small_model,loan_term_years,5
culture_security_activity_medium_model,rent_monthly,15000
culture_security_activity_medium_model,salaries_monthly,45000
culture_security_activity_medium_model,marketing_monthly,6000
culture_security_activity_medium_model,utilities_monthly,3000
culture_security_activity_medium_model,insurance_monthly,2000
culture_security_activity_medium_model,revenue_growth_rate,5
culture_security_activity_medium_model,cogs_ratio,35
culture_security_activity_medium_model,vat_rate,15
culture_security_activity_medium_model,corporate_tax_rate,20
culture_security_activity_medium_model,annual_depreciation_rate,10
culture_security_activity_medium_model,working_capital_days,30
culture_security_activity_medium_model,discount_rate,10
culture_security_activity_medium_model,loan_ratio,50
culture_security_activity_medium_model,interest_rate,8
culture_security_activity_medium_model,loan_term_years,5
culture_security_activity_large_model,rent_monthly,40000
culture_security_activity_large_model,salaries_monthly,120000
culture_security_activity_large_model,marketing_monthly,18000
culture_security_activity_large_model,utilities_monthly,8000
culture_security_activity_large_model,insurance_monthly,5000
culture_security_activity_large_model,revenue_growth_rate,5
culture_security_activity_large_model,cogs_ratio,35
culture_security_activity_large_model,vat_rate,15
culture_security_activity_large_model,corporate_tax_rate,20
culture_security_activity_large_model,annual_depreciation_rate,10
culture_security_activity_large_model,working_capital_days,30
culture_security_activity_large_model,discount_rate,10
culture_security_activity_large_model,loan_ratio,50
culture_security_activity_large_model,interest_rate,8
culture_security_activity_large_model,loan_term_years,5
media_events_activity_small_model,rent_monthly,5000
media_events_activity_small_model,salaries_monthly,15000
media_events_activity_small_model,marketing_monthly,2000
media_events_activity_small_model,utilities_monthly,1000
media_events_activity_small_model,insurance_monthly,800
media_events_activity_small_model,revenue_growth_rate,5
media_events_activity_small_model,cogs_ratio,35
media_events_activity_small_model,vat_rate,15
media_events_activity_small_model,corporate_tax_rate,20
media_events_activity_small_model,annual_depreciation_rate,10
media_events_activity_small_model,working_capital_days,30
media_events_activity_small_model,discount_rate,10
media_events_activity_small_model,loan_ratio,50
media_events_activity_small_model,interest_rate,8
media_events_activity_small_model,loan_term_years,5
media_events_activity_medium_model,rent_monthly,15000
media_events_activity_medium_model,salaries_monthly,45000
media_events_activity_medium_model,marketing_monthly,6000
media_events_activity_medium_model,utilities_monthly,3000
media_events_activity_medium_model,insurance_monthly,2000
media_events_activity_medium_model,revenue_growth_rate,5
media_events_activity_medium_model,cogs_ratio,35
media_events_activity_medium_model,vat_rate,15
media_events_activity_medium_model,corporate_tax_rate,20
media_events_activity_medium_model,annual_depreciation_rate,10
media_events_activity_medium_model,working_capital_days,30
media_events_activity_medium_model,discount_rate,10
media_events_activity_medium_model,loan_ratio,50
media_events_activity_medium_model,interest_rate,8
media_events_activity_medium_model,loan_term_years,5
media_events_activity_large_model,rent_monthly,40000
media_events_activity_large_model,salaries_monthly,120000
media_events_activity_large_model,marketing_monthly,18000
media_events_activity_large_model,utilities_monthly,8000
media_events_activity_large_model,insurance_monthly,5000
media_events_activity_large_model,revenue_growth_rate,5
media_events_activity_large_model,cogs_ratio,35
media_events_activity_large_model,vat_rate,15
media_events_activity_large_model,corporate_tax_rate,20
media_events_activity_large_model,annual_depreciation_rate,10
media_events_activity_large_model,working_capital_days,30
media_events_activity_large_model,discount_rate,10
media_events_activity_large_model,loan_ratio,50
media_events_activity_large_model,interest_rate,8
media_events_activity_large_model,loan_term_years,5
media_media_activity_small_model,rent_monthly,5000
media_media_activity_small_model,salaries_monthly,15000
media_media_activity_small_model,marketing_monthly,2000
media_media_activity_small_model,utilities_monthly,1000
media_media_activity_small_model,insurance_monthly,800
media_media_activity_small_model,revenue_growth_rate,5
media_media_activity_small_model,cogs_ratio,35
media_media_activity_small_model,vat_rate,15
media_media_activity_small_model,corporate_tax_rate,20
media_media_activity_small_model,annual_depreciation_rate,10
media_media_activity_small_model,working_capital_days,30
media_media_activity_small_model,discount_rate,10
media_media_activity_small_model,loan_ratio,50
media_media_activity_small_model,interest_rate,8
media_media_activity_small_model,loan_term_years,5
media_media_activity_medium_model,rent_monthly,15000
media_media_activity_medium_model,salaries_monthly,45000
media_media_activity_medium_model,marketing_monthly,6000
media_media_activity_medium_model,utilities_monthly,3000
media_media_activity_medium_model,insurance_monthly,2000
media_media_activity_medium_model,revenue_growth_rate,5
media_media_activity_medium_model,cogs_ratio,35
media_media_activity_medium_model,vat_rate,15
media_media_activity_medium_model,corporate_tax_rate,20
media_media_activity_medium_model,annual_depreciation_rate,10
media_media_activity_medium_model,working_capital_days,30
media_media_activity_medium_model,discount_rate,10
media_media_activity_medium_model,loan_ratio,50
media_media_activity_medium_model,interest_rate,8
media_media_activity_medium_model,loan_term_years,5
media_media_activity_large_model,rent_monthly,40000
media_media_activity_large_model,salaries_monthly,120000
media_media_activity_large_model,marketing_monthly,18000
media_media_activity_large_model,utilities_monthly,8000
media_media_activity_large_model,insurance_monthly,5000
media_media_activity_large_model,revenue_growth_rate,5
media_media_activity_large_model,cogs_ratio,35
media_media_activity_large_model,vat_rate,15
media_media_activity_large_model,corporate_tax_rate,20
media_media_activity_large_model,annual_depreciation_rate,10
media_media_activity_large_model,working_capital_days,30
media_media_activity_large_model,discount_rate,10
media_media_activity_large_model,loan_ratio,50
media_media_activity_large_model,interest_rate,8
media_media_activity_large_model,loan_term_years,5
media_sports_activity_small_model,rent_monthly,5000
media_sports_activity_small_model,salaries_monthly,15000
media_sports_activity_small_model,marketing_monthly,2000
media_sports_activity_small_model,utilities_monthly,1000
media_sports_activity_small_model,insurance_monthly,800
media_sports_activity_small_model,revenue_growth_rate,5
media_sports_activity_small_model,cogs_ratio,35
media_sports_activity_small_model,vat_rate,15
media_sports_activity_small_model,corporate_tax_rate,20
media_sports_activity_small_model,annual_depreciation_rate,10
media_sports_activity_small_model,working_capital_days,30
media_sports_activity_small_model,discount_rate,10
media_sports_activity_small_model,loan_ratio,50
media_sports_activity_small_model,interest_rate,8
media_sports_activity_small_model,loan_term_years,5
media_sports_activity_medium_model,rent_monthly,15000
media_sports_activity_medium_model,salaries_monthly,45000
media_sports_activity_medium_model,marketing_monthly,6000
media_sports_activity_medium_model,utilities_monthly,3000
media_sports_activity_medium_model,insurance_monthly,2000
media_sports_activity_medium_model,revenue_growth_rate,5
media_sports_activity_medium_model,cogs_ratio,35
media_sports_activity_medium_model,vat_rate,15
media_sports_activity_medium_model,corporate_tax_rate,20
media_sports_activity_medium_model,annual_depreciation_rate,10
media_sports_activity_medium_model,working_capital_days,30
media_sports_activity_medium_model,discount_rate,10
media_sports_activity_medium_model,loan_ratio,50
media_sports_activity_medium_model,interest_rate,8
media_sports_activity_medium_model,loan_term_years,5
media_sports_activity_large_model,rent_monthly,40000
media_sports_activity_large_model,salaries_monthly,120000
media_sports_activity_large_model,marketing_monthly,18000
media_sports_activity_large_model,utilities_monthly,8000
media_sports_activity_large_model,insurance_monthly,5000
media_sports_activity_large_model,revenue_growth_rate,5
media_sports_activity_large_model,cogs_ratio,35
media_sports_activity_large_model,vat_rate,15
media_sports_activity_large_model,corporate_tax_rate,20
media_sports_activity_large_model,annual_depreciation_rate,10
media_sports_activity_large_model,working_capital_days,30
media_sports_activity_large_model,discount_rate,10
media_sports_activity_large_model,loan_ratio,50
media_sports_activity_large_model,interest_rate,8
media_sports_activity_large_model,loan_term_years,5
media_tourism_activity_small_model,rent_monthly,5000
media_tourism_activity_small_model,salaries_monthly,15000
media_tourism_activity_small_model,marketing_monthly,2000
media_tourism_activity_small_model,utilities_monthly,1000
media_tourism_activity_small_model,insurance_monthly,800
media_tourism_activity_small_model,revenue_growth_rate,5
media_tourism_activity_small_model,cogs_ratio,35
media_tourism_activity_small_model,vat_rate,15
media_tourism_activity_small_model,corporate_tax_rate,20
media_tourism_activity_small_model,annual_depreciation_rate,10
media_tourism_activity_small_model,working_capital_days,30
media_tourism_activity_small_model,discount_rate,10
media_tourism_activity_small_model,loan_ratio,50
media_tourism_activity_small_model,interest_rate,8
media_tourism_activity_small_model,loan_term_years,5
media_tourism_activity_medium_model,rent_monthly,15000
media_tourism_activity_medium_model,salaries_monthly,45000
media_tourism_activity_medium_model,marketing_monthly,6000
media_tourism_activity_medium_model,utilities_monthly,3000
media_tourism_activity_medium_model,insurance_monthly,2000
media_tourism_activity_medium_model,revenue_growth_rate,5
media_tourism_activity_medium_model,cogs_ratio,35
media_tourism_activity_medium_model,vat_rate,15
media_tourism_activity_medium_model,corporate_tax_rate,20
media_tourism_activity_medium_model,annual_depreciation_rate,10
media_tourism_activity_medium_model,working_capital_days,30
media_tourism_activity_medium_model,discount_rate,10
media_tourism_activity_medium_model,loan_ratio,50
media_tourism_activity_medium_model,interest_rate,8
media_tourism_activity_medium_model,loan_term_years,5
media_tourism_activity_large_model,rent_monthly,40000
media_tourism_activity_large_model,salaries_monthly,120000
media_tourism_activity_large_model,marketing_monthly,18000
media_tourism_activity_large_model,utilities_monthly,8000
media_tourism_activity_large_model,insurance_monthly,5000
media_tourism_activity_large_model,revenue_growth_rate,5
media_tourism_activity_large_model,cogs_ratio,35
media_tourism_activity_large_model,vat_rate,15
media_tourism_activity_large_model,corporate_tax_rate,20
media_tourism_activity_large_model,annual_depreciation_rate,10
media_tourism_activity_large_model,working_capital_days,30
media_tourism_activity_large_model,discount_rate,10
media_tourism_activity_large_model,loan_ratio,50
media_tourism_activity_large_model,interest_rate,8
media_tourism_activity_large_model,loan_term_years,5
advertising_consulting_activity_small_model,rent_monthly,5000
advertising_consulting_activity_small_model,salaries_monthly,15000
advertising_consulting_activity_small_model,marketing_monthly,2000
advertising_consulting_activity_small_model,utilities_monthly,1000
advertising_consulting_activity_small_model,insurance_monthly,800
advertising_consulting_activity_small_model,revenue_growth_rate,5
advertising_consulting_activity_small_model,cogs_ratio,35
advertising_consulting_activity_small_model,vat_rate,15
advertising_consulting_activity_small_model,corporate_tax_rate,20
advertising_consulting_activity_small_model,annual_depreciation_rate,10
advertising_consulting_activity_small_model,working_capital_days,30
advertising_consulting_activity_small_model,discount_rate,10
advertising_consulting_activity_small_model,loan_ratio,50
advertising_consulting_activity_small_model,interest_rate,8
advertising_consulting_activity_small_model,loan_term_years,5
advertising_consulting_activity_medium_model,rent_monthly,15000
advertising_consulting_activity_medium_model,salaries_monthly,45000
advertising_consulting_activity_medium_model,marketing_monthly,6000
advertising_consulting_activity_medium_model,utilities_monthly,3000
advertising_consulting_activity_medium_model,insurance_monthly,2000
advertising_consulting_activity_medium_model,revenue_growth_rate,5
advertising_consulting_activity_medium_model,cogs_ratio,35
advertising_consulting_activity_medium_model,vat_rate,15
advertising_consulting_activity_medium_model,corporate_tax_rate,20
advertising_consulting_activity_medium_model,annual_depreciation_rate,10
advertising_consulting_activity_medium_model,working_capital_days,30
advertising_consulting_activity_medium_model,discount_rate,10
advertising_consulting_activity_medium_model,loan_ratio,50
advertising_consulting_activity_medium_model,interest_rate,8
advertising_consulting_activity_medium_model,loan_term_years,5
advertising_consulting_activity_large_model,rent_monthly,40000
advertising_consulting_activity_large_model,salaries_monthly,120000
advertising_consulting_activity_large_model,marketing_monthly,18000
advertising_consulting_activity_large_model,utilities_monthly,8000
advertising_consulting_activity_large_model,insurance_monthly,5000
advertising_consulting_activity_large_model,revenue_growth_rate,5
advertising_consulting_activity_large_model,cogs_ratio,35
advertising_consulting_activity_large_model,vat_rate,15
advertising_consulting_activity_large_model,corporate_tax_rate,20
advertising_consulting_activity_large_model,annual_depreciation_rate,10
advertising_consulting_activity_large_model,working_capital_days,30
advertising_consulting_activity_large_model,discount_rate,10
advertising_consulting_activity_large_model,loan_ratio,50
advertising_consulting_activity_large_model,interest_rate,8
advertising_consulting_activity_large_model,loan_term_years,5
advertising_maintenance_activity_small_model,rent_monthly,5000
advertising_maintenance_activity_small_model,salaries_monthly,15000
advertising_maintenance_activity_small_model,marketing_monthly,2000
advertising_maintenance_activity_small_model,utilities_monthly,1000
advertising_maintenance_activity_small_model,insurance_monthly,800
advertising_maintenance_activity_small_model,revenue_growth_rate,5
advertising_maintenance_activity_small_model,cogs_ratio,35
advertising_maintenance_activity_small_model,vat_rate,15
advertising_maintenance_activity_small_model,corporate_tax_rate,20
advertising_maintenance_activity_small_model,annual_depreciation_rate,10
advertising_maintenance_activity_small_model,working_capital_days,30
advertising_maintenance_activity_small_model,discount_rate,10
advertising_maintenance_activity_small_model,loan_ratio,50
advertising_maintenance_activity_small_model,interest_rate,8
advertising_maintenance_activity_small_model,loan_term_years,5
advertising_maintenance_activity_medium_model,rent_monthly,15000
advertising_maintenance_activity_medium_model,salaries_monthly,45000
advertising_maintenance_activity_medium_model,marketing_monthly,6000
advertising_maintenance_activity_medium_model,utilities_monthly,3000
advertising_maintenance_activity_medium_model,insurance_monthly,2000
advertising_maintenance_activity_medium_model,revenue_growth_rate,5
advertising_maintenance_activity_medium_model,cogs_ratio,35
advertising_maintenance_activity_medium_model,vat_rate,15
advertising_maintenance_activity_medium_model,corporate_tax_rate,20
advertising_maintenance_activity_medium_model,annual_depreciation_rate,10
advertising_maintenance_activity_medium_model,working_capital_days,30
advertising_maintenance_activity_medium_model,discount_rate,10
advertising_maintenance_activity_medium_model,loan_ratio,50
advertising_maintenance_activity_medium_model,interest_rate,8
advertising_maintenance_activity_medium_model,loan_term_years,5
advertising_maintenance_activity_large_model,rent_monthly,40000
advertising_maintenance_activity_large_model,salaries_monthly,120000
advertising_maintenance_activity_large_model,marketing_monthly,18000
advertising_maintenance_activity_large_model,utilities_monthly,8000
advertising_maintenance_activity_large_model,insurance_monthly,5000
advertising_maintenance_activity_large_model,revenue_growth_rate,5
advertising_maintenance_activity_large_model,cogs_ratio,35
advertising_maintenance_activity_large_model,vat_rate,15
advertising_maintenance_activity_large_model,corporate_tax_rate,20
advertising_maintenance_activity_large_model,annual_depreciation_rate,10
advertising_maintenance_activity_large_model,working_capital_days,30
advertising_maintenance_activity_large_model,discount_rate,10
advertising_maintenance_activity_large_model,loan_ratio,50
advertising_maintenance_activity_large_model,interest_rate,8
advertising_maintenance_activity_large_model,loan_term_years,5
advertising_cleaning_activity_small_model,rent_monthly,5000
advertising_cleaning_activity_small_model,salaries_monthly,15000
advertising_cleaning_activity_small_model,marketing_monthly,2000
advertising_cleaning_activity_small_model,utilities_monthly,1000
advertising_cleaning_activity_small_model,insurance_monthly,800
advertising_cleaning_activity_small_model,revenue_growth_rate,5
advertising_cleaning_activity_small_model,cogs_ratio,35
advertising_cleaning_activity_small_model,vat_rate,15
advertising_cleaning_activity_small_model,corporate_tax_rate,20
advertising_cleaning_activity_small_model,annual_depreciation_rate,10
advertising_cleaning_activity_small_model,working_capital_days,30
advertising_cleaning_activity_small_model,discount_rate,10
advertising_cleaning_activity_small_model,loan_ratio,50
advertising_cleaning_activity_small_model,interest_rate,8
advertising_cleaning_activity_small_model,loan_term_years,5
advertising_cleaning_activity_medium_model,rent_monthly,15000
advertising_cleaning_activity_medium_model,salaries_monthly,45000
advertising_cleaning_activity_medium_model,marketing_monthly,6000
advertising_cleaning_activity_medium_model,utilities_monthly,3000
advertising_cleaning_activity_medium_model,insurance_monthly,2000
advertising_cleaning_activity_medium_model,revenue_growth_rate,5
advertising_cleaning_activity_medium_model,cogs_ratio,35
advertising_cleaning_activity_medium_model,vat_rate,15
advertising_cleaning_activity_medium_model,corporate_tax_rate,20
advertising_cleaning_activity_medium_model,annual_depreciation_rate,10
advertising_cleaning_activity_medium_model,working_capital_days,30
advertising_cleaning_activity_medium_model,discount_rate,10
advertising_cleaning_activity_medium_model,loan_ratio,50
advertising_cleaning_activity_medium_model,interest_rate,8
advertising_cleaning_activity_medium_model,loan_term_years,5
advertising_cleaning_activity_large_model,rent_monthly,40000
advertising_cleaning_activity_large_model,salaries_monthly,120000
advertising_cleaning_activity_large_model,marketing_monthly,18000
advertising_cleaning_activity_large_model,utilities_monthly,8000
advertising_cleaning_activity_large_model,insurance_monthly,5000
advertising_cleaning_activity_large_model,revenue_growth_rate,5
advertising_cleaning_activity_large_model,cogs_ratio,35
advertising_cleaning_activity_large_model,vat_rate,15
advertising_cleaning_activity_large_model,corporate_tax_rate,20
advertising_cleaning_activity_large_model,annual_depreciation_rate,10
advertising_cleaning_activity_large_model,working_capital_days,30
advertising_cleaning_activity_large_model,discount_rate,10
advertising_cleaning_activity_large_model,loan_ratio,50
advertising_cleaning_activity_large_model,interest_rate,8
advertising_cleaning_activity_large_model,loan_term_years,5
advertising_security_activity_small_model,rent_monthly,5000
advertising_security_activity_small_model,salaries_monthly,15000
advertising_security_activity_small_model,marketing_monthly,2000
advertising_security_activity_small_model,utilities_monthly,1000
advertising_security_activity_small_model,insurance_monthly,800
advertising_security_activity_small_model,revenue_growth_rate,5
advertising_security_activity_small_model,cogs_ratio,35
advertising_security_activity_small_model,vat_rate,15
advertising_security_activity_small_model,corporate_tax_rate,20
advertising_security_activity_small_model,annual_depreciation_rate,10
advertising_security_activity_small_model,working_capital_days,30
advertising_security_activity_small_model,discount_rate,10
advertising_security_activity_small_model,loan_ratio,50
advertising_security_activity_small_model,interest_rate,8
advertising_security_activity_small_model,loan_term_years,5
advertising_security_activity_medium_model,rent_monthly,15000
advertising_security_activity_medium_model,salaries_monthly,45000
advertising_security_activity_medium_model,marketing_monthly,6000
advertising_security_activity_medium_model,utilities_monthly,3000
advertising_security_activity_medium_model,insurance_monthly,2000
advertising_security_activity_medium_model,revenue_growth_rate,5
advertising_security_activity_medium_model,cogs_ratio,35
advertising_security_activity_medium_model,vat_rate,15
advertising_security_activity_medium_model,corporate_tax_rate,20
advertising_security_activity_medium_model,annual_depreciation_rate,10
advertising_security_activity_medium_model,working_capital_days,30
advertising_security_activity_medium_model,discount_rate,10
advertising_security_activity_medium_model,loan_ratio,50
advertising_security_activity_medium_model,interest_rate,8
advertising_security_activity_medium_model,loan_term_years,5
advertising_security_activity_large_model,rent_monthly,40000
advertising_security_activity_large_model,salaries_monthly,120000
advertising_security_activity_large_model,marketing_monthly,18000
advertising_security_activity_large_model,utilities_monthly,8000
advertising_security_activity_large_model,insurance_monthly,5000
advertising_security_activity_large_model,revenue_growth_rate,5
advertising_security_activity_large_model,cogs_ratio,35
advertising_security_activity_large_model,vat_rate,15
advertising_security_activity_large_model,corporate_tax_rate,20
advertising_security_activity_large_model,annual_depreciation_rate,10
advertising_security_activity_large_model,working_capital_days,30
advertising_security_activity_large_model,discount_rate,10
advertising_security_activity_large_model,loan_ratio,50
advertising_security_activity_large_model,interest_rate,8
advertising_security_activity_large_model,loan_term_years,5
technology_software_activity_small_model,rent_monthly,5000
technology_software_activity_small_model,salaries_monthly,15000
technology_software_activity_small_model,marketing_monthly,2000
technology_software_activity_small_model,utilities_monthly,1000
technology_software_activity_small_model,insurance_monthly,800
technology_software_activity_small_model,revenue_growth_rate,5
technology_software_activity_small_model,cogs_ratio,35
technology_software_activity_small_model,vat_rate,15
technology_software_activity_small_model,corporate_tax_rate,20
technology_software_activity_small_model,annual_depreciation_rate,10
technology_software_activity_small_model,working_capital_days,30
technology_software_activity_small_model,discount_rate,10
technology_software_activity_small_model,loan_ratio,50
technology_software_activity_small_model,interest_rate,8
technology_software_activity_small_model,loan_term_years,5
technology_software_activity_medium_model,rent_monthly,15000
technology_software_activity_medium_model,salaries_monthly,45000
technology_software_activity_medium_model,marketing_monthly,6000
technology_software_activity_medium_model,utilities_monthly,3000
technology_software_activity_medium_model,insurance_monthly,2000
technology_software_activity_medium_model,revenue_growth_rate,5
technology_software_activity_medium_model,cogs_ratio,35
technology_software_activity_medium_model,vat_rate,15
technology_software_activity_medium_model,corporate_tax_rate,20
technology_software_activity_medium_model,annual_depreciation_rate,10
technology_software_activity_medium_model,working_capital_days,30
technology_software_activity_medium_model,discount_rate,10
technology_software_activity_medium_model,loan_ratio,50
technology_software_activity_medium_model,interest_rate,8
technology_software_activity_medium_model,loan_term_years,5
technology_software_activity_large_model,rent_monthly,40000
technology_software_activity_large_model,salaries_monthly,120000
technology_software_activity_large_model,marketing_monthly,18000
technology_software_activity_large_model,utilities_monthly,8000
technology_software_activity_large_model,insurance_monthly,5000
technology_software_activity_large_model,revenue_growth_rate,5
technology_software_activity_large_model,cogs_ratio,35
technology_software_activity_large_model,vat_rate,15
technology_software_activity_large_model,corporate_tax_rate,20
technology_software_activity_large_model,annual_depreciation_rate,10
technology_software_activity_large_model,working_capital_days,30
technology_software_activity_large_model,discount_rate,10
technology_software_activity_large_model,loan_ratio,50
technology_software_activity_large_model,interest_rate,8
technology_software_activity_large_model,loan_term_years,5
technology_hardware_activity_small_model,rent_monthly,5000
technology_hardware_activity_small_model,salaries_monthly,15000
technology_hardware_activity_small_model,marketing_monthly,2000
technology_hardware_activity_small_model,utilities_monthly,1000
technology_hardware_activity_small_model,insurance_monthly,800
technology_hardware_activity_small_model,revenue_growth_rate,5
technology_hardware_activity_small_model,cogs_ratio,35
technology_hardware_activity_small_model,vat_rate,15
technology_hardware_activity_small_model,corporate_tax_rate,20
technology_hardware_activity_small_model,annual_depreciation_rate,10
technology_hardware_activity_small_model,working_capital_days,30
technology_hardware_activity_small_model,discount_rate,10
technology_hardware_activity_small_model,loan_ratio,50
technology_hardware_activity_small_model,interest_rate,8
technology_hardware_activity_small_model,loan_term_years,5
technology_hardware_activity_medium_model,rent_monthly,15000
technology_hardware_activity_medium_model,salaries_monthly,45000
technology_hardware_activity_medium_model,marketing_monthly,6000
technology_hardware_activity_medium_model,utilities_monthly,3000
technology_hardware_activity_medium_model,insurance_monthly,2000
technology_hardware_activity_medium_model,revenue_growth_rate,5
technology_hardware_activity_medium_model,cogs_ratio,35
technology_hardware_activity_medium_model,vat_rate,15
technology_hardware_activity_medium_model,corporate_tax_rate,20
technology_hardware_activity_medium_model,annual_depreciation_rate,10
technology_hardware_activity_medium_model,working_capital_days,30
technology_hardware_activity_medium_model,discount_rate,10
technology_hardware_activity_medium_model,loan_ratio,50
technology_hardware_activity_medium_model,interest_rate,8
technology_hardware_activity_medium_model,loan_term_years,5
technology_hardware_activity_large_model,rent_monthly,40000
technology_hardware_activity_large_model,salaries_monthly,120000
technology_hardware_activity_large_model,marketing_monthly,18000
technology_hardware_activity_large_model,utilities_monthly,8000
technology_hardware_activity_large_model,insurance_monthly,5000
technology_hardware_activity_large_model,revenue_growth_rate,5
technology_hardware_activity_large_model,cogs_ratio,35
technology_hardware_activity_large_model,vat_rate,15
technology_hardware_activity_large_model,corporate_tax_rate,20
technology_hardware_activity_large_model,annual_depreciation_rate,10
technology_hardware_activity_large_model,working_capital_days,30
technology_hardware_activity_large_model,discount_rate,10
technology_hardware_activity_large_model,loan_ratio,50
technology_hardware_activity_large_model,interest_rate,8
technology_hardware_activity_large_model,loan_term_years,5
technology_it_services_activity_small_model,rent_monthly,5000
technology_it_services_activity_small_model,salaries_monthly,15000
technology_it_services_activity_small_model,marketing_monthly,2000
technology_it_services_activity_small_model,utilities_monthly,1000
technology_it_services_activity_small_model,insurance_monthly,800
technology_it_services_activity_small_model,revenue_growth_rate,5
technology_it_services_activity_small_model,cogs_ratio,35
technology_it_services_activity_small_model,vat_rate,15
technology_it_services_activity_small_model,corporate_tax_rate,20
technology_it_services_activity_small_model,annual_depreciation_rate,10
technology_it_services_activity_small_model,working_capital_days,30
technology_it_services_activity_small_model,discount_rate,10
technology_it_services_activity_small_model,loan_ratio,50
technology_it_services_activity_small_model,interest_rate,8
technology_it_services_activity_small_model,loan_term_years,5
technology_it_services_activity_medium_model,rent_monthly,15000
technology_it_services_activity_medium_model,salaries_monthly,45000
technology_it_services_activity_medium_model,marketing_monthly,6000
technology_it_services_activity_medium_model,utilities_monthly,3000
technology_it_services_activity_medium_model,insurance_monthly,2000
technology_it_services_activity_medium_model,revenue_growth_rate,5
technology_it_services_activity_medium_model,cogs_ratio,35
technology_it_services_activity_medium_model,vat_rate,15
technology_it_services_activity_medium_model,corporate_tax_rate,20
technology_it_services_activity_medium_model,annual_depreciation_rate,10
technology_it_services_activity_medium_model,working_capital_days,30
technology_it_services_activity_medium_model,discount_rate,10
technology_it_services_activity_medium_model,loan_ratio,50
technology_it_services_activity_medium_model,interest_rate,8
technology_it_services_activity_medium_model,loan_term_years,5
technology_it_services_activity_large_model,rent_monthly,40000
technology_it_services_activity_large_model,salaries_monthly,120000
technology_it_services_activity_large_model,marketing_monthly,18000
technology_it_services_activity_large_model,utilities_monthly,8000
technology_it_services_activity_large_model,insurance_monthly,5000
technology_it_services_activity_large_model,revenue_growth_rate,5
technology_it_services_activity_large_model,cogs_ratio,35
technology_it_services_activity_large_model,vat_rate,15
technology_it_services_activity_large_model,corporate_tax_rate,20
technology_it_services_activity_large_model,annual_depreciation_rate,10
technology_it_services_activity_large_model,working_capital_days,30
technology_it_services_activity_large_model,discount_rate,10
technology_it_services_activity_large_model,loan_ratio,50
technology_it_services_activity_large_model,interest_rate,8
technology_it_services_activity_large_model,loan_term_years,5
technology_telecom_activity_small_model,rent_monthly,5000
technology_telecom_activity_small_model,salaries_monthly,15000
technology_telecom_activity_small_model,marketing_monthly,2000
technology_telecom_activity_small_model,utilities_monthly,1000
technology_telecom_activity_small_model,insurance_monthly,800
technology_telecom_activity_small_model,revenue_growth_rate,5
technology_telecom_activity_small_model,cogs_ratio,35
technology_telecom_activity_small_model,vat_rate,15
technology_telecom_activity_small_model,corporate_tax_rate,20
technology_telecom_activity_small_model,annual_depreciation_rate,10
technology_telecom_activity_small_model,working_capital_days,30
technology_telecom_activity_small_model,discount_rate,10
technology_telecom_activity_small_model,loan_ratio,50
technology_telecom_activity_small_model,interest_rate,8
technology_telecom_activity_small_model,loan_term_years,5
technology_telecom_activity_medium_model,rent_monthly,15000
technology_telecom_activity_medium_model,salaries_monthly,45000
technology_telecom_activity_medium_model,marketing_monthly,6000
technology_telecom_activity_medium_model,utilities_monthly,3000
technology_telecom_activity_medium_model,insurance_monthly,2000
technology_telecom_activity_medium_model,revenue_growth_rate,5
technology_telecom_activity_medium_model,cogs_ratio,35
technology_telecom_activity_medium_model,vat_rate,15
technology_telecom_activity_medium_model,corporate_tax_rate,20
technology_telecom_activity_medium_model,annual_depreciation_rate,10
technology_telecom_activity_medium_model,working_capital_days,30
technology_telecom_activity_medium_model,discount_rate,10
technology_telecom_activity_medium_model,loan_ratio,50
technology_telecom_activity_medium_model,interest_rate,8
technology_telecom_activity_medium_model,loan_term_years,5
technology_telecom_activity_large_model,rent_monthly,40000
technology_telecom_activity_large_model,salaries_monthly,120000
technology_telecom_activity_large_model,marketing_monthly,18000
technology_telecom_activity_large_model,utilities_monthly,8000
technology_telecom_activity_large_model,insurance_monthly,5000
technology_telecom_activity_large_model,revenue_growth_rate,5
technology_telecom_activity_large_model,cogs_ratio,35
technology_telecom_activity_large_model,vat_rate,15
technology_telecom_activity_large_model,corporate_tax_rate,20
technology_telecom_activity_large_model,annual_depreciation_rate,10
technology_telecom_activity_large_model,working_capital_days,30
technology_telecom_activity_large_model,discount_rate,10
technology_telecom_activity_large_model,loan_ratio,50
technology_telecom_activity_large_model,interest_rate,8
technology_telecom_activity_large_model,loan_term_years,5
artificial_intelligence_consulting_activity_small_model,rent_monthly,5000
artificial_intelligence_consulting_activity_small_model,salaries_monthly,15000
artificial_intelligence_consulting_activity_small_model,marketing_monthly,2000
artificial_intelligence_consulting_activity_small_model,utilities_monthly,1000
artificial_intelligence_consulting_activity_small_model,insurance_monthly,800
artificial_intelligence_consulting_activity_small_model,revenue_growth_rate,5
artificial_intelligence_consulting_activity_small_model,cogs_ratio,35
artificial_intelligence_consulting_activity_small_model,vat_rate,15
artificial_intelligence_consulting_activity_small_model,corporate_tax_rate,20
artificial_intelligence_consulting_activity_small_model,annual_depreciation_rate,10
artificial_intelligence_consulting_activity_small_model,working_capital_days,30
artificial_intelligence_consulting_activity_small_model,discount_rate,10
artificial_intelligence_consulting_activity_small_model,loan_ratio,50
artificial_intelligence_consulting_activity_small_model,interest_rate,8
artificial_intelligence_consulting_activity_small_model,loan_term_years,5
artificial_intelligence_consulting_activity_medium_model,rent_monthly,15000
artificial_intelligence_consulting_activity_medium_model,salaries_monthly,45000
artificial_intelligence_consulting_activity_medium_model,marketing_monthly,6000
artificial_intelligence_consulting_activity_medium_model,utilities_monthly,3000
artificial_intelligence_consulting_activity_medium_model,insurance_monthly,2000
artificial_intelligence_consulting_activity_medium_model,revenue_growth_rate,5
artificial_intelligence_consulting_activity_medium_model,cogs_ratio,35
artificial_intelligence_consulting_activity_medium_model,vat_rate,15
artificial_intelligence_consulting_activity_medium_model,corporate_tax_rate,20
artificial_intelligence_consulting_activity_medium_model,annual_depreciation_rate,10
artificial_intelligence_consulting_activity_medium_model,working_capital_days,30
artificial_intelligence_consulting_activity_medium_model,discount_rate,10
artificial_intelligence_consulting_activity_medium_model,loan_ratio,50
artificial_intelligence_consulting_activity_medium_model,interest_rate,8
artificial_intelligence_consulting_activity_medium_model,loan_term_years,5
artificial_intelligence_consulting_activity_large_model,rent_monthly,40000
artificial_intelligence_consulting_activity_large_model,salaries_monthly,120000
artificial_intelligence_consulting_activity_large_model,marketing_monthly,18000
artificial_intelligence_consulting_activity_large_model,utilities_monthly,8000
artificial_intelligence_consulting_activity_large_model,insurance_monthly,5000
artificial_intelligence_consulting_activity_large_model,revenue_growth_rate,5
artificial_intelligence_consulting_activity_large_model,cogs_ratio,35
artificial_intelligence_consulting_activity_large_model,vat_rate,15
artificial_intelligence_consulting_activity_large_model,corporate_tax_rate,20
artificial_intelligence_consulting_activity_large_model,annual_depreciation_rate,10
artificial_intelligence_consulting_activity_large_model,working_capital_days,30
artificial_intelligence_consulting_activity_large_model,discount_rate,10
artificial_intelligence_consulting_activity_large_model,loan_ratio,50
artificial_intelligence_consulting_activity_large_model,interest_rate,8
artificial_intelligence_consulting_activity_large_model,loan_term_years,5
artificial_intelligence_maintenance_activity_small_model,rent_monthly,5000
artificial_intelligence_maintenance_activity_small_model,salaries_monthly,15000
artificial_intelligence_maintenance_activity_small_model,marketing_monthly,2000
artificial_intelligence_maintenance_activity_small_model,utilities_monthly,1000
artificial_intelligence_maintenance_activity_small_model,insurance_monthly,800
artificial_intelligence_maintenance_activity_small_model,revenue_growth_rate,5
artificial_intelligence_maintenance_activity_small_model,cogs_ratio,35
artificial_intelligence_maintenance_activity_small_model,vat_rate,15
artificial_intelligence_maintenance_activity_small_model,corporate_tax_rate,20
artificial_intelligence_maintenance_activity_small_model,annual_depreciation_rate,10
artificial_intelligence_maintenance_activity_small_model,working_capital_days,30
artificial_intelligence_maintenance_activity_small_model,discount_rate,10
artificial_intelligence_maintenance_activity_small_model,loan_ratio,50
artificial_intelligence_maintenance_activity_small_model,interest_rate,8
artificial_intelligence_maintenance_activity_small_model,loan_term_years,5
artificial_intelligence_maintenance_activity_medium_model,rent_monthly,15000
artificial_intelligence_maintenance_activity_medium_model,salaries_monthly,45000
artificial_intelligence_maintenance_activity_medium_model,marketing_monthly,6000
artificial_intelligence_maintenance_activity_medium_model,utilities_monthly,3000
artificial_intelligence_maintenance_activity_medium_model,insurance_monthly,2000
artificial_intelligence_maintenance_activity_medium_model,revenue_growth_rate,5
artificial_intelligence_maintenance_activity_medium_model,cogs_ratio,35
artificial_intelligence_maintenance_activity_medium_model,vat_rate,15
artificial_intelligence_maintenance_activity_medium_model,corporate_tax_rate,20
artificial_intelligence_maintenance_activity_medium_model,annual_depreciation_rate,10
artificial_intelligence_maintenance_activity_medium_model,working_capital_days,30
artificial_intelligence_maintenance_activity_medium_model,discount_rate,10
artificial_intelligence_maintenance_activity_medium_model,loan_ratio,50
artificial_intelligence_maintenance_activity_medium_model,interest_rate,8
artificial_intelligence_maintenance_activity_medium_model,loan_term_years,5
artificial_intelligence_maintenance_activity_large_model,rent_monthly,40000
artificial_intelligence_maintenance_activity_large_model,salaries_monthly,120000
artificial_intelligence_maintenance_activity_large_model,marketing_monthly,18000
artificial_intelligence_maintenance_activity_large_model,utilities_monthly,8000
artificial_intelligence_maintenance_activity_large_model,insurance_monthly,5000
artificial_intelligence_maintenance_activity_large_model,revenue_growth_rate,5
artificial_intelligence_maintenance_activity_large_model,cogs_ratio,35
artificial_intelligence_maintenance_activity_large_model,vat_rate,15
artificial_intelligence_maintenance_activity_large_model,corporate_tax_rate,20
artificial_intelligence_maintenance_activity_large_model,annual_depreciation_rate,10
artificial_intelligence_maintenance_activity_large_model,working_capital_days,30
artificial_intelligence_maintenance_activity_large_model,discount_rate,10
artificial_intelligence_maintenance_activity_large_model,loan_ratio,50
artificial_intelligence_maintenance_activity_large_model,interest_rate,8
artificial_intelligence_maintenance_activity_large_model,loan_term_years,5
artificial_intelligence_cleaning_activity_small_model,rent_monthly,5000
artificial_intelligence_cleaning_activity_small_model,salaries_monthly,15000
artificial_intelligence_cleaning_activity_small_model,marketing_monthly,2000
artificial_intelligence_cleaning_activity_small_model,utilities_monthly,1000
artificial_intelligence_cleaning_activity_small_model,insurance_monthly,800
artificial_intelligence_cleaning_activity_small_model,revenue_growth_rate,5
artificial_intelligence_cleaning_activity_small_model,cogs_ratio,35
artificial_intelligence_cleaning_activity_small_model,vat_rate,15
artificial_intelligence_cleaning_activity_small_model,corporate_tax_rate,20
artificial_intelligence_cleaning_activity_small_model,annual_depreciation_rate,10
artificial_intelligence_cleaning_activity_small_model,working_capital_days,30
artificial_intelligence_cleaning_activity_small_model,discount_rate,10
artificial_intelligence_cleaning_activity_small_model,loan_ratio,50
artificial_intelligence_cleaning_activity_small_model,interest_rate,8
artificial_intelligence_cleaning_activity_small_model,loan_term_years,5
artificial_intelligence_cleaning_activity_medium_model,rent_monthly,15000
artificial_intelligence_cleaning_activity_medium_model,salaries_monthly,45000
artificial_intelligence_cleaning_activity_medium_model,marketing_monthly,6000
artificial_intelligence_cleaning_activity_medium_model,utilities_monthly,3000
artificial_intelligence_cleaning_activity_medium_model,insurance_monthly,2000
artificial_intelligence_cleaning_activity_medium_model,revenue_growth_rate,5
artificial_intelligence_cleaning_activity_medium_model,cogs_ratio,35
artificial_intelligence_cleaning_activity_medium_model,vat_rate,15
artificial_intelligence_cleaning_activity_medium_model,corporate_tax_rate,20
artificial_intelligence_cleaning_activity_medium_model,annual_depreciation_rate,10
artificial_intelligence_cleaning_activity_medium_model,working_capital_days,30
artificial_intelligence_cleaning_activity_medium_model,discount_rate,10
artificial_intelligence_cleaning_activity_medium_model,loan_ratio,50
artificial_intelligence_cleaning_activity_medium_model,interest_rate,8
artificial_intelligence_cleaning_activity_medium_model,loan_term_years,5
artificial_intelligence_cleaning_activity_large_model,rent_monthly,40000
artificial_intelligence_cleaning_activity_large_model,salaries_monthly,120000
artificial_intelligence_cleaning_activity_large_model,marketing_monthly,18000
artificial_intelligence_cleaning_activity_large_model,utilities_monthly,8000
artificial_intelligence_cleaning_activity_large_model,insurance_monthly,5000
artificial_intelligence_cleaning_activity_large_model,revenue_growth_rate,5
artificial_intelligence_cleaning_activity_large_model,cogs_ratio,35
artificial_intelligence_cleaning_activity_large_model,vat_rate,15
artificial_intelligence_cleaning_activity_large_model,corporate_tax_rate,20
artificial_intelligence_cleaning_activity_large_model,annual_depreciation_rate,10
artificial_intelligence_cleaning_activity_large_model,working_capital_days,30
artificial_intelligence_cleaning_activity_large_model,discount_rate,10
artificial_intelligence_cleaning_activity_large_model,loan_ratio,50
artificial_intelligence_cleaning_activity_large_model,interest_rate,8
artificial_intelligence_cleaning_activity_large_model,loan_term_years,5
artificial_intelligence_security_activity_small_model,rent_monthly,5000
artificial_intelligence_security_activity_small_model,salaries_monthly,15000
artificial_intelligence_security_activity_small_model,marketing_monthly,2000
artificial_intelligence_security_activity_small_model,utilities_monthly,1000
artificial_intelligence_security_activity_small_model,insurance_monthly,800
artificial_intelligence_security_activity_small_model,revenue_growth_rate,5
artificial_intelligence_security_activity_small_model,cogs_ratio,35
artificial_intelligence_security_activity_small_model,vat_rate,15
artificial_intelligence_security_activity_small_model,corporate_tax_rate,20
artificial_intelligence_security_activity_small_model,annual_depreciation_rate,10
artificial_intelligence_security_activity_small_model,working_capital_days,30
artificial_intelligence_security_activity_small_model,discount_rate,10
artificial_intelligence_security_activity_small_model,loan_ratio,50
artificial_intelligence_security_activity_small_model,interest_rate,8
artificial_intelligence_security_activity_small_model,loan_term_years,5
artificial_intelligence_security_activity_medium_model,rent_monthly,15000
artificial_intelligence_security_activity_medium_model,salaries_monthly,45000
artificial_intelligence_security_activity_medium_model,marketing_monthly,6000
artificial_intelligence_security_activity_medium_model,utilities_monthly,3000
artificial_intelligence_security_activity_medium_model,insurance_monthly,2000
artificial_intelligence_security_activity_medium_model,revenue_growth_rate,5
artificial_intelligence_security_activity_medium_model,cogs_ratio,35
artificial_intelligence_security_activity_medium_model,vat_rate,15
artificial_intelligence_security_activity_medium_model,corporate_tax_rate,20
artificial_intelligence_security_activity_medium_model,annual_depreciation_rate,10
artificial_intelligence_security_activity_medium_model,working_capital_days,30
artificial_intelligence_security_activity_medium_model,discount_rate,10
artificial_intelligence_security_activity_medium_model,loan_ratio,50
artificial_intelligence_security_activity_medium_model,interest_rate,8
artificial_intelligence_security_activity_medium_model,loan_term_years,5
artificial_intelligence_security_activity_large_model,rent_monthly,40000
artificial_intelligence_security_activity_large_model,salaries_monthly,120000
artificial_intelligence_security_activity_large_model,marketing_monthly,18000
artificial_intelligence_security_activity_large_model,utilities_monthly,8000
artificial_intelligence_security_activity_large_model,insurance_monthly,5000
artificial_intelligence_security_activity_large_model,revenue_growth_rate,5
artificial_intelligence_security_activity_large_model,cogs_ratio,35
artificial_intelligence_security_activity_large_model,vat_rate,15
artificial_intelligence_security_activity_large_model,corporate_tax_rate,20
artificial_intelligence_security_activity_large_model,annual_depreciation_rate,10
artificial_intelligence_security_activity_large_model,working_capital_days,30
artificial_intelligence_security_activity_large_model,discount_rate,10
artificial_intelligence_security_activity_large_model,loan_ratio,50
artificial_intelligence_security_activity_large_model,interest_rate,8
artificial_intelligence_security_activity_large_model,loan_term_years,5
cybersecurity_software_activity_small_model,rent_monthly,5000
cybersecurity_software_activity_small_model,salaries_monthly,15000
cybersecurity_software_activity_small_model,marketing_monthly,2000
cybersecurity_software_activity_small_model,utilities_monthly,1000
cybersecurity_software_activity_small_model,insurance_monthly,800
cybersecurity_software_activity_small_model,revenue_growth_rate,5
cybersecurity_software_activity_small_model,cogs_ratio,35
cybersecurity_software_activity_small_model,vat_rate,15
cybersecurity_software_activity_small_model,corporate_tax_rate,20
cybersecurity_software_activity_small_model,annual_depreciation_rate,10
cybersecurity_software_activity_small_model,working_capital_days,30
cybersecurity_software_activity_small_model,discount_rate,10
cybersecurity_software_activity_small_model,loan_ratio,50
cybersecurity_software_activity_small_model,interest_rate,8
cybersecurity_software_activity_small_model,loan_term_years,5
cybersecurity_software_activity_medium_model,rent_monthly,15000
cybersecurity_software_activity_medium_model,salaries_monthly,45000
cybersecurity_software_activity_medium_model,marketing_monthly,6000
cybersecurity_software_activity_medium_model,utilities_monthly,3000
cybersecurity_software_activity_medium_model,insurance_monthly,2000
cybersecurity_software_activity_medium_model,revenue_growth_rate,5
cybersecurity_software_activity_medium_model,cogs_ratio,35
cybersecurity_software_activity_medium_model,vat_rate,15
cybersecurity_software_activity_medium_model,corporate_tax_rate,20
cybersecurity_software_activity_medium_model,annual_depreciation_rate,10
cybersecurity_software_activity_medium_model,working_capital_days,30
cybersecurity_software_activity_medium_model,discount_rate,10
cybersecurity_software_activity_medium_model,loan_ratio,50
cybersecurity_software_activity_medium_model,interest_rate,8
cybersecurity_software_activity_medium_model,loan_term_years,5
cybersecurity_software_activity_large_model,rent_monthly,40000
cybersecurity_software_activity_large_model,salaries_monthly,120000
cybersecurity_software_activity_large_model,marketing_monthly,18000
cybersecurity_software_activity_large_model,utilities_monthly,8000
cybersecurity_software_activity_large_model,insurance_monthly,5000
cybersecurity_software_activity_large_model,revenue_growth_rate,5
cybersecurity_software_activity_large_model,cogs_ratio,35
cybersecurity_software_activity_large_model,vat_rate,15
cybersecurity_software_activity_large_model,corporate_tax_rate,20
cybersecurity_software_activity_large_model,annual_depreciation_rate,10
cybersecurity_software_activity_large_model,working_capital_days,30
cybersecurity_software_activity_large_model,discount_rate,10
cybersecurity_software_activity_large_model,loan_ratio,50
cybersecurity_software_activity_large_model,interest_rate,8
cybersecurity_software_activity_large_model,loan_term_years,5
cybersecurity_hardware_activity_small_model,rent_monthly,5000
cybersecurity_hardware_activity_small_model,salaries_monthly,15000
cybersecurity_hardware_activity_small_model,marketing_monthly,2000
cybersecurity_hardware_activity_small_model,utilities_monthly,1000
cybersecurity_hardware_activity_small_model,insurance_monthly,800
cybersecurity_hardware_activity_small_model,revenue_growth_rate,5
cybersecurity_hardware_activity_small_model,cogs_ratio,35
cybersecurity_hardware_activity_small_model,vat_rate,15
cybersecurity_hardware_activity_small_model,corporate_tax_rate,20
cybersecurity_hardware_activity_small_model,annual_depreciation_rate,10
cybersecurity_hardware_activity_small_model,working_capital_days,30
cybersecurity_hardware_activity_small_model,discount_rate,10
cybersecurity_hardware_activity_small_model,loan_ratio,50
cybersecurity_hardware_activity_small_model,interest_rate,8
cybersecurity_hardware_activity_small_model,loan_term_years,5
cybersecurity_hardware_activity_medium_model,rent_monthly,15000
cybersecurity_hardware_activity_medium_model,salaries_monthly,45000
cybersecurity_hardware_activity_medium_model,marketing_monthly,6000
cybersecurity_hardware_activity_medium_model,utilities_monthly,3000
cybersecurity_hardware_activity_medium_model,insurance_monthly,2000
cybersecurity_hardware_activity_medium_model,revenue_growth_rate,5
cybersecurity_hardware_activity_medium_model,cogs_ratio,35
cybersecurity_hardware_activity_medium_model,vat_rate,15
cybersecurity_hardware_activity_medium_model,corporate_tax_rate,20
cybersecurity_hardware_activity_medium_model,annual_depreciation_rate,10
cybersecurity_hardware_activity_medium_model,working_capital_days,30
cybersecurity_hardware_activity_medium_model,discount_rate,10
cybersecurity_hardware_activity_medium_model,loan_ratio,50
cybersecurity_hardware_activity_medium_model,interest_rate,8
cybersecurity_hardware_activity_medium_model,loan_term_years,5
cybersecurity_hardware_activity_large_model,rent_monthly,40000
cybersecurity_hardware_activity_large_model,salaries_monthly,120000
cybersecurity_hardware_activity_large_model,marketing_monthly,18000
cybersecurity_hardware_activity_large_model,utilities_monthly,8000
cybersecurity_hardware_activity_large_model,insurance_monthly,5000
cybersecurity_hardware_activity_large_model,revenue_growth_rate,5
cybersecurity_hardware_activity_large_model,cogs_ratio,35
cybersecurity_hardware_activity_large_model,vat_rate,15
cybersecurity_hardware_activity_large_model,corporate_tax_rate,20
cybersecurity_hardware_activity_large_model,annual_depreciation_rate,10
cybersecurity_hardware_activity_large_model,working_capital_days,30
cybersecurity_hardware_activity_large_model,discount_rate,10
cybersecurity_hardware_activity_large_model,loan_ratio,50
cybersecurity_hardware_activity_large_model,interest_rate,8
cybersecurity_hardware_activity_large_model,loan_term_years,5
cybersecurity_it_services_activity_small_model,rent_monthly,5000
cybersecurity_it_services_activity_small_model,salaries_monthly,15000
cybersecurity_it_services_activity_small_model,marketing_monthly,2000
cybersecurity_it_services_activity_small_model,utilities_monthly,1000
cybersecurity_it_services_activity_small_model,insurance_monthly,800
cybersecurity_it_services_activity_small_model,revenue_growth_rate,5
cybersecurity_it_services_activity_small_model,cogs_ratio,35
cybersecurity_it_services_activity_small_model,vat_rate,15
cybersecurity_it_services_activity_small_model,corporate_tax_rate,20
cybersecurity_it_services_activity_small_model,annual_depreciation_rate,10
cybersecurity_it_services_activity_small_model,working_capital_days,30
cybersecurity_it_services_activity_small_model,discount_rate,10
cybersecurity_it_services_activity_small_model,loan_ratio,50
cybersecurity_it_services_activity_small_model,interest_rate,8
cybersecurity_it_services_activity_small_model,loan_term_years,5
cybersecurity_it_services_activity_medium_model,rent_monthly,15000
cybersecurity_it_services_activity_medium_model,salaries_monthly,45000
cybersecurity_it_services_activity_medium_model,marketing_monthly,6000
cybersecurity_it_services_activity_medium_model,utilities_monthly,3000
cybersecurity_it_services_activity_medium_model,insurance_monthly,2000
cybersecurity_it_services_activity_medium_model,revenue_growth_rate,5
cybersecurity_it_services_activity_medium_model,cogs_ratio,35
cybersecurity_it_services_activity_medium_model,vat_rate,15
cybersecurity_it_services_activity_medium_model,corporate_tax_rate,20
cybersecurity_it_services_activity_medium_model,annual_depreciation_rate,10
cybersecurity_it_services_activity_medium_model,working_capital_days,30
cybersecurity_it_services_activity_medium_model,discount_rate,10
cybersecurity_it_services_activity_medium_model,loan_ratio,50
cybersecurity_it_services_activity_medium_model,interest_rate,8
cybersecurity_it_services_activity_medium_model,loan_term_years,5
cybersecurity_it_services_activity_large_model,rent_monthly,40000
cybersecurity_it_services_activity_large_model,salaries_monthly,120000
cybersecurity_it_services_activity_large_model,marketing_monthly,18000
cybersecurity_it_services_activity_large_model,utilities_monthly,8000
cybersecurity_it_services_activity_large_model,insurance_monthly,5000
cybersecurity_it_services_activity_large_model,revenue_growth_rate,5
cybersecurity_it_services_activity_large_model,cogs_ratio,35
cybersecurity_it_services_activity_large_model,vat_rate,15
cybersecurity_it_services_activity_large_model,corporate_tax_rate,20
cybersecurity_it_services_activity_large_model,annual_depreciation_rate,10
cybersecurity_it_services_activity_large_model,working_capital_days,30
cybersecurity_it_services_activity_large_model,discount_rate,10
cybersecurity_it_services_activity_large_model,loan_ratio,50
cybersecurity_it_services_activity_large_model,interest_rate,8
cybersecurity_it_services_activity_large_model,loan_term_years,5
cybersecurity_telecom_activity_small_model,rent_monthly,5000
cybersecurity_telecom_activity_small_model,salaries_monthly,15000
cybersecurity_telecom_activity_small_model,marketing_monthly,2000
cybersecurity_telecom_activity_small_model,utilities_monthly,1000
cybersecurity_telecom_activity_small_model,insurance_monthly,800
cybersecurity_telecom_activity_small_model,revenue_growth_rate,5
cybersecurity_telecom_activity_small_model,cogs_ratio,35
cybersecurity_telecom_activity_small_model,vat_rate,15
cybersecurity_telecom_activity_small_model,corporate_tax_rate,20
cybersecurity_telecom_activity_small_model,annual_depreciation_rate,10
cybersecurity_telecom_activity_small_model,working_capital_days,30
cybersecurity_telecom_activity_small_model,discount_rate,10
cybersecurity_telecom_activity_small_model,loan_ratio,50
cybersecurity_telecom_activity_small_model,interest_rate,8
cybersecurity_telecom_activity_small_model,loan_term_years,5
cybersecurity_telecom_activity_medium_model,rent_monthly,15000
cybersecurity_telecom_activity_medium_model,salaries_monthly,45000
cybersecurity_telecom_activity_medium_model,marketing_monthly,6000
cybersecurity_telecom_activity_medium_model,utilities_monthly,3000
cybersecurity_telecom_activity_medium_model,insurance_monthly,2000
cybersecurity_telecom_activity_medium_model,revenue_growth_rate,5
cybersecurity_telecom_activity_medium_model,cogs_ratio,35
cybersecurity_telecom_activity_medium_model,vat_rate,15
cybersecurity_telecom_activity_medium_model,corporate_tax_rate,20
cybersecurity_telecom_activity_medium_model,annual_depreciation_rate,10
cybersecurity_telecom_activity_medium_model,working_capital_days,30
cybersecurity_telecom_activity_medium_model,discount_rate,10
cybersecurity_telecom_activity_medium_model,loan_ratio,50
cybersecurity_telecom_activity_medium_model,interest_rate,8
cybersecurity_telecom_activity_medium_model,loan_term_years,5
cybersecurity_telecom_activity_large_model,rent_monthly,40000
cybersecurity_telecom_activity_large_model,salaries_monthly,120000
cybersecurity_telecom_activity_large_model,marketing_monthly,18000
cybersecurity_telecom_activity_large_model,utilities_monthly,8000
cybersecurity_telecom_activity_large_model,insurance_monthly,5000
cybersecurity_telecom_activity_large_model,revenue_growth_rate,5
cybersecurity_telecom_activity_large_model,cogs_ratio,35
cybersecurity_telecom_activity_large_model,vat_rate,15
cybersecurity_telecom_activity_large_model,corporate_tax_rate,20
cybersecurity_telecom_activity_large_model,annual_depreciation_rate,10
cybersecurity_telecom_activity_large_model,working_capital_days,30
cybersecurity_telecom_activity_large_model,discount_rate,10
cybersecurity_telecom_activity_large_model,loan_ratio,50
cybersecurity_telecom_activity_large_model,interest_rate,8
cybersecurity_telecom_activity_large_model,loan_term_years,5
commerce_retail_activity_small_model,rent_monthly,5000
commerce_retail_activity_small_model,salaries_monthly,15000
commerce_retail_activity_small_model,marketing_monthly,2000
commerce_retail_activity_small_model,utilities_monthly,1000
commerce_retail_activity_small_model,insurance_monthly,800
commerce_retail_activity_small_model,revenue_growth_rate,5
commerce_retail_activity_small_model,cogs_ratio,35
commerce_retail_activity_small_model,vat_rate,15
commerce_retail_activity_small_model,corporate_tax_rate,20
commerce_retail_activity_small_model,annual_depreciation_rate,10
commerce_retail_activity_small_model,working_capital_days,30
commerce_retail_activity_small_model,discount_rate,10
commerce_retail_activity_small_model,loan_ratio,50
commerce_retail_activity_small_model,interest_rate,8
commerce_retail_activity_small_model,loan_term_years,5
commerce_retail_activity_medium_model,rent_monthly,15000
commerce_retail_activity_medium_model,salaries_monthly,45000
commerce_retail_activity_medium_model,marketing_monthly,6000
commerce_retail_activity_medium_model,utilities_monthly,3000
commerce_retail_activity_medium_model,insurance_monthly,2000
commerce_retail_activity_medium_model,revenue_growth_rate,5
commerce_retail_activity_medium_model,cogs_ratio,35
commerce_retail_activity_medium_model,vat_rate,15
commerce_retail_activity_medium_model,corporate_tax_rate,20
commerce_retail_activity_medium_model,annual_depreciation_rate,10
commerce_retail_activity_medium_model,working_capital_days,30
commerce_retail_activity_medium_model,discount_rate,10
commerce_retail_activity_medium_model,loan_ratio,50
commerce_retail_activity_medium_model,interest_rate,8
commerce_retail_activity_medium_model,loan_term_years,5
commerce_retail_activity_large_model,rent_monthly,40000
commerce_retail_activity_large_model,salaries_monthly,120000
commerce_retail_activity_large_model,marketing_monthly,18000
commerce_retail_activity_large_model,utilities_monthly,8000
commerce_retail_activity_large_model,insurance_monthly,5000
commerce_retail_activity_large_model,revenue_growth_rate,5
commerce_retail_activity_large_model,cogs_ratio,35
commerce_retail_activity_large_model,vat_rate,15
commerce_retail_activity_large_model,corporate_tax_rate,20
commerce_retail_activity_large_model,annual_depreciation_rate,10
commerce_retail_activity_large_model,working_capital_days,30
commerce_retail_activity_large_model,discount_rate,10
commerce_retail_activity_large_model,loan_ratio,50
commerce_retail_activity_large_model,interest_rate,8
commerce_retail_activity_large_model,loan_term_years,5
commerce_wholesale_activity_small_model,rent_monthly,5000
commerce_wholesale_activity_small_model,salaries_monthly,15000
commerce_wholesale_activity_small_model,marketing_monthly,2000
commerce_wholesale_activity_small_model,utilities_monthly,1000
commerce_wholesale_activity_small_model,insurance_monthly,800
commerce_wholesale_activity_small_model,revenue_growth_rate,5
commerce_wholesale_activity_small_model,cogs_ratio,35
commerce_wholesale_activity_small_model,vat_rate,15
commerce_wholesale_activity_small_model,corporate_tax_rate,20
commerce_wholesale_activity_small_model,annual_depreciation_rate,10
commerce_wholesale_activity_small_model,working_capital_days,30
commerce_wholesale_activity_small_model,discount_rate,10
commerce_wholesale_activity_small_model,loan_ratio,50
commerce_wholesale_activity_small_model,interest_rate,8
commerce_wholesale_activity_small_model,loan_term_years,5
commerce_wholesale_activity_medium_model,rent_monthly,15000
commerce_wholesale_activity_medium_model,salaries_monthly,45000
commerce_wholesale_activity_medium_model,marketing_monthly,6000
commerce_wholesale_activity_medium_model,utilities_monthly,3000
commerce_wholesale_activity_medium_model,insurance_monthly,2000
commerce_wholesale_activity_medium_model,revenue_growth_rate,5
commerce_wholesale_activity_medium_model,cogs_ratio,35
commerce_wholesale_activity_medium_model,vat_rate,15
commerce_wholesale_activity_medium_model,corporate_tax_rate,20
commerce_wholesale_activity_medium_model,annual_depreciation_rate,10
commerce_wholesale_activity_medium_model,working_capital_days,30
commerce_wholesale_activity_medium_model,discount_rate,10
commerce_wholesale_activity_medium_model,loan_ratio,50
commerce_wholesale_activity_medium_model,interest_rate,8
commerce_wholesale_activity_medium_model,loan_term_years,5
commerce_wholesale_activity_large_model,rent_monthly,40000
commerce_wholesale_activity_large_model,salaries_monthly,120000
commerce_wholesale_activity_large_model,marketing_monthly,18000
commerce_wholesale_activity_large_model,utilities_monthly,8000
commerce_wholesale_activity_large_model,insurance_monthly,5000
commerce_wholesale_activity_large_model,revenue_growth_rate,5
commerce_wholesale_activity_large_model,cogs_ratio,35
commerce_wholesale_activity_large_model,vat_rate,15
commerce_wholesale_activity_large_model,corporate_tax_rate,20
commerce_wholesale_activity_large_model,annual_depreciation_rate,10
commerce_wholesale_activity_large_model,working_capital_days,30
commerce_wholesale_activity_large_model,discount_rate,10
commerce_wholesale_activity_large_model,loan_ratio,50
commerce_wholesale_activity_large_model,interest_rate,8
commerce_wholesale_activity_large_model,loan_term_years,5
commerce_ecommerce_activity_small_model,rent_monthly,5000
commerce_ecommerce_activity_small_model,salaries_monthly,15000
commerce_ecommerce_activity_small_model,marketing_monthly,2000
commerce_ecommerce_activity_small_model,utilities_monthly,1000
commerce_ecommerce_activity_small_model,insurance_monthly,800
commerce_ecommerce_activity_small_model,revenue_growth_rate,5
commerce_ecommerce_activity_small_model,cogs_ratio,35
commerce_ecommerce_activity_small_model,vat_rate,15
commerce_ecommerce_activity_small_model,corporate_tax_rate,20
commerce_ecommerce_activity_small_model,annual_depreciation_rate,10
commerce_ecommerce_activity_small_model,working_capital_days,30
commerce_ecommerce_activity_small_model,discount_rate,10
commerce_ecommerce_activity_small_model,loan_ratio,50
commerce_ecommerce_activity_small_model,interest_rate,8
commerce_ecommerce_activity_small_model,loan_term_years,5
commerce_ecommerce_activity_medium_model,rent_monthly,15000
commerce_ecommerce_activity_medium_model,salaries_monthly,45000
commerce_ecommerce_activity_medium_model,marketing_monthly,6000
commerce_ecommerce_activity_medium_model,utilities_monthly,3000
commerce_ecommerce_activity_medium_model,insurance_monthly,2000
commerce_ecommerce_activity_medium_model,revenue_growth_rate,5
commerce_ecommerce_activity_medium_model,cogs_ratio,35
commerce_ecommerce_activity_medium_model,vat_rate,15
commerce_ecommerce_activity_medium_model,corporate_tax_rate,20
commerce_ecommerce_activity_medium_model,annual_depreciation_rate,10
commerce_ecommerce_activity_medium_model,working_capital_days,30
commerce_ecommerce_activity_medium_model,discount_rate,10
commerce_ecommerce_activity_medium_model,loan_ratio,50
commerce_ecommerce_activity_medium_model,interest_rate,8
commerce_ecommerce_activity_medium_model,loan_term_years,5
commerce_ecommerce_activity_large_model,rent_monthly,40000
commerce_ecommerce_activity_large_model,salaries_monthly,120000
commerce_ecommerce_activity_large_model,marketing_monthly,18000
commerce_ecommerce_activity_large_model,utilities_monthly,8000
commerce_ecommerce_activity_large_model,insurance_monthly,5000
commerce_ecommerce_activity_large_model,revenue_growth_rate,5
commerce_ecommerce_activity_large_model,cogs_ratio,35
commerce_ecommerce_activity_large_model,vat_rate,15
commerce_ecommerce_activity_large_model,corporate_tax_rate,20
commerce_ecommerce_activity_large_model,annual_depreciation_rate,10
commerce_ecommerce_activity_large_model,working_capital_days,30
commerce_ecommerce_activity_large_model,discount_rate,10
commerce_ecommerce_activity_large_model,loan_ratio,50
commerce_ecommerce_activity_large_model,interest_rate,8
commerce_ecommerce_activity_large_model,loan_term_years,5
commerce_import_export_activity_small_model,rent_monthly,5000
commerce_import_export_activity_small_model,salaries_monthly,15000
commerce_import_export_activity_small_model,marketing_monthly,2000
commerce_import_export_activity_small_model,utilities_monthly,1000
commerce_import_export_activity_small_model,insurance_monthly,800
commerce_import_export_activity_small_model,revenue_growth_rate,5
commerce_import_export_activity_small_model,cogs_ratio,35
commerce_import_export_activity_small_model,vat_rate,15
commerce_import_export_activity_small_model,corporate_tax_rate,20
commerce_import_export_activity_small_model,annual_depreciation_rate,10
commerce_import_export_activity_small_model,working_capital_days,30
commerce_import_export_activity_small_model,discount_rate,10
commerce_import_export_activity_small_model,loan_ratio,50
commerce_import_export_activity_small_model,interest_rate,8
commerce_import_export_activity_small_model,loan_term_years,5
commerce_import_export_activity_medium_model,rent_monthly,15000
commerce_import_export_activity_medium_model,salaries_monthly,45000
commerce_import_export_activity_medium_model,marketing_monthly,6000
commerce_import_export_activity_medium_model,utilities_monthly,3000
commerce_import_export_activity_medium_model,insurance_monthly,2000
commerce_import_export_activity_medium_model,revenue_growth_rate,5
commerce_import_export_activity_medium_model,cogs_ratio,35
commerce_import_export_activity_medium_model,vat_rate,15
commerce_import_export_activity_medium_model,corporate_tax_rate,20
commerce_import_export_activity_medium_model,annual_depreciation_rate,10
commerce_import_export_activity_medium_model,working_capital_days,30
commerce_import_export_activity_medium_model,discount_rate,10
commerce_import_export_activity_medium_model,loan_ratio,50
commerce_import_export_activity_medium_model,interest_rate,8
commerce_import_export_activity_medium_model,loan_term_years,5
commerce_import_export_activity_large_model,rent_monthly,40000
commerce_import_export_activity_large_model,salaries_monthly,120000
commerce_import_export_activity_large_model,marketing_monthly,18000
commerce_import_export_activity_large_model,utilities_monthly,8000
commerce_import_export_activity_large_model,insurance_monthly,5000
commerce_import_export_activity_large_model,revenue_growth_rate,5
commerce_import_export_activity_large_model,cogs_ratio,35
commerce_import_export_activity_large_model,vat_rate,15
commerce_import_export_activity_large_model,corporate_tax_rate,20
commerce_import_export_activity_large_model,annual_depreciation_rate,10
commerce_import_export_activity_large_model,working_capital_days,30
commerce_import_export_activity_large_model,discount_rate,10
commerce_import_export_activity_large_model,loan_ratio,50
commerce_import_export_activity_large_model,interest_rate,8
commerce_import_export_activity_large_model,loan_term_years,5
ecommerce_retail_activity_small_model,rent_monthly,5000
ecommerce_retail_activity_small_model,salaries_monthly,15000
ecommerce_retail_activity_small_model,marketing_monthly,2000
ecommerce_retail_activity_small_model,utilities_monthly,1000
ecommerce_retail_activity_small_model,insurance_monthly,800
ecommerce_retail_activity_small_model,revenue_growth_rate,5
ecommerce_retail_activity_small_model,cogs_ratio,35
ecommerce_retail_activity_small_model,vat_rate,15
ecommerce_retail_activity_small_model,corporate_tax_rate,20
ecommerce_retail_activity_small_model,annual_depreciation_rate,10
ecommerce_retail_activity_small_model,working_capital_days,30
ecommerce_retail_activity_small_model,discount_rate,10
ecommerce_retail_activity_small_model,loan_ratio,50
ecommerce_retail_activity_small_model,interest_rate,8
ecommerce_retail_activity_small_model,loan_term_years,5
ecommerce_retail_activity_medium_model,rent_monthly,15000
ecommerce_retail_activity_medium_model,salaries_monthly,45000
ecommerce_retail_activity_medium_model,marketing_monthly,6000
ecommerce_retail_activity_medium_model,utilities_monthly,3000
ecommerce_retail_activity_medium_model,insurance_monthly,2000
ecommerce_retail_activity_medium_model,revenue_growth_rate,5
ecommerce_retail_activity_medium_model,cogs_ratio,35
ecommerce_retail_activity_medium_model,vat_rate,15
ecommerce_retail_activity_medium_model,corporate_tax_rate,20
ecommerce_retail_activity_medium_model,annual_depreciation_rate,10
ecommerce_retail_activity_medium_model,working_capital_days,30
ecommerce_retail_activity_medium_model,discount_rate,10
ecommerce_retail_activity_medium_model,loan_ratio,50
ecommerce_retail_activity_medium_model,interest_rate,8
ecommerce_retail_activity_medium_model,loan_term_years,5
ecommerce_retail_activity_large_model,rent_monthly,40000
ecommerce_retail_activity_large_model,salaries_monthly,120000
ecommerce_retail_activity_large_model,marketing_monthly,18000
ecommerce_retail_activity_large_model,utilities_monthly,8000
ecommerce_retail_activity_large_model,insurance_monthly,5000
ecommerce_retail_activity_large_model,revenue_growth_rate,5
ecommerce_retail_activity_large_model,cogs_ratio,35
ecommerce_retail_activity_large_model,vat_rate,15
ecommerce_retail_activity_large_model,corporate_tax_rate,20
ecommerce_retail_activity_large_model,annual_depreciation_rate,10
ecommerce_retail_activity_large_model,working_capital_days,30
ecommerce_retail_activity_large_model,discount_rate,10
ecommerce_retail_activity_large_model,loan_ratio,50
ecommerce_retail_activity_large_model,interest_rate,8
ecommerce_retail_activity_large_model,loan_term_years,5
ecommerce_wholesale_activity_small_model,rent_monthly,5000
ecommerce_wholesale_activity_small_model,salaries_monthly,15000
ecommerce_wholesale_activity_small_model,marketing_monthly,2000
ecommerce_wholesale_activity_small_model,utilities_monthly,1000
ecommerce_wholesale_activity_small_model,insurance_monthly,800
ecommerce_wholesale_activity_small_model,revenue_growth_rate,5
ecommerce_wholesale_activity_small_model,cogs_ratio,35
ecommerce_wholesale_activity_small_model,vat_rate,15
ecommerce_wholesale_activity_small_model,corporate_tax_rate,20
ecommerce_wholesale_activity_small_model,annual_depreciation_rate,10
ecommerce_wholesale_activity_small_model,working_capital_days,30
ecommerce_wholesale_activity_small_model,discount_rate,10
ecommerce_wholesale_activity_small_model,loan_ratio,50
ecommerce_wholesale_activity_small_model,interest_rate,8
ecommerce_wholesale_activity_small_model,loan_term_years,5
ecommerce_wholesale_activity_medium_model,rent_monthly,15000
ecommerce_wholesale_activity_medium_model,salaries_monthly,45000
ecommerce_wholesale_activity_medium_model,marketing_monthly,6000
ecommerce_wholesale_activity_medium_model,utilities_monthly,3000
ecommerce_wholesale_activity_medium_model,insurance_monthly,2000
ecommerce_wholesale_activity_medium_model,revenue_growth_rate,5
ecommerce_wholesale_activity_medium_model,cogs_ratio,35
ecommerce_wholesale_activity_medium_model,vat_rate,15
ecommerce_wholesale_activity_medium_model,corporate_tax_rate,20
ecommerce_wholesale_activity_medium_model,annual_depreciation_rate,10
ecommerce_wholesale_activity_medium_model,working_capital_days,30
ecommerce_wholesale_activity_medium_model,discount_rate,10
ecommerce_wholesale_activity_medium_model,loan_ratio,50
ecommerce_wholesale_activity_medium_model,interest_rate,8
ecommerce_wholesale_activity_medium_model,loan_term_years,5
ecommerce_wholesale_activity_large_model,rent_monthly,40000
ecommerce_wholesale_activity_large_model,salaries_monthly,120000
ecommerce_wholesale_activity_large_model,marketing_monthly,18000
ecommerce_wholesale_activity_large_model,utilities_monthly,8000
ecommerce_wholesale_activity_large_model,insurance_monthly,5000
ecommerce_wholesale_activity_large_model,revenue_growth_rate,5
ecommerce_wholesale_activity_large_model,cogs_ratio,35
ecommerce_wholesale_activity_large_model,vat_rate,15
ecommerce_wholesale_activity_large_model,corporate_tax_rate,20
ecommerce_wholesale_activity_large_model,annual_depreciation_rate,10
ecommerce_wholesale_activity_large_model,working_capital_days,30
ecommerce_wholesale_activity_large_model,discount_rate,10
ecommerce_wholesale_activity_large_model,loan_ratio,50
ecommerce_wholesale_activity_large_model,interest_rate,8
ecommerce_wholesale_activity_large_model,loan_term_years,5
ecommerce_ecommerce_activity_small_model,rent_monthly,5000
ecommerce_ecommerce_activity_small_model,salaries_monthly,15000
ecommerce_ecommerce_activity_small_model,marketing_monthly,2000
ecommerce_ecommerce_activity_small_model,utilities_monthly,1000
ecommerce_ecommerce_activity_small_model,insurance_monthly,800
ecommerce_ecommerce_activity_small_model,revenue_growth_rate,5
ecommerce_ecommerce_activity_small_model,cogs_ratio,35
ecommerce_ecommerce_activity_small_model,vat_rate,15
ecommerce_ecommerce_activity_small_model,corporate_tax_rate,20
ecommerce_ecommerce_activity_small_model,annual_depreciation_rate,10
ecommerce_ecommerce_activity_small_model,working_capital_days,30
ecommerce_ecommerce_activity_small_model,discount_rate,10
ecommerce_ecommerce_activity_small_model,loan_ratio,50
ecommerce_ecommerce_activity_small_model,interest_rate,8
ecommerce_ecommerce_activity_small_model,loan_term_years,5
ecommerce_ecommerce_activity_medium_model,rent_monthly,15000
ecommerce_ecommerce_activity_medium_model,salaries_monthly,45000
ecommerce_ecommerce_activity_medium_model,marketing_monthly,6000
ecommerce_ecommerce_activity_medium_model,utilities_monthly,3000
ecommerce_ecommerce_activity_medium_model,insurance_monthly,2000
ecommerce_ecommerce_activity_medium_model,revenue_growth_rate,5
ecommerce_ecommerce_activity_medium_model,cogs_ratio,35
ecommerce_ecommerce_activity_medium_model,vat_rate,15
ecommerce_ecommerce_activity_medium_model,corporate_tax_rate,20
ecommerce_ecommerce_activity_medium_model,annual_depreciation_rate,10
ecommerce_ecommerce_activity_medium_model,working_capital_days,30
ecommerce_ecommerce_activity_medium_model,discount_rate,10
ecommerce_ecommerce_activity_medium_model,loan_ratio,50
ecommerce_ecommerce_activity_medium_model,interest_rate,8
ecommerce_ecommerce_activity_medium_model,loan_term_years,5
ecommerce_ecommerce_activity_large_model,rent_monthly,40000
ecommerce_ecommerce_activity_large_model,salaries_monthly,120000
ecommerce_ecommerce_activity_large_model,marketing_monthly,18000
ecommerce_ecommerce_activity_large_model,utilities_monthly,8000
ecommerce_ecommerce_activity_large_model,insurance_monthly,5000
ecommerce_ecommerce_activity_large_model,revenue_growth_rate,5
ecommerce_ecommerce_activity_large_model,cogs_ratio,35
ecommerce_ecommerce_activity_large_model,vat_rate,15
ecommerce_ecommerce_activity_large_model,corporate_tax_rate,20
ecommerce_ecommerce_activity_large_model,annual_depreciation_rate,10
ecommerce_ecommerce_activity_large_model,working_capital_days,30
ecommerce_ecommerce_activity_large_model,discount_rate,10
ecommerce_ecommerce_activity_large_model,loan_ratio,50
ecommerce_ecommerce_activity_large_model,interest_rate,8
ecommerce_ecommerce_activity_large_model,loan_term_years,5
ecommerce_import_export_activity_small_model,rent_monthly,5000
ecommerce_import_export_activity_small_model,salaries_monthly,15000
ecommerce_import_export_activity_small_model,marketing_monthly,2000
ecommerce_import_export_activity_small_model,utilities_monthly,1000
ecommerce_import_export_activity_small_model,insurance_monthly,800
ecommerce_import_export_activity_small_model,revenue_growth_rate,5
ecommerce_import_export_activity_small_model,cogs_ratio,35
ecommerce_import_export_activity_small_model,vat_rate,15
ecommerce_import_export_activity_small_model,corporate_tax_rate,20
ecommerce_import_export_activity_small_model,annual_depreciation_rate,10
ecommerce_import_export_activity_small_model,working_capital_days,30
ecommerce_import_export_activity_small_model,discount_rate,10
ecommerce_import_export_activity_small_model,loan_ratio,50
ecommerce_import_export_activity_small_model,interest_rate,8
ecommerce_import_export_activity_small_model,loan_term_years,5
ecommerce_import_export_activity_medium_model,rent_monthly,15000
ecommerce_import_export_activity_medium_model,salaries_monthly,45000
ecommerce_import_export_activity_medium_model,marketing_monthly,6000
ecommerce_import_export_activity_medium_model,utilities_monthly,3000
ecommerce_import_export_activity_medium_model,insurance_monthly,2000
ecommerce_import_export_activity_medium_model,revenue_growth_rate,5
ecommerce_import_export_activity_medium_model,cogs_ratio,35
ecommerce_import_export_activity_medium_model,vat_rate,15
ecommerce_import_export_activity_medium_model,corporate_tax_rate,20
ecommerce_import_export_activity_medium_model,annual_depreciation_rate,10
ecommerce_import_export_activity_medium_model,working_capital_days,30
ecommerce_import_export_activity_medium_model,discount_rate,10
ecommerce_import_export_activity_medium_model,loan_ratio,50
ecommerce_import_export_activity_medium_model,interest_rate,8
ecommerce_import_export_activity_medium_model,loan_term_years,5
ecommerce_import_export_activity_large_model,rent_monthly,40000
ecommerce_import_export_activity_large_model,salaries_monthly,120000
ecommerce_import_export_activity_large_model,marketing_monthly,18000
ecommerce_import_export_activity_large_model,utilities_monthly,8000
ecommerce_import_export_activity_large_model,insurance_monthly,5000
ecommerce_import_export_activity_large_model,revenue_growth_rate,5
ecommerce_import_export_activity_large_model,cogs_ratio,35
ecommerce_import_export_activity_large_model,vat_rate,15
ecommerce_import_export_activity_large_model,corporate_tax_rate,20
ecommerce_import_export_activity_large_model,annual_depreciation_rate,10
ecommerce_import_export_activity_large_model,working_capital_days,30
ecommerce_import_export_activity_large_model,discount_rate,10
ecommerce_import_export_activity_large_model,loan_ratio,50
ecommerce_import_export_activity_large_model,interest_rate,8
ecommerce_import_export_activity_large_model,loan_term_years,5
public_services_public_services_activity_small_model,rent_monthly,5000
public_services_public_services_activity_small_model,salaries_monthly,15000
public_services_public_services_activity_small_model,marketing_monthly,2000
public_services_public_services_activity_small_model,utilities_monthly,1000
public_services_public_services_activity_small_model,insurance_monthly,800
public_services_public_services_activity_small_model,revenue_growth_rate,5
public_services_public_services_activity_small_model,cogs_ratio,35
public_services_public_services_activity_small_model,vat_rate,15
public_services_public_services_activity_small_model,corporate_tax_rate,20
public_services_public_services_activity_small_model,annual_depreciation_rate,10
public_services_public_services_activity_small_model,working_capital_days,30
public_services_public_services_activity_small_model,discount_rate,10
public_services_public_services_activity_small_model,loan_ratio,50
public_services_public_services_activity_small_model,interest_rate,8
public_services_public_services_activity_small_model,loan_term_years,5
public_services_public_services_activity_medium_model,rent_monthly,15000
public_services_public_services_activity_medium_model,salaries_monthly,45000
public_services_public_services_activity_medium_model,marketing_monthly,6000
public_services_public_services_activity_medium_model,utilities_monthly,3000
public_services_public_services_activity_medium_model,insurance_monthly,2000
public_services_public_services_activity_medium_model,revenue_growth_rate,5
public_services_public_services_activity_medium_model,cogs_ratio,35
public_services_public_services_activity_medium_model,vat_rate,15
public_services_public_services_activity_medium_model,corporate_tax_rate,20
public_services_public_services_activity_medium_model,annual_depreciation_rate,10
public_services_public_services_activity_medium_model,working_capital_days,30
public_services_public_services_activity_medium_model,discount_rate,10
public_services_public_services_activity_medium_model,loan_ratio,50
public_services_public_services_activity_medium_model,interest_rate,8
public_services_public_services_activity_medium_model,loan_term_years,5
public_services_public_services_activity_large_model,rent_monthly,40000
public_services_public_services_activity_large_model,salaries_monthly,120000
public_services_public_services_activity_large_model,marketing_monthly,18000
public_services_public_services_activity_large_model,utilities_monthly,8000
public_services_public_services_activity_large_model,insurance_monthly,5000
public_services_public_services_activity_large_model,revenue_growth_rate,5
public_services_public_services_activity_large_model,cogs_ratio,35
public_services_public_services_activity_large_model,vat_rate,15
public_services_public_services_activity_large_model,corporate_tax_rate,20
public_services_public_services_activity_large_model,annual_depreciation_rate,10
public_services_public_services_activity_large_model,working_capital_days,30
public_services_public_services_activity_large_model,discount_rate,10
public_services_public_services_activity_large_model,loan_ratio,50
public_services_public_services_activity_large_model,interest_rate,8
public_services_public_services_activity_large_model,loan_term_years,5
public_services_consulting_activity_small_model,rent_monthly,5000
public_services_consulting_activity_small_model,salaries_monthly,15000
public_services_consulting_activity_small_model,marketing_monthly,2000
public_services_consulting_activity_small_model,utilities_monthly,1000
public_services_consulting_activity_small_model,insurance_monthly,800
public_services_consulting_activity_small_model,revenue_growth_rate,5
public_services_consulting_activity_small_model,cogs_ratio,35
public_services_consulting_activity_small_model,vat_rate,15
public_services_consulting_activity_small_model,corporate_tax_rate,20
public_services_consulting_activity_small_model,annual_depreciation_rate,10
public_services_consulting_activity_small_model,working_capital_days,30
public_services_consulting_activity_small_model,discount_rate,10
public_services_consulting_activity_small_model,loan_ratio,50
public_services_consulting_activity_small_model,interest_rate,8
public_services_consulting_activity_small_model,loan_term_years,5
public_services_consulting_activity_medium_model,rent_monthly,15000
public_services_consulting_activity_medium_model,salaries_monthly,45000
public_services_consulting_activity_medium_model,marketing_monthly,6000
public_services_consulting_activity_medium_model,utilities_monthly,3000
public_services_consulting_activity_medium_model,insurance_monthly,2000
public_services_consulting_activity_medium_model,revenue_growth_rate,5
public_services_consulting_activity_medium_model,cogs_ratio,35
public_services_consulting_activity_medium_model,vat_rate,15
public_services_consulting_activity_medium_model,corporate_tax_rate,20
public_services_consulting_activity_medium_model,annual_depreciation_rate,10
public_services_consulting_activity_medium_model,working_capital_days,30
public_services_consulting_activity_medium_model,discount_rate,10
public_services_consulting_activity_medium_model,loan_ratio,50
public_services_consulting_activity_medium_model,interest_rate,8
public_services_consulting_activity_medium_model,loan_term_years,5
public_services_consulting_activity_large_model,rent_monthly,40000
public_services_consulting_activity_large_model,salaries_monthly,120000
public_services_consulting_activity_large_model,marketing_monthly,18000
public_services_consulting_activity_large_model,utilities_monthly,8000
public_services_consulting_activity_large_model,insurance_monthly,5000
public_services_consulting_activity_large_model,revenue_growth_rate,5
public_services_consulting_activity_large_model,cogs_ratio,35
public_services_consulting_activity_large_model,vat_rate,15
public_services_consulting_activity_large_model,corporate_tax_rate,20
public_services_consulting_activity_large_model,annual_depreciation_rate,10
public_services_consulting_activity_large_model,working_capital_days,30
public_services_consulting_activity_large_model,discount_rate,10
public_services_consulting_activity_large_model,loan_ratio,50
public_services_consulting_activity_large_model,interest_rate,8
public_services_consulting_activity_large_model,loan_term_years,5
public_services_facilities_activity_small_model,rent_monthly,5000
public_services_facilities_activity_small_model,salaries_monthly,15000
public_services_facilities_activity_small_model,marketing_monthly,2000
public_services_facilities_activity_small_model,utilities_monthly,1000
public_services_facilities_activity_small_model,insurance_monthly,800
public_services_facilities_activity_small_model,revenue_growth_rate,5
public_services_facilities_activity_small_model,cogs_ratio,35
public_services_facilities_activity_small_model,vat_rate,15
public_services_facilities_activity_small_model,corporate_tax_rate,20
public_services_facilities_activity_small_model,annual_depreciation_rate,10
public_services_facilities_activity_small_model,working_capital_days,30
public_services_facilities_activity_small_model,discount_rate,10
public_services_facilities_activity_small_model,loan_ratio,50
public_services_facilities_activity_small_model,interest_rate,8
public_services_facilities_activity_small_model,loan_term_years,5
public_services_facilities_activity_medium_model,rent_monthly,15000
public_services_facilities_activity_medium_model,salaries_monthly,45000
public_services_facilities_activity_medium_model,marketing_monthly,6000
public_services_facilities_activity_medium_model,utilities_monthly,3000
public_services_facilities_activity_medium_model,insurance_monthly,2000
public_services_facilities_activity_medium_model,revenue_growth_rate,5
public_services_facilities_activity_medium_model,cogs_ratio,35
public_services_facilities_activity_medium_model,vat_rate,15
public_services_facilities_activity_medium_model,corporate_tax_rate,20
public_services_facilities_activity_medium_model,annual_depreciation_rate,10
public_services_facilities_activity_medium_model,working_capital_days,30
public_services_facilities_activity_medium_model,discount_rate,10
public_services_facilities_activity_medium_model,loan_ratio,50
public_services_facilities_activity_medium_model,interest_rate,8
public_services_facilities_activity_medium_model,loan_term_years,5
public_services_facilities_activity_large_model,rent_monthly,40000
public_services_facilities_activity_large_model,salaries_monthly,120000
public_services_facilities_activity_large_model,marketing_monthly,18000
public_services_facilities_activity_large_model,utilities_monthly,8000
public_services_facilities_activity_large_model,insurance_monthly,5000
public_services_facilities_activity_large_model,revenue_growth_rate,5
public_services_facilities_activity_large_model,cogs_ratio,35
public_services_facilities_activity_large_model,vat_rate,15
public_services_facilities_activity_large_model,corporate_tax_rate,20
public_services_facilities_activity_large_model,annual_depreciation_rate,10
public_services_facilities_activity_large_model,working_capital_days,30
public_services_facilities_activity_large_model,discount_rate,10
public_services_facilities_activity_large_model,loan_ratio,50
public_services_facilities_activity_large_model,interest_rate,8
public_services_facilities_activity_large_model,loan_term_years,5
public_services_digital_activity_small_model,rent_monthly,5000
public_services_digital_activity_small_model,salaries_monthly,15000
public_services_digital_activity_small_model,marketing_monthly,2000
public_services_digital_activity_small_model,utilities_monthly,1000
public_services_digital_activity_small_model,insurance_monthly,800
public_services_digital_activity_small_model,revenue_growth_rate,5
public_services_digital_activity_small_model,cogs_ratio,35
public_services_digital_activity_small_model,vat_rate,15
public_services_digital_activity_small_model,corporate_tax_rate,20
public_services_digital_activity_small_model,annual_depreciation_rate,10
public_services_digital_activity_small_model,working_capital_days,30
public_services_digital_activity_small_model,discount_rate,10
public_services_digital_activity_small_model,loan_ratio,50
public_services_digital_activity_small_model,interest_rate,8
public_services_digital_activity_small_model,loan_term_years,5
public_services_digital_activity_medium_model,rent_monthly,15000
public_services_digital_activity_medium_model,salaries_monthly,45000
public_services_digital_activity_medium_model,marketing_monthly,6000
public_services_digital_activity_medium_model,utilities_monthly,3000
public_services_digital_activity_medium_model,insurance_monthly,2000
public_services_digital_activity_medium_model,revenue_growth_rate,5
public_services_digital_activity_medium_model,cogs_ratio,35
public_services_digital_activity_medium_model,vat_rate,15
public_services_digital_activity_medium_model,corporate_tax_rate,20
public_services_digital_activity_medium_model,annual_depreciation_rate,10
public_services_digital_activity_medium_model,working_capital_days,30
public_services_digital_activity_medium_model,discount_rate,10
public_services_digital_activity_medium_model,loan_ratio,50
public_services_digital_activity_medium_model,interest_rate,8
public_services_digital_activity_medium_model,loan_term_years,5
public_services_digital_activity_large_model,rent_monthly,40000
public_services_digital_activity_large_model,salaries_monthly,120000
public_services_digital_activity_large_model,marketing_monthly,18000
public_services_digital_activity_large_model,utilities_monthly,8000
public_services_digital_activity_large_model,insurance_monthly,5000
public_services_digital_activity_large_model,revenue_growth_rate,5
public_services_digital_activity_large_model,cogs_ratio,35
public_services_digital_activity_large_model,vat_rate,15
public_services_digital_activity_large_model,corporate_tax_rate,20
public_services_digital_activity_large_model,annual_depreciation_rate,10
public_services_digital_activity_large_model,working_capital_days,30
public_services_digital_activity_large_model,discount_rate,10
public_services_digital_activity_large_model,loan_ratio,50
public_services_digital_activity_large_model,interest_rate,8
public_services_digital_activity_large_model,loan_term_years,5
facilities_management_software_activity_small_model,rent_monthly,5000
facilities_management_software_activity_small_model,salaries_monthly,15000
facilities_management_software_activity_small_model,marketing_monthly,2000
facilities_management_software_activity_small_model,utilities_monthly,1000
facilities_management_software_activity_small_model,insurance_monthly,800
facilities_management_software_activity_small_model,revenue_growth_rate,5
facilities_management_software_activity_small_model,cogs_ratio,35
facilities_management_software_activity_small_model,vat_rate,15
facilities_management_software_activity_small_model,corporate_tax_rate,20
facilities_management_software_activity_small_model,annual_depreciation_rate,10
facilities_management_software_activity_small_model,working_capital_days,30
facilities_management_software_activity_small_model,discount_rate,10
facilities_management_software_activity_small_model,loan_ratio,50
facilities_management_software_activity_small_model,interest_rate,8
facilities_management_software_activity_small_model,loan_term_years,5
facilities_management_software_activity_medium_model,rent_monthly,15000
facilities_management_software_activity_medium_model,salaries_monthly,45000
facilities_management_software_activity_medium_model,marketing_monthly,6000
facilities_management_software_activity_medium_model,utilities_monthly,3000
facilities_management_software_activity_medium_model,insurance_monthly,2000
facilities_management_software_activity_medium_model,revenue_growth_rate,5
facilities_management_software_activity_medium_model,cogs_ratio,35
facilities_management_software_activity_medium_model,vat_rate,15
facilities_management_software_activity_medium_model,corporate_tax_rate,20
facilities_management_software_activity_medium_model,annual_depreciation_rate,10
facilities_management_software_activity_medium_model,working_capital_days,30
facilities_management_software_activity_medium_model,discount_rate,10
facilities_management_software_activity_medium_model,loan_ratio,50
facilities_management_software_activity_medium_model,interest_rate,8
facilities_management_software_activity_medium_model,loan_term_years,5
facilities_management_software_activity_large_model,rent_monthly,40000
facilities_management_software_activity_large_model,salaries_monthly,120000
facilities_management_software_activity_large_model,marketing_monthly,18000
facilities_management_software_activity_large_model,utilities_monthly,8000
facilities_management_software_activity_large_model,insurance_monthly,5000
facilities_management_software_activity_large_model,revenue_growth_rate,5
facilities_management_software_activity_large_model,cogs_ratio,35
facilities_management_software_activity_large_model,vat_rate,15
facilities_management_software_activity_large_model,corporate_tax_rate,20
facilities_management_software_activity_large_model,annual_depreciation_rate,10
facilities_management_software_activity_large_model,working_capital_days,30
facilities_management_software_activity_large_model,discount_rate,10
facilities_management_software_activity_large_model,loan_ratio,50
facilities_management_software_activity_large_model,interest_rate,8
facilities_management_software_activity_large_model,loan_term_years,5
facilities_management_hardware_activity_small_model,rent_monthly,5000
facilities_management_hardware_activity_small_model,salaries_monthly,15000
facilities_management_hardware_activity_small_model,marketing_monthly,2000
facilities_management_hardware_activity_small_model,utilities_monthly,1000
facilities_management_hardware_activity_small_model,insurance_monthly,800
facilities_management_hardware_activity_small_model,revenue_growth_rate,5
facilities_management_hardware_activity_small_model,cogs_ratio,35
facilities_management_hardware_activity_small_model,vat_rate,15
facilities_management_hardware_activity_small_model,corporate_tax_rate,20
facilities_management_hardware_activity_small_model,annual_depreciation_rate,10
facilities_management_hardware_activity_small_model,working_capital_days,30
facilities_management_hardware_activity_small_model,discount_rate,10
facilities_management_hardware_activity_small_model,loan_ratio,50
facilities_management_hardware_activity_small_model,interest_rate,8
facilities_management_hardware_activity_small_model,loan_term_years,5
facilities_management_hardware_activity_medium_model,rent_monthly,15000
facilities_management_hardware_activity_medium_model,salaries_monthly,45000
facilities_management_hardware_activity_medium_model,marketing_monthly,6000
facilities_management_hardware_activity_medium_model,utilities_monthly,3000
facilities_management_hardware_activity_medium_model,insurance_monthly,2000
facilities_management_hardware_activity_medium_model,revenue_growth_rate,5
facilities_management_hardware_activity_medium_model,cogs_ratio,35
facilities_management_hardware_activity_medium_model,vat_rate,15
facilities_management_hardware_activity_medium_model,corporate_tax_rate,20
facilities_management_hardware_activity_medium_model,annual_depreciation_rate,10
facilities_management_hardware_activity_medium_model,working_capital_days,30
facilities_management_hardware_activity_medium_model,discount_rate,10
facilities_management_hardware_activity_medium_model,loan_ratio,50
facilities_management_hardware_activity_medium_model,interest_rate,8
facilities_management_hardware_activity_medium_model,loan_term_years,5
facilities_management_hardware_activity_large_model,rent_monthly,40000
facilities_management_hardware_activity_large_model,salaries_monthly,120000
facilities_management_hardware_activity_large_model,marketing_monthly,18000
facilities_management_hardware_activity_large_model,utilities_monthly,8000
facilities_management_hardware_activity_large_model,insurance_monthly,5000
facilities_management_hardware_activity_large_model,revenue_growth_rate,5
facilities_management_hardware_activity_large_model,cogs_ratio,35
facilities_management_hardware_activity_large_model,vat_rate,15
facilities_management_hardware_activity_large_model,corporate_tax_rate,20
facilities_management_hardware_activity_large_model,annual_depreciation_rate,10
facilities_management_hardware_activity_large_model,working_capital_days,30
facilities_management_hardware_activity_large_model,discount_rate,10
facilities_management_hardware_activity_large_model,loan_ratio,50
facilities_management_hardware_activity_large_model,interest_rate,8
facilities_management_hardware_activity_large_model,loan_term_years,5
facilities_management_it_services_activity_small_model,rent_monthly,5000
facilities_management_it_services_activity_small_model,salaries_monthly,15000
facilities_management_it_services_activity_small_model,marketing_monthly,2000
facilities_management_it_services_activity_small_model,utilities_monthly,1000
facilities_management_it_services_activity_small_model,insurance_monthly,800
facilities_management_it_services_activity_small_model,revenue_growth_rate,5
facilities_management_it_services_activity_small_model,cogs_ratio,35
facilities_management_it_services_activity_small_model,vat_rate,15
facilities_management_it_services_activity_small_model,corporate_tax_rate,20
facilities_management_it_services_activity_small_model,annual_depreciation_rate,10
facilities_management_it_services_activity_small_model,working_capital_days,30
facilities_management_it_services_activity_small_model,discount_rate,10
facilities_management_it_services_activity_small_model,loan_ratio,50
facilities_management_it_services_activity_small_model,interest_rate,8
facilities_management_it_services_activity_small_model,loan_term_years,5
facilities_management_it_services_activity_medium_model,rent_monthly,15000
facilities_management_it_services_activity_medium_model,salaries_monthly,45000
facilities_management_it_services_activity_medium_model,marketing_monthly,6000
facilities_management_it_services_activity_medium_model,utilities_monthly,3000
facilities_management_it_services_activity_medium_model,insurance_monthly,2000
facilities_management_it_services_activity_medium_model,revenue_growth_rate,5
facilities_management_it_services_activity_medium_model,cogs_ratio,35
facilities_management_it_services_activity_medium_model,vat_rate,15
facilities_management_it_services_activity_medium_model,corporate_tax_rate,20
facilities_management_it_services_activity_medium_model,annual_depreciation_rate,10
facilities_management_it_services_activity_medium_model,working_capital_days,30
facilities_management_it_services_activity_medium_model,discount_rate,10
facilities_management_it_services_activity_medium_model,loan_ratio,50
facilities_management_it_services_activity_medium_model,interest_rate,8
facilities_management_it_services_activity_medium_model,loan_term_years,5
facilities_management_it_services_activity_large_model,rent_monthly,40000
facilities_management_it_services_activity_large_model,salaries_monthly,120000
facilities_management_it_services_activity_large_model,marketing_monthly,18000
facilities_management_it_services_activity_large_model,utilities_monthly,8000
facilities_management_it_services_activity_large_model,insurance_monthly,5000
facilities_management_it_services_activity_large_model,revenue_growth_rate,5
facilities_management_it_services_activity_large_model,cogs_ratio,35
facilities_management_it_services_activity_large_model,vat_rate,15
facilities_management_it_services_activity_large_model,corporate_tax_rate,20
facilities_management_it_services_activity_large_model,annual_depreciation_rate,10
facilities_management_it_services_activity_large_model,working_capital_days,30
facilities_management_it_services_activity_large_model,discount_rate,10
facilities_management_it_services_activity_large_model,loan_ratio,50
facilities_management_it_services_activity_large_model,interest_rate,8
facilities_management_it_services_activity_large_model,loan_term_years,5
facilities_management_telecom_activity_small_model,rent_monthly,5000
facilities_management_telecom_activity_small_model,salaries_monthly,15000
facilities_management_telecom_activity_small_model,marketing_monthly,2000
facilities_management_telecom_activity_small_model,utilities_monthly,1000
facilities_management_telecom_activity_small_model,insurance_monthly,800
facilities_management_telecom_activity_small_model,revenue_growth_rate,5
facilities_management_telecom_activity_small_model,cogs_ratio,35
facilities_management_telecom_activity_small_model,vat_rate,15
facilities_management_telecom_activity_small_model,corporate_tax_rate,20
facilities_management_telecom_activity_small_model,annual_depreciation_rate,10
facilities_management_telecom_activity_small_model,working_capital_days,30
facilities_management_telecom_activity_small_model,discount_rate,10
facilities_management_telecom_activity_small_model,loan_ratio,50
facilities_management_telecom_activity_small_model,interest_rate,8
facilities_management_telecom_activity_small_model,loan_term_years,5
facilities_management_telecom_activity_medium_model,rent_monthly,15000
facilities_management_telecom_activity_medium_model,salaries_monthly,45000
facilities_management_telecom_activity_medium_model,marketing_monthly,6000
facilities_management_telecom_activity_medium_model,utilities_monthly,3000
facilities_management_telecom_activity_medium_model,insurance_monthly,2000
facilities_management_telecom_activity_medium_model,revenue_growth_rate,5
facilities_management_telecom_activity_medium_model,cogs_ratio,35
facilities_management_telecom_activity_medium_model,vat_rate,15
facilities_management_telecom_activity_medium_model,corporate_tax_rate,20
facilities_management_telecom_activity_medium_model,annual_depreciation_rate,10
facilities_management_telecom_activity_medium_model,working_capital_days,30
facilities_management_telecom_activity_medium_model,discount_rate,10
facilities_management_telecom_activity_medium_model,loan_ratio,50
facilities_management_telecom_activity_medium_model,interest_rate,8
facilities_management_telecom_activity_medium_model,loan_term_years,5
facilities_management_telecom_activity_large_model,rent_monthly,40000
facilities_management_telecom_activity_large_model,salaries_monthly,120000
facilities_management_telecom_activity_large_model,marketing_monthly,18000
facilities_management_telecom_activity_large_model,utilities_monthly,8000
facilities_management_telecom_activity_large_model,insurance_monthly,5000
facilities_management_telecom_activity_large_model,revenue_growth_rate,5
facilities_management_telecom_activity_large_model,cogs_ratio,35
facilities_management_telecom_activity_large_model,vat_rate,15
facilities_management_telecom_activity_large_model,corporate_tax_rate,20
facilities_management_telecom_activity_large_model,annual_depreciation_rate,10
facilities_management_telecom_activity_large_model,working_capital_days,30
facilities_management_telecom_activity_large_model,discount_rate,10
facilities_management_telecom_activity_large_model,loan_ratio,50
facilities_management_telecom_activity_large_model,interest_rate,8
facilities_management_telecom_activity_large_model,loan_term_years,5
consulting_consulting_activity_small_model,rent_monthly,5000
consulting_consulting_activity_small_model,salaries_monthly,15000
consulting_consulting_activity_small_model,marketing_monthly,2000
consulting_consulting_activity_small_model,utilities_monthly,1000
consulting_consulting_activity_small_model,insurance_monthly,800
consulting_consulting_activity_small_model,revenue_growth_rate,5
consulting_consulting_activity_small_model,cogs_ratio,35
consulting_consulting_activity_small_model,vat_rate,15
consulting_consulting_activity_small_model,corporate_tax_rate,20
consulting_consulting_activity_small_model,annual_depreciation_rate,10
consulting_consulting_activity_small_model,working_capital_days,30
consulting_consulting_activity_small_model,discount_rate,10
consulting_consulting_activity_small_model,loan_ratio,50
consulting_consulting_activity_small_model,interest_rate,8
consulting_consulting_activity_small_model,loan_term_years,5
consulting_consulting_activity_medium_model,rent_monthly,15000
consulting_consulting_activity_medium_model,salaries_monthly,45000
consulting_consulting_activity_medium_model,marketing_monthly,6000
consulting_consulting_activity_medium_model,utilities_monthly,3000
consulting_consulting_activity_medium_model,insurance_monthly,2000
consulting_consulting_activity_medium_model,revenue_growth_rate,5
consulting_consulting_activity_medium_model,cogs_ratio,35
consulting_consulting_activity_medium_model,vat_rate,15
consulting_consulting_activity_medium_model,corporate_tax_rate,20
consulting_consulting_activity_medium_model,annual_depreciation_rate,10
consulting_consulting_activity_medium_model,working_capital_days,30
consulting_consulting_activity_medium_model,discount_rate,10
consulting_consulting_activity_medium_model,loan_ratio,50
consulting_consulting_activity_medium_model,interest_rate,8
consulting_consulting_activity_medium_model,loan_term_years,5
consulting_consulting_activity_large_model,rent_monthly,40000
consulting_consulting_activity_large_model,salaries_monthly,120000
consulting_consulting_activity_large_model,marketing_monthly,18000
consulting_consulting_activity_large_model,utilities_monthly,8000
consulting_consulting_activity_large_model,insurance_monthly,5000
consulting_consulting_activity_large_model,revenue_growth_rate,5
consulting_consulting_activity_large_model,cogs_ratio,35
consulting_consulting_activity_large_model,vat_rate,15
consulting_consulting_activity_large_model,corporate_tax_rate,20
consulting_consulting_activity_large_model,annual_depreciation_rate,10
consulting_consulting_activity_large_model,working_capital_days,30
consulting_consulting_activity_large_model,discount_rate,10
consulting_consulting_activity_large_model,loan_ratio,50
consulting_consulting_activity_large_model,interest_rate,8
consulting_consulting_activity_large_model,loan_term_years,5
consulting_maintenance_activity_small_model,rent_monthly,5000
consulting_maintenance_activity_small_model,salaries_monthly,15000
consulting_maintenance_activity_small_model,marketing_monthly,2000
consulting_maintenance_activity_small_model,utilities_monthly,1000
consulting_maintenance_activity_small_model,insurance_monthly,800
consulting_maintenance_activity_small_model,revenue_growth_rate,5
consulting_maintenance_activity_small_model,cogs_ratio,35
consulting_maintenance_activity_small_model,vat_rate,15
consulting_maintenance_activity_small_model,corporate_tax_rate,20
consulting_maintenance_activity_small_model,annual_depreciation_rate,10
consulting_maintenance_activity_small_model,working_capital_days,30
consulting_maintenance_activity_small_model,discount_rate,10
consulting_maintenance_activity_small_model,loan_ratio,50
consulting_maintenance_activity_small_model,interest_rate,8
consulting_maintenance_activity_small_model,loan_term_years,5
consulting_maintenance_activity_medium_model,rent_monthly,15000
consulting_maintenance_activity_medium_model,salaries_monthly,45000
consulting_maintenance_activity_medium_model,marketing_monthly,6000
consulting_maintenance_activity_medium_model,utilities_monthly,3000
consulting_maintenance_activity_medium_model,insurance_monthly,2000
consulting_maintenance_activity_medium_model,revenue_growth_rate,5
consulting_maintenance_activity_medium_model,cogs_ratio,35
consulting_maintenance_activity_medium_model,vat_rate,15
consulting_maintenance_activity_medium_model,corporate_tax_rate,20
consulting_maintenance_activity_medium_model,annual_depreciation_rate,10
consulting_maintenance_activity_medium_model,working_capital_days,30
consulting_maintenance_activity_medium_model,discount_rate,10
consulting_maintenance_activity_medium_model,loan_ratio,50
consulting_maintenance_activity_medium_model,interest_rate,8
consulting_maintenance_activity_medium_model,loan_term_years,5
consulting_maintenance_activity_large_model,rent_monthly,40000
consulting_maintenance_activity_large_model,salaries_monthly,120000
consulting_maintenance_activity_large_model,marketing_monthly,18000
consulting_maintenance_activity_large_model,utilities_monthly,8000
consulting_maintenance_activity_large_model,insurance_monthly,5000
consulting_maintenance_activity_large_model,revenue_growth_rate,5
consulting_maintenance_activity_large_model,cogs_ratio,35
consulting_maintenance_activity_large_model,vat_rate,15
consulting_maintenance_activity_large_model,corporate_tax_rate,20
consulting_maintenance_activity_large_model,annual_depreciation_rate,10
consulting_maintenance_activity_large_model,working_capital_days,30
consulting_maintenance_activity_large_model,discount_rate,10
consulting_maintenance_activity_large_model,loan_ratio,50
consulting_maintenance_activity_large_model,interest_rate,8
consulting_maintenance_activity_large_model,loan_term_years,5
consulting_cleaning_activity_small_model,rent_monthly,5000
consulting_cleaning_activity_small_model,salaries_monthly,15000
consulting_cleaning_activity_small_model,marketing_monthly,2000
consulting_cleaning_activity_small_model,utilities_monthly,1000
consulting_cleaning_activity_small_model,insurance_monthly,800
consulting_cleaning_activity_small_model,revenue_growth_rate,5
consulting_cleaning_activity_small_model,cogs_ratio,35
consulting_cleaning_activity_small_model,vat_rate,15
consulting_cleaning_activity_small_model,corporate_tax_rate,20
consulting_cleaning_activity_small_model,annual_depreciation_rate,10
consulting_cleaning_activity_small_model,working_capital_days,30
consulting_cleaning_activity_small_model,discount_rate,10
consulting_cleaning_activity_small_model,loan_ratio,50
consulting_cleaning_activity_small_model,interest_rate,8
consulting_cleaning_activity_small_model,loan_term_years,5
consulting_cleaning_activity_medium_model,rent_monthly,15000
consulting_cleaning_activity_medium_model,salaries_monthly,45000
consulting_cleaning_activity_medium_model,marketing_monthly,6000
consulting_cleaning_activity_medium_model,utilities_monthly,3000
consulting_cleaning_activity_medium_model,insurance_monthly,2000
consulting_cleaning_activity_medium_model,revenue_growth_rate,5
consulting_cleaning_activity_medium_model,cogs_ratio,35
consulting_cleaning_activity_medium_model,vat_rate,15
consulting_cleaning_activity_medium_model,corporate_tax_rate,20
consulting_cleaning_activity_medium_model,annual_depreciation_rate,10
consulting_cleaning_activity_medium_model,working_capital_days,30
consulting_cleaning_activity_medium_model,discount_rate,10
consulting_cleaning_activity_medium_model,loan_ratio,50
consulting_cleaning_activity_medium_model,interest_rate,8
consulting_cleaning_activity_medium_model,loan_term_years,5
consulting_cleaning_activity_large_model,rent_monthly,40000
consulting_cleaning_activity_large_model,salaries_monthly,120000
consulting_cleaning_activity_large_model,marketing_monthly,18000
consulting_cleaning_activity_large_model,utilities_monthly,8000
consulting_cleaning_activity_large_model,insurance_monthly,5000
consulting_cleaning_activity_large_model,revenue_growth_rate,5
consulting_cleaning_activity_large_model,cogs_ratio,35
consulting_cleaning_activity_large_model,vat_rate,15
consulting_cleaning_activity_large_model,corporate_tax_rate,20
consulting_cleaning_activity_large_model,annual_depreciation_rate,10
consulting_cleaning_activity_large_model,working_capital_days,30
consulting_cleaning_activity_large_model,discount_rate,10
consulting_cleaning_activity_large_model,loan_ratio,50
consulting_cleaning_activity_large_model,interest_rate,8
consulting_cleaning_activity_large_model,loan_term_years,5
consulting_security_activity_small_model,rent_monthly,5000
consulting_security_activity_small_model,salaries_monthly,15000
consulting_security_activity_small_model,marketing_monthly,2000
consulting_security_activity_small_model,utilities_monthly,1000
consulting_security_activity_small_model,insurance_monthly,800
consulting_security_activity_small_model,revenue_growth_rate,5
consulting_security_activity_small_model,cogs_ratio,35
consulting_security_activity_small_model,vat_rate,15
consulting_security_activity_small_model,corporate_tax_rate,20
consulting_security_activity_small_model,annual_depreciation_rate,10
consulting_security_activity_small_model,working_capital_days,30
consulting_security_activity_small_model,discount_rate,10
consulting_security_activity_small_model,loan_ratio,50
consulting_security_activity_small_model,interest_rate,8
consulting_security_activity_small_model,loan_term_years,5
consulting_security_activity_medium_model,rent_monthly,15000
consulting_security_activity_medium_model,salaries_monthly,45000
consulting_security_activity_medium_model,marketing_monthly,6000
consulting_security_activity_medium_model,utilities_monthly,3000
consulting_security_activity_medium_model,insurance_monthly,2000
consulting_security_activity_medium_model,revenue_growth_rate,5
consulting_security_activity_medium_model,cogs_ratio,35
consulting_security_activity_medium_model,vat_rate,15
consulting_security_activity_medium_model,corporate_tax_rate,20
consulting_security_activity_medium_model,annual_depreciation_rate,10
consulting_security_activity_medium_model,working_capital_days,30
consulting_security_activity_medium_model,discount_rate,10
consulting_security_activity_medium_model,loan_ratio,50
consulting_security_activity_medium_model,interest_rate,8
consulting_security_activity_medium_model,loan_term_years,5
consulting_security_activity_large_model,rent_monthly,40000
consulting_security_activity_large_model,salaries_monthly,120000
consulting_security_activity_large_model,marketing_monthly,18000
consulting_security_activity_large_model,utilities_monthly,8000
consulting_security_activity_large_model,insurance_monthly,5000
consulting_security_activity_large_model,revenue_growth_rate,5
consulting_security_activity_large_model,cogs_ratio,35
consulting_security_activity_large_model,vat_rate,15
consulting_security_activity_large_model,corporate_tax_rate,20
consulting_security_activity_large_model,annual_depreciation_rate,10
consulting_security_activity_large_model,working_capital_days,30
consulting_security_activity_large_model,discount_rate,10
consulting_security_activity_large_model,loan_ratio,50
consulting_security_activity_large_model,interest_rate,8
consulting_security_activity_large_model,loan_term_years,5
commercial_brokerage_consulting_activity_small_model,rent_monthly,5000
commercial_brokerage_consulting_activity_small_model,salaries_monthly,15000
commercial_brokerage_consulting_activity_small_model,marketing_monthly,2000
commercial_brokerage_consulting_activity_small_model,utilities_monthly,1000
commercial_brokerage_consulting_activity_small_model,insurance_monthly,800
commercial_brokerage_consulting_activity_small_model,revenue_growth_rate,5
commercial_brokerage_consulting_activity_small_model,cogs_ratio,35
commercial_brokerage_consulting_activity_small_model,vat_rate,15
commercial_brokerage_consulting_activity_small_model,corporate_tax_rate,20
commercial_brokerage_consulting_activity_small_model,annual_depreciation_rate,10
commercial_brokerage_consulting_activity_small_model,working_capital_days,30
commercial_brokerage_consulting_activity_small_model,discount_rate,10
commercial_brokerage_consulting_activity_small_model,loan_ratio,50
commercial_brokerage_consulting_activity_small_model,interest_rate,8
commercial_brokerage_consulting_activity_small_model,loan_term_years,5
commercial_brokerage_consulting_activity_medium_model,rent_monthly,15000
commercial_brokerage_consulting_activity_medium_model,salaries_monthly,45000
commercial_brokerage_consulting_activity_medium_model,marketing_monthly,6000
commercial_brokerage_consulting_activity_medium_model,utilities_monthly,3000
commercial_brokerage_consulting_activity_medium_model,insurance_monthly,2000
commercial_brokerage_consulting_activity_medium_model,revenue_growth_rate,5
commercial_brokerage_consulting_activity_medium_model,cogs_ratio,35
commercial_brokerage_consulting_activity_medium_model,vat_rate,15
commercial_brokerage_consulting_activity_medium_model,corporate_tax_rate,20
commercial_brokerage_consulting_activity_medium_model,annual_depreciation_rate,10
commercial_brokerage_consulting_activity_medium_model,working_capital_days,30
commercial_brokerage_consulting_activity_medium_model,discount_rate,10
commercial_brokerage_consulting_activity_medium_model,loan_ratio,50
commercial_brokerage_consulting_activity_medium_model,interest_rate,8
commercial_brokerage_consulting_activity_medium_model,loan_term_years,5
commercial_brokerage_consulting_activity_large_model,rent_monthly,40000
commercial_brokerage_consulting_activity_large_model,salaries_monthly,120000
commercial_brokerage_consulting_activity_large_model,marketing_monthly,18000
commercial_brokerage_consulting_activity_large_model,utilities_monthly,8000
commercial_brokerage_consulting_activity_large_model,insurance_monthly,5000
commercial_brokerage_consulting_activity_large_model,revenue_growth_rate,5
commercial_brokerage_consulting_activity_large_model,cogs_ratio,35
commercial_brokerage_consulting_activity_large_model,vat_rate,15
commercial_brokerage_consulting_activity_large_model,corporate_tax_rate,20
commercial_brokerage_consulting_activity_large_model,annual_depreciation_rate,10
commercial_brokerage_consulting_activity_large_model,working_capital_days,30
commercial_brokerage_consulting_activity_large_model,discount_rate,10
commercial_brokerage_consulting_activity_large_model,loan_ratio,50
commercial_brokerage_consulting_activity_large_model,interest_rate,8
commercial_brokerage_consulting_activity_large_model,loan_term_years,5
commercial_brokerage_maintenance_activity_small_model,rent_monthly,5000
commercial_brokerage_maintenance_activity_small_model,salaries_monthly,15000
commercial_brokerage_maintenance_activity_small_model,marketing_monthly,2000
commercial_brokerage_maintenance_activity_small_model,utilities_monthly,1000
commercial_brokerage_maintenance_activity_small_model,insurance_monthly,800
commercial_brokerage_maintenance_activity_small_model,revenue_growth_rate,5
commercial_brokerage_maintenance_activity_small_model,cogs_ratio,35
commercial_brokerage_maintenance_activity_small_model,vat_rate,15
commercial_brokerage_maintenance_activity_small_model,corporate_tax_rate,20
commercial_brokerage_maintenance_activity_small_model,annual_depreciation_rate,10
commercial_brokerage_maintenance_activity_small_model,working_capital_days,30
commercial_brokerage_maintenance_activity_small_model,discount_rate,10
commercial_brokerage_maintenance_activity_small_model,loan_ratio,50
commercial_brokerage_maintenance_activity_small_model,interest_rate,8
commercial_brokerage_maintenance_activity_small_model,loan_term_years,5
commercial_brokerage_maintenance_activity_medium_model,rent_monthly,15000
commercial_brokerage_maintenance_activity_medium_model,salaries_monthly,45000
commercial_brokerage_maintenance_activity_medium_model,marketing_monthly,6000
commercial_brokerage_maintenance_activity_medium_model,utilities_monthly,3000
commercial_brokerage_maintenance_activity_medium_model,insurance_monthly,2000
commercial_brokerage_maintenance_activity_medium_model,revenue_growth_rate,5
commercial_brokerage_maintenance_activity_medium_model,cogs_ratio,35
commercial_brokerage_maintenance_activity_medium_model,vat_rate,15
commercial_brokerage_maintenance_activity_medium_model,corporate_tax_rate,20
commercial_brokerage_maintenance_activity_medium_model,annual_depreciation_rate,10
commercial_brokerage_maintenance_activity_medium_model,working_capital_days,30
commercial_brokerage_maintenance_activity_medium_model,discount_rate,10
commercial_brokerage_maintenance_activity_medium_model,loan_ratio,50
commercial_brokerage_maintenance_activity_medium_model,interest_rate,8
commercial_brokerage_maintenance_activity_medium_model,loan_term_years,5
commercial_brokerage_maintenance_activity_large_model,rent_monthly,40000
commercial_brokerage_maintenance_activity_large_model,salaries_monthly,120000
commercial_brokerage_maintenance_activity_large_model,marketing_monthly,18000
commercial_brokerage_maintenance_activity_large_model,utilities_monthly,8000
commercial_brokerage_maintenance_activity_large_model,insurance_monthly,5000
commercial_brokerage_maintenance_activity_large_model,revenue_growth_rate,5
commercial_brokerage_maintenance_activity_large_model,cogs_ratio,35
commercial_brokerage_maintenance_activity_large_model,vat_rate,15
commercial_brokerage_maintenance_activity_large_model,corporate_tax_rate,20
commercial_brokerage_maintenance_activity_large_model,annual_depreciation_rate,10
commercial_brokerage_maintenance_activity_large_model,working_capital_days,30
commercial_brokerage_maintenance_activity_large_model,discount_rate,10
commercial_brokerage_maintenance_activity_large_model,loan_ratio,50
commercial_brokerage_maintenance_activity_large_model,interest_rate,8
commercial_brokerage_maintenance_activity_large_model,loan_term_years,5
commercial_brokerage_cleaning_activity_small_model,rent_monthly,5000
commercial_brokerage_cleaning_activity_small_model,salaries_monthly,15000
commercial_brokerage_cleaning_activity_small_model,marketing_monthly,2000
commercial_brokerage_cleaning_activity_small_model,utilities_monthly,1000
commercial_brokerage_cleaning_activity_small_model,insurance_monthly,800
commercial_brokerage_cleaning_activity_small_model,revenue_growth_rate,5
commercial_brokerage_cleaning_activity_small_model,cogs_ratio,35
commercial_brokerage_cleaning_activity_small_model,vat_rate,15
commercial_brokerage_cleaning_activity_small_model,corporate_tax_rate,20
commercial_brokerage_cleaning_activity_small_model,annual_depreciation_rate,10
commercial_brokerage_cleaning_activity_small_model,working_capital_days,30
commercial_brokerage_cleaning_activity_small_model,discount_rate,10
commercial_brokerage_cleaning_activity_small_model,loan_ratio,50
commercial_brokerage_cleaning_activity_small_model,interest_rate,8
commercial_brokerage_cleaning_activity_small_model,loan_term_years,5
commercial_brokerage_cleaning_activity_medium_model,rent_monthly,15000
commercial_brokerage_cleaning_activity_medium_model,salaries_monthly,45000
commercial_brokerage_cleaning_activity_medium_model,marketing_monthly,6000
commercial_brokerage_cleaning_activity_medium_model,utilities_monthly,3000
commercial_brokerage_cleaning_activity_medium_model,insurance_monthly,2000
commercial_brokerage_cleaning_activity_medium_model,revenue_growth_rate,5
commercial_brokerage_cleaning_activity_medium_model,cogs_ratio,35
commercial_brokerage_cleaning_activity_medium_model,vat_rate,15
commercial_brokerage_cleaning_activity_medium_model,corporate_tax_rate,20
commercial_brokerage_cleaning_activity_medium_model,annual_depreciation_rate,10
commercial_brokerage_cleaning_activity_medium_model,working_capital_days,30
commercial_brokerage_cleaning_activity_medium_model,discount_rate,10
commercial_brokerage_cleaning_activity_medium_model,loan_ratio,50
commercial_brokerage_cleaning_activity_medium_model,interest_rate,8
commercial_brokerage_cleaning_activity_medium_model,loan_term_years,5
commercial_brokerage_cleaning_activity_large_model,rent_monthly,40000
commercial_brokerage_cleaning_activity_large_model,salaries_monthly,120000
commercial_brokerage_cleaning_activity_large_model,marketing_monthly,18000
commercial_brokerage_cleaning_activity_large_model,utilities_monthly,8000
commercial_brokerage_cleaning_activity_large_model,insurance_monthly,5000
commercial_brokerage_cleaning_activity_large_model,revenue_growth_rate,5
commercial_brokerage_cleaning_activity_large_model,cogs_ratio,35
commercial_brokerage_cleaning_activity_large_model,vat_rate,15
commercial_brokerage_cleaning_activity_large_model,corporate_tax_rate,20
commercial_brokerage_cleaning_activity_large_model,annual_depreciation_rate,10
commercial_brokerage_cleaning_activity_large_model,working_capital_days,30
commercial_brokerage_cleaning_activity_large_model,discount_rate,10
commercial_brokerage_cleaning_activity_large_model,loan_ratio,50
commercial_brokerage_cleaning_activity_large_model,interest_rate,8
commercial_brokerage_cleaning_activity_large_model,loan_term_years,5
commercial_brokerage_security_activity_small_model,rent_monthly,5000
commercial_brokerage_security_activity_small_model,salaries_monthly,15000
commercial_brokerage_security_activity_small_model,marketing_monthly,2000
commercial_brokerage_security_activity_small_model,utilities_monthly,1000
commercial_brokerage_security_activity_small_model,insurance_monthly,800
commercial_brokerage_security_activity_small_model,revenue_growth_rate,5
commercial_brokerage_security_activity_small_model,cogs_ratio,35
commercial_brokerage_security_activity_small_model,vat_rate,15
commercial_brokerage_security_activity_small_model,corporate_tax_rate,20
commercial_brokerage_security_activity_small_model,annual_depreciation_rate,10
commercial_brokerage_security_activity_small_model,working_capital_days,30
commercial_brokerage_security_activity_small_model,discount_rate,10
commercial_brokerage_security_activity_small_model,loan_ratio,50
commercial_brokerage_security_activity_small_model,interest_rate,8
commercial_brokerage_security_activity_small_model,loan_term_years,5
commercial_brokerage_security_activity_medium_model,rent_monthly,15000
commercial_brokerage_security_activity_medium_model,salaries_monthly,45000
commercial_brokerage_security_activity_medium_model,marketing_monthly,6000
commercial_brokerage_security_activity_medium_model,utilities_monthly,3000
commercial_brokerage_security_activity_medium_model,insurance_monthly,2000
commercial_brokerage_security_activity_medium_model,revenue_growth_rate,5
commercial_brokerage_security_activity_medium_model,cogs_ratio,35
commercial_brokerage_security_activity_medium_model,vat_rate,15
commercial_brokerage_security_activity_medium_model,corporate_tax_rate,20
commercial_brokerage_security_activity_medium_model,annual_depreciation_rate,10
commercial_brokerage_security_activity_medium_model,working_capital_days,30
commercial_brokerage_security_activity_medium_model,discount_rate,10
commercial_brokerage_security_activity_medium_model,loan_ratio,50
commercial_brokerage_security_activity_medium_model,interest_rate,8
commercial_brokerage_security_activity_medium_model,loan_term_years,5
commercial_brokerage_security_activity_large_model,rent_monthly,40000
commercial_brokerage_security_activity_large_model,salaries_monthly,120000
commercial_brokerage_security_activity_large_model,marketing_monthly,18000
commercial_brokerage_security_activity_large_model,utilities_monthly,8000
commercial_brokerage_security_activity_large_model,insurance_monthly,5000
commercial_brokerage_security_activity_large_model,revenue_growth_rate,5
commercial_brokerage_security_activity_large_model,cogs_ratio,35
commercial_brokerage_security_activity_large_model,vat_rate,15
commercial_brokerage_security_activity_large_model,corporate_tax_rate,20
commercial_brokerage_security_activity_large_model,annual_depreciation_rate,10
commercial_brokerage_security_activity_large_model,working_capital_days,30
commercial_brokerage_security_activity_large_model,discount_rate,10
commercial_brokerage_security_activity_large_model,loan_ratio,50
commercial_brokerage_security_activity_large_model,interest_rate,8
commercial_brokerage_security_activity_large_model,loan_term_years,5
insurance_agent_banking_activity_small_model,rent_monthly,5000
insurance_agent_banking_activity_small_model,salaries_monthly,15000
insurance_agent_banking_activity_small_model,marketing_monthly,2000
insurance_agent_banking_activity_small_model,utilities_monthly,1000
insurance_agent_banking_activity_small_model,insurance_monthly,800
insurance_agent_banking_activity_small_model,revenue_growth_rate,5
insurance_agent_banking_activity_small_model,cogs_ratio,35
insurance_agent_banking_activity_small_model,vat_rate,15
insurance_agent_banking_activity_small_model,corporate_tax_rate,20
insurance_agent_banking_activity_small_model,annual_depreciation_rate,10
insurance_agent_banking_activity_small_model,working_capital_days,30
insurance_agent_banking_activity_small_model,discount_rate,10
insurance_agent_banking_activity_small_model,loan_ratio,50
insurance_agent_banking_activity_small_model,interest_rate,8
insurance_agent_banking_activity_small_model,loan_term_years,5
insurance_agent_banking_activity_medium_model,rent_monthly,15000
insurance_agent_banking_activity_medium_model,salaries_monthly,45000
insurance_agent_banking_activity_medium_model,marketing_monthly,6000
insurance_agent_banking_activity_medium_model,utilities_monthly,3000
insurance_agent_banking_activity_medium_model,insurance_monthly,2000
insurance_agent_banking_activity_medium_model,revenue_growth_rate,5
insurance_agent_banking_activity_medium_model,cogs_ratio,35
insurance_agent_banking_activity_medium_model,vat_rate,15
insurance_agent_banking_activity_medium_model,corporate_tax_rate,20
insurance_agent_banking_activity_medium_model,annual_depreciation_rate,10
insurance_agent_banking_activity_medium_model,working_capital_days,30
insurance_agent_banking_activity_medium_model,discount_rate,10
insurance_agent_banking_activity_medium_model,loan_ratio,50
insurance_agent_banking_activity_medium_model,interest_rate,8
insurance_agent_banking_activity_medium_model,loan_term_years,5
insurance_agent_banking_activity_large_model,rent_monthly,40000
insurance_agent_banking_activity_large_model,salaries_monthly,120000
insurance_agent_banking_activity_large_model,marketing_monthly,18000
insurance_agent_banking_activity_large_model,utilities_monthly,8000
insurance_agent_banking_activity_large_model,insurance_monthly,5000
insurance_agent_banking_activity_large_model,revenue_growth_rate,5
insurance_agent_banking_activity_large_model,cogs_ratio,35
insurance_agent_banking_activity_large_model,vat_rate,15
insurance_agent_banking_activity_large_model,corporate_tax_rate,20
insurance_agent_banking_activity_large_model,annual_depreciation_rate,10
insurance_agent_banking_activity_large_model,working_capital_days,30
insurance_agent_banking_activity_large_model,discount_rate,10
insurance_agent_banking_activity_large_model,loan_ratio,50
insurance_agent_banking_activity_large_model,interest_rate,8
insurance_agent_banking_activity_large_model,loan_term_years,5
insurance_agent_insurance_activity_small_model,rent_monthly,5000
insurance_agent_insurance_activity_small_model,salaries_monthly,15000
insurance_agent_insurance_activity_small_model,marketing_monthly,2000
insurance_agent_insurance_activity_small_model,utilities_monthly,1000
insurance_agent_insurance_activity_small_model,insurance_monthly,800
insurance_agent_insurance_activity_small_model,revenue_growth_rate,5
insurance_agent_insurance_activity_small_model,cogs_ratio,35
insurance_agent_insurance_activity_small_model,vat_rate,15
insurance_agent_insurance_activity_small_model,corporate_tax_rate,20
insurance_agent_insurance_activity_small_model,annual_depreciation_rate,10
insurance_agent_insurance_activity_small_model,working_capital_days,30
insurance_agent_insurance_activity_small_model,discount_rate,10
insurance_agent_insurance_activity_small_model,loan_ratio,50
insurance_agent_insurance_activity_small_model,interest_rate,8
insurance_agent_insurance_activity_small_model,loan_term_years,5
insurance_agent_insurance_activity_medium_model,rent_monthly,15000
insurance_agent_insurance_activity_medium_model,salaries_monthly,45000
insurance_agent_insurance_activity_medium_model,marketing_monthly,6000
insurance_agent_insurance_activity_medium_model,utilities_monthly,3000
insurance_agent_insurance_activity_medium_model,insurance_monthly,2000
insurance_agent_insurance_activity_medium_model,revenue_growth_rate,5
insurance_agent_insurance_activity_medium_model,cogs_ratio,35
insurance_agent_insurance_activity_medium_model,vat_rate,15
insurance_agent_insurance_activity_medium_model,corporate_tax_rate,20
insurance_agent_insurance_activity_medium_model,annual_depreciation_rate,10
insurance_agent_insurance_activity_medium_model,working_capital_days,30
insurance_agent_insurance_activity_medium_model,discount_rate,10
insurance_agent_insurance_activity_medium_model,loan_ratio,50
insurance_agent_insurance_activity_medium_model,interest_rate,8
insurance_agent_insurance_activity_medium_model,loan_term_years,5
insurance_agent_insurance_activity_large_model,rent_monthly,40000
insurance_agent_insurance_activity_large_model,salaries_monthly,120000
insurance_agent_insurance_activity_large_model,marketing_monthly,18000
insurance_agent_insurance_activity_large_model,utilities_monthly,8000
insurance_agent_insurance_activity_large_model,insurance_monthly,5000
insurance_agent_insurance_activity_large_model,revenue_growth_rate,5
insurance_agent_insurance_activity_large_model,cogs_ratio,35
insurance_agent_insurance_activity_large_model,vat_rate,15
insurance_agent_insurance_activity_large_model,corporate_tax_rate,20
insurance_agent_insurance_activity_large_model,annual_depreciation_rate,10
insurance_agent_insurance_activity_large_model,working_capital_days,30
insurance_agent_insurance_activity_large_model,discount_rate,10
insurance_agent_insurance_activity_large_model,loan_ratio,50
insurance_agent_insurance_activity_large_model,interest_rate,8
insurance_agent_insurance_activity_large_model,loan_term_years,5
insurance_agent_fintech_activity_small_model,rent_monthly,5000
insurance_agent_fintech_activity_small_model,salaries_monthly,15000
insurance_agent_fintech_activity_small_model,marketing_monthly,2000
insurance_agent_fintech_activity_small_model,utilities_monthly,1000
insurance_agent_fintech_activity_small_model,insurance_monthly,800
insurance_agent_fintech_activity_small_model,revenue_growth_rate,5
insurance_agent_fintech_activity_small_model,cogs_ratio,35
insurance_agent_fintech_activity_small_model,vat_rate,15
insurance_agent_fintech_activity_small_model,corporate_tax_rate,20
insurance_agent_fintech_activity_small_model,annual_depreciation_rate,10
insurance_agent_fintech_activity_small_model,working_capital_days,30
insurance_agent_fintech_activity_small_model,discount_rate,10
insurance_agent_fintech_activity_small_model,loan_ratio,50
insurance_agent_fintech_activity_small_model,interest_rate,8
insurance_agent_fintech_activity_small_model,loan_term_years,5
insurance_agent_fintech_activity_medium_model,rent_monthly,15000
insurance_agent_fintech_activity_medium_model,salaries_monthly,45000
insurance_agent_fintech_activity_medium_model,marketing_monthly,6000
insurance_agent_fintech_activity_medium_model,utilities_monthly,3000
insurance_agent_fintech_activity_medium_model,insurance_monthly,2000
insurance_agent_fintech_activity_medium_model,revenue_growth_rate,5
insurance_agent_fintech_activity_medium_model,cogs_ratio,35
insurance_agent_fintech_activity_medium_model,vat_rate,15
insurance_agent_fintech_activity_medium_model,corporate_tax_rate,20
insurance_agent_fintech_activity_medium_model,annual_depreciation_rate,10
insurance_agent_fintech_activity_medium_model,working_capital_days,30
insurance_agent_fintech_activity_medium_model,discount_rate,10
insurance_agent_fintech_activity_medium_model,loan_ratio,50
insurance_agent_fintech_activity_medium_model,interest_rate,8
insurance_agent_fintech_activity_medium_model,loan_term_years,5
insurance_agent_fintech_activity_large_model,rent_monthly,40000
insurance_agent_fintech_activity_large_model,salaries_monthly,120000
insurance_agent_fintech_activity_large_model,marketing_monthly,18000
insurance_agent_fintech_activity_large_model,utilities_monthly,8000
insurance_agent_fintech_activity_large_model,insurance_monthly,5000
insurance_agent_fintech_activity_large_model,revenue_growth_rate,5
insurance_agent_fintech_activity_large_model,cogs_ratio,35
insurance_agent_fintech_activity_large_model,vat_rate,15
insurance_agent_fintech_activity_large_model,corporate_tax_rate,20
insurance_agent_fintech_activity_large_model,annual_depreciation_rate,10
insurance_agent_fintech_activity_large_model,working_capital_days,30
insurance_agent_fintech_activity_large_model,discount_rate,10
insurance_agent_fintech_activity_large_model,loan_ratio,50
insurance_agent_fintech_activity_large_model,interest_rate,8
insurance_agent_fintech_activity_large_model,loan_term_years,5
insurance_agent_investment_activity_small_model,rent_monthly,5000
insurance_agent_investment_activity_small_model,salaries_monthly,15000
insurance_agent_investment_activity_small_model,marketing_monthly,2000
insurance_agent_investment_activity_small_model,utilities_monthly,1000
insurance_agent_investment_activity_small_model,insurance_monthly,800
insurance_agent_investment_activity_small_model,revenue_growth_rate,5
insurance_agent_investment_activity_small_model,cogs_ratio,35
insurance_agent_investment_activity_small_model,vat_rate,15
insurance_agent_investment_activity_small_model,corporate_tax_rate,20
insurance_agent_investment_activity_small_model,annual_depreciation_rate,10
insurance_agent_investment_activity_small_model,working_capital_days,30
insurance_agent_investment_activity_small_model,discount_rate,10
insurance_agent_investment_activity_small_model,loan_ratio,50
insurance_agent_investment_activity_small_model,interest_rate,8
insurance_agent_investment_activity_small_model,loan_term_years,5
insurance_agent_investment_activity_medium_model,rent_monthly,15000
insurance_agent_investment_activity_medium_model,salaries_monthly,45000
insurance_agent_investment_activity_medium_model,marketing_monthly,6000
insurance_agent_investment_activity_medium_model,utilities_monthly,3000
insurance_agent_investment_activity_medium_model,insurance_monthly,2000
insurance_agent_investment_activity_medium_model,revenue_growth_rate,5
insurance_agent_investment_activity_medium_model,cogs_ratio,35
insurance_agent_investment_activity_medium_model,vat_rate,15
insurance_agent_investment_activity_medium_model,corporate_tax_rate,20
insurance_agent_investment_activity_medium_model,annual_depreciation_rate,10
insurance_agent_investment_activity_medium_model,working_capital_days,30
insurance_agent_investment_activity_medium_model,discount_rate,10
insurance_agent_investment_activity_medium_model,loan_ratio,50
insurance_agent_investment_activity_medium_model,interest_rate,8
insurance_agent_investment_activity_medium_model,loan_term_years,5
insurance_agent_investment_activity_large_model,rent_monthly,40000
insurance_agent_investment_activity_large_model,salaries_monthly,120000
insurance_agent_investment_activity_large_model,marketing_monthly,18000
insurance_agent_investment_activity_large_model,utilities_monthly,8000
insurance_agent_investment_activity_large_model,insurance_monthly,5000
insurance_agent_investment_activity_large_model,revenue_growth_rate,5
insurance_agent_investment_activity_large_model,cogs_ratio,35
insurance_agent_investment_activity_large_model,vat_rate,15
insurance_agent_investment_activity_large_model,corporate_tax_rate,20
insurance_agent_investment_activity_large_model,annual_depreciation_rate,10
insurance_agent_investment_activity_large_model,working_capital_days,30
insurance_agent_investment_activity_large_model,discount_rate,10
insurance_agent_investment_activity_large_model,loan_ratio,50
insurance_agent_investment_activity_large_model,interest_rate,8
insurance_agent_investment_activity_large_model,loan_term_years,5
insurance_broker_banking_activity_small_model,rent_monthly,5000
insurance_broker_banking_activity_small_model,salaries_monthly,15000
insurance_broker_banking_activity_small_model,marketing_monthly,2000
insurance_broker_banking_activity_small_model,utilities_monthly,1000
insurance_broker_banking_activity_small_model,insurance_monthly,800
insurance_broker_banking_activity_small_model,revenue_growth_rate,5
insurance_broker_banking_activity_small_model,cogs_ratio,35
insurance_broker_banking_activity_small_model,vat_rate,15
insurance_broker_banking_activity_small_model,corporate_tax_rate,20
insurance_broker_banking_activity_small_model,annual_depreciation_rate,10
insurance_broker_banking_activity_small_model,working_capital_days,30
insurance_broker_banking_activity_small_model,discount_rate,10
insurance_broker_banking_activity_small_model,loan_ratio,50
insurance_broker_banking_activity_small_model,interest_rate,8
insurance_broker_banking_activity_small_model,loan_term_years,5
insurance_broker_banking_activity_medium_model,rent_monthly,15000
insurance_broker_banking_activity_medium_model,salaries_monthly,45000
insurance_broker_banking_activity_medium_model,marketing_monthly,6000
insurance_broker_banking_activity_medium_model,utilities_monthly,3000
insurance_broker_banking_activity_medium_model,insurance_monthly,2000
insurance_broker_banking_activity_medium_model,revenue_growth_rate,5
insurance_broker_banking_activity_medium_model,cogs_ratio,35
insurance_broker_banking_activity_medium_model,vat_rate,15
insurance_broker_banking_activity_medium_model,corporate_tax_rate,20
insurance_broker_banking_activity_medium_model,annual_depreciation_rate,10
insurance_broker_banking_activity_medium_model,working_capital_days,30
insurance_broker_banking_activity_medium_model,discount_rate,10
insurance_broker_banking_activity_medium_model,loan_ratio,50
insurance_broker_banking_activity_medium_model,interest_rate,8
insurance_broker_banking_activity_medium_model,loan_term_years,5
insurance_broker_banking_activity_large_model,rent_monthly,40000
insurance_broker_banking_activity_large_model,salaries_monthly,120000
insurance_broker_banking_activity_large_model,marketing_monthly,18000
insurance_broker_banking_activity_large_model,utilities_monthly,8000
insurance_broker_banking_activity_large_model,insurance_monthly,5000
insurance_broker_banking_activity_large_model,revenue_growth_rate,5
insurance_broker_banking_activity_large_model,cogs_ratio,35
insurance_broker_banking_activity_large_model,vat_rate,15
insurance_broker_banking_activity_large_model,corporate_tax_rate,20
insurance_broker_banking_activity_large_model,annual_depreciation_rate,10
insurance_broker_banking_activity_large_model,working_capital_days,30
insurance_broker_banking_activity_large_model,discount_rate,10
insurance_broker_banking_activity_large_model,loan_ratio,50
insurance_broker_banking_activity_large_model,interest_rate,8
insurance_broker_banking_activity_large_model,loan_term_years,5
insurance_broker_insurance_activity_small_model,rent_monthly,5000
insurance_broker_insurance_activity_small_model,salaries_monthly,15000
insurance_broker_insurance_activity_small_model,marketing_monthly,2000
insurance_broker_insurance_activity_small_model,utilities_monthly,1000
insurance_broker_insurance_activity_small_model,insurance_monthly,800
insurance_broker_insurance_activity_small_model,revenue_growth_rate,5
insurance_broker_insurance_activity_small_model,cogs_ratio,35
insurance_broker_insurance_activity_small_model,vat_rate,15
insurance_broker_insurance_activity_small_model,corporate_tax_rate,20
insurance_broker_insurance_activity_small_model,annual_depreciation_rate,10
insurance_broker_insurance_activity_small_model,working_capital_days,30
insurance_broker_insurance_activity_small_model,discount_rate,10
insurance_broker_insurance_activity_small_model,loan_ratio,50
insurance_broker_insurance_activity_small_model,interest_rate,8
insurance_broker_insurance_activity_small_model,loan_term_years,5
insurance_broker_insurance_activity_medium_model,rent_monthly,15000
insurance_broker_insurance_activity_medium_model,salaries_monthly,45000
insurance_broker_insurance_activity_medium_model,marketing_monthly,6000
insurance_broker_insurance_activity_medium_model,utilities_monthly,3000
insurance_broker_insurance_activity_medium_model,insurance_monthly,2000
insurance_broker_insurance_activity_medium_model,revenue_growth_rate,5
insurance_broker_insurance_activity_medium_model,cogs_ratio,35
insurance_broker_insurance_activity_medium_model,vat_rate,15
insurance_broker_insurance_activity_medium_model,corporate_tax_rate,20
insurance_broker_insurance_activity_medium_model,annual_depreciation_rate,10
insurance_broker_insurance_activity_medium_model,working_capital_days,30
insurance_broker_insurance_activity_medium_model,discount_rate,10
insurance_broker_insurance_activity_medium_model,loan_ratio,50
insurance_broker_insurance_activity_medium_model,interest_rate,8
insurance_broker_insurance_activity_medium_model,loan_term_years,5
insurance_broker_insurance_activity_large_model,rent_monthly,40000
insurance_broker_insurance_activity_large_model,salaries_monthly,120000
insurance_broker_insurance_activity_large_model,marketing_monthly,18000
insurance_broker_insurance_activity_large_model,utilities_monthly,8000
insurance_broker_insurance_activity_large_model,insurance_monthly,5000
insurance_broker_insurance_activity_large_model,revenue_growth_rate,5
insurance_broker_insurance_activity_large_model,cogs_ratio,35
insurance_broker_insurance_activity_large_model,vat_rate,15
insurance_broker_insurance_activity_large_model,corporate_tax_rate,20
insurance_broker_insurance_activity_large_model,annual_depreciation_rate,10
insurance_broker_insurance_activity_large_model,working_capital_days,30
insurance_broker_insurance_activity_large_model,discount_rate,10
insurance_broker_insurance_activity_large_model,loan_ratio,50
insurance_broker_insurance_activity_large_model,interest_rate,8
insurance_broker_insurance_activity_large_model,loan_term_years,5
insurance_broker_fintech_activity_small_model,rent_monthly,5000
insurance_broker_fintech_activity_small_model,salaries_monthly,15000
insurance_broker_fintech_activity_small_model,marketing_monthly,2000
insurance_broker_fintech_activity_small_model,utilities_monthly,1000
insurance_broker_fintech_activity_small_model,insurance_monthly,800
insurance_broker_fintech_activity_small_model,revenue_growth_rate,5
insurance_broker_fintech_activity_small_model,cogs_ratio,35
insurance_broker_fintech_activity_small_model,vat_rate,15
insurance_broker_fintech_activity_small_model,corporate_tax_rate,20
insurance_broker_fintech_activity_small_model,annual_depreciation_rate,10
insurance_broker_fintech_activity_small_model,working_capital_days,30
insurance_broker_fintech_activity_small_model,discount_rate,10
insurance_broker_fintech_activity_small_model,loan_ratio,50
insurance_broker_fintech_activity_small_model,interest_rate,8
insurance_broker_fintech_activity_small_model,loan_term_years,5
insurance_broker_fintech_activity_medium_model,rent_monthly,15000
insurance_broker_fintech_activity_medium_model,salaries_monthly,45000
insurance_broker_fintech_activity_medium_model,marketing_monthly,6000
insurance_broker_fintech_activity_medium_model,utilities_monthly,3000
insurance_broker_fintech_activity_medium_model,insurance_monthly,2000
insurance_broker_fintech_activity_medium_model,revenue_growth_rate,5
insurance_broker_fintech_activity_medium_model,cogs_ratio,35
insurance_broker_fintech_activity_medium_model,vat_rate,15
insurance_broker_fintech_activity_medium_model,corporate_tax_rate,20
insurance_broker_fintech_activity_medium_model,annual_depreciation_rate,10
insurance_broker_fintech_activity_medium_model,working_capital_days,30
insurance_broker_fintech_activity_medium_model,discount_rate,10
insurance_broker_fintech_activity_medium_model,loan_ratio,50
insurance_broker_fintech_activity_medium_model,interest_rate,8
insurance_broker_fintech_activity_medium_model,loan_term_years,5
insurance_broker_fintech_activity_large_model,rent_monthly,40000
insurance_broker_fintech_activity_large_model,salaries_monthly,120000
insurance_broker_fintech_activity_large_model,marketing_monthly,18000
insurance_broker_fintech_activity_large_model,utilities_monthly,8000
insurance_broker_fintech_activity_large_model,insurance_monthly,5000
insurance_broker_fintech_activity_large_model,revenue_growth_rate,5
insurance_broker_fintech_activity_large_model,cogs_ratio,35
insurance_broker_fintech_activity_large_model,vat_rate,15
insurance_broker_fintech_activity_large_model,corporate_tax_rate,20
insurance_broker_fintech_activity_large_model,annual_depreciation_rate,10
insurance_broker_fintech_activity_large_model,working_capital_days,30
insurance_broker_fintech_activity_large_model,discount_rate,10
insurance_broker_fintech_activity_large_model,loan_ratio,50
insurance_broker_fintech_activity_large_model,interest_rate,8
insurance_broker_fintech_activity_large_model,loan_term_years,5
insurance_broker_investment_activity_small_model,rent_monthly,5000
insurance_broker_investment_activity_small_model,salaries_monthly,15000
insurance_broker_investment_activity_small_model,marketing_monthly,2000
insurance_broker_investment_activity_small_model,utilities_monthly,1000
insurance_broker_investment_activity_small_model,insurance_monthly,800
insurance_broker_investment_activity_small_model,revenue_growth_rate,5
insurance_broker_investment_activity_small_model,cogs_ratio,35
insurance_broker_investment_activity_small_model,vat_rate,15
insurance_broker_investment_activity_small_model,corporate_tax_rate,20
insurance_broker_investment_activity_small_model,annual_depreciation_rate,10
insurance_broker_investment_activity_small_model,working_capital_days,30
insurance_broker_investment_activity_small_model,discount_rate,10
insurance_broker_investment_activity_small_model,loan_ratio,50
insurance_broker_investment_activity_small_model,interest_rate,8
insurance_broker_investment_activity_small_model,loan_term_years,5
insurance_broker_investment_activity_medium_model,rent_monthly,15000
insurance_broker_investment_activity_medium_model,salaries_monthly,45000
insurance_broker_investment_activity_medium_model,marketing_monthly,6000
insurance_broker_investment_activity_medium_model,utilities_monthly,3000
insurance_broker_investment_activity_medium_model,insurance_monthly,2000
insurance_broker_investment_activity_medium_model,revenue_growth_rate,5
insurance_broker_investment_activity_medium_model,cogs_ratio,35
insurance_broker_investment_activity_medium_model,vat_rate,15
insurance_broker_investment_activity_medium_model,corporate_tax_rate,20
insurance_broker_investment_activity_medium_model,annual_depreciation_rate,10
insurance_broker_investment_activity_medium_model,working_capital_days,30
insurance_broker_investment_activity_medium_model,discount_rate,10
insurance_broker_investment_activity_medium_model,loan_ratio,50
insurance_broker_investment_activity_medium_model,interest_rate,8
insurance_broker_investment_activity_medium_model,loan_term_years,5
insurance_broker_investment_activity_large_model,rent_monthly,40000
insurance_broker_investment_activity_large_model,salaries_monthly,120000
insurance_broker_investment_activity_large_model,marketing_monthly,18000
insurance_broker_investment_activity_large_model,utilities_monthly,8000
insurance_broker_investment_activity_large_model,insurance_monthly,5000
insurance_broker_investment_activity_large_model,revenue_growth_rate,5
insurance_broker_investment_activity_large_model,cogs_ratio,35
insurance_broker_investment_activity_large_model,vat_rate,15
insurance_broker_investment_activity_large_model,corporate_tax_rate,20
insurance_broker_investment_activity_large_model,annual_depreciation_rate,10
insurance_broker_investment_activity_large_model,working_capital_days,30
insurance_broker_investment_activity_large_model,discount_rate,10
insurance_broker_investment_activity_large_model,loan_ratio,50
insurance_broker_investment_activity_large_model,interest_rate,8
insurance_broker_investment_activity_large_model,loan_term_years,5
human_resources_consulting_activity_small_model,rent_monthly,5000
human_resources_consulting_activity_small_model,salaries_monthly,15000
human_resources_consulting_activity_small_model,marketing_monthly,2000
human_resources_consulting_activity_small_model,utilities_monthly,1000
human_resources_consulting_activity_small_model,insurance_monthly,800
human_resources_consulting_activity_small_model,revenue_growth_rate,5
human_resources_consulting_activity_small_model,cogs_ratio,35
human_resources_consulting_activity_small_model,vat_rate,15
human_resources_consulting_activity_small_model,corporate_tax_rate,20
human_resources_consulting_activity_small_model,annual_depreciation_rate,10
human_resources_consulting_activity_small_model,working_capital_days,30
human_resources_consulting_activity_small_model,discount_rate,10
human_resources_consulting_activity_small_model,loan_ratio,50
human_resources_consulting_activity_small_model,interest_rate,8
human_resources_consulting_activity_small_model,loan_term_years,5
human_resources_consulting_activity_medium_model,rent_monthly,15000
human_resources_consulting_activity_medium_model,salaries_monthly,45000
human_resources_consulting_activity_medium_model,marketing_monthly,6000
human_resources_consulting_activity_medium_model,utilities_monthly,3000
human_resources_consulting_activity_medium_model,insurance_monthly,2000
human_resources_consulting_activity_medium_model,revenue_growth_rate,5
human_resources_consulting_activity_medium_model,cogs_ratio,35
human_resources_consulting_activity_medium_model,vat_rate,15
human_resources_consulting_activity_medium_model,corporate_tax_rate,20
human_resources_consulting_activity_medium_model,annual_depreciation_rate,10
human_resources_consulting_activity_medium_model,working_capital_days,30
human_resources_consulting_activity_medium_model,discount_rate,10
human_resources_consulting_activity_medium_model,loan_ratio,50
human_resources_consulting_activity_medium_model,interest_rate,8
human_resources_consulting_activity_medium_model,loan_term_years,5
human_resources_consulting_activity_large_model,rent_monthly,40000
human_resources_consulting_activity_large_model,salaries_monthly,120000
human_resources_consulting_activity_large_model,marketing_monthly,18000
human_resources_consulting_activity_large_model,utilities_monthly,8000
human_resources_consulting_activity_large_model,insurance_monthly,5000
human_resources_consulting_activity_large_model,revenue_growth_rate,5
human_resources_consulting_activity_large_model,cogs_ratio,35
human_resources_consulting_activity_large_model,vat_rate,15
human_resources_consulting_activity_large_model,corporate_tax_rate,20
human_resources_consulting_activity_large_model,annual_depreciation_rate,10
human_resources_consulting_activity_large_model,working_capital_days,30
human_resources_consulting_activity_large_model,discount_rate,10
human_resources_consulting_activity_large_model,loan_ratio,50
human_resources_consulting_activity_large_model,interest_rate,8
human_resources_consulting_activity_large_model,loan_term_years,5
human_resources_maintenance_activity_small_model,rent_monthly,5000
human_resources_maintenance_activity_small_model,salaries_monthly,15000
human_resources_maintenance_activity_small_model,marketing_monthly,2000
human_resources_maintenance_activity_small_model,utilities_monthly,1000
human_resources_maintenance_activity_small_model,insurance_monthly,800
human_resources_maintenance_activity_small_model,revenue_growth_rate,5
human_resources_maintenance_activity_small_model,cogs_ratio,35
human_resources_maintenance_activity_small_model,vat_rate,15
human_resources_maintenance_activity_small_model,corporate_tax_rate,20
human_resources_maintenance_activity_small_model,annual_depreciation_rate,10
human_resources_maintenance_activity_small_model,working_capital_days,30
human_resources_maintenance_activity_small_model,discount_rate,10
human_resources_maintenance_activity_small_model,loan_ratio,50
human_resources_maintenance_activity_small_model,interest_rate,8
human_resources_maintenance_activity_small_model,loan_term_years,5
human_resources_maintenance_activity_medium_model,rent_monthly,15000
human_resources_maintenance_activity_medium_model,salaries_monthly,45000
human_resources_maintenance_activity_medium_model,marketing_monthly,6000
human_resources_maintenance_activity_medium_model,utilities_monthly,3000
human_resources_maintenance_activity_medium_model,insurance_monthly,2000
human_resources_maintenance_activity_medium_model,revenue_growth_rate,5
human_resources_maintenance_activity_medium_model,cogs_ratio,35
human_resources_maintenance_activity_medium_model,vat_rate,15
human_resources_maintenance_activity_medium_model,corporate_tax_rate,20
human_resources_maintenance_activity_medium_model,annual_depreciation_rate,10
human_resources_maintenance_activity_medium_model,working_capital_days,30
human_resources_maintenance_activity_medium_model,discount_rate,10
human_resources_maintenance_activity_medium_model,loan_ratio,50
human_resources_maintenance_activity_medium_model,interest_rate,8
human_resources_maintenance_activity_medium_model,loan_term_years,5
human_resources_maintenance_activity_large_model,rent_monthly,40000
human_resources_maintenance_activity_large_model,salaries_monthly,120000
human_resources_maintenance_activity_large_model,marketing_monthly,18000
human_resources_maintenance_activity_large_model,utilities_monthly,8000
human_resources_maintenance_activity_large_model,insurance_monthly,5000
human_resources_maintenance_activity_large_model,revenue_growth_rate,5
human_resources_maintenance_activity_large_model,cogs_ratio,35
human_resources_maintenance_activity_large_model,vat_rate,15
human_resources_maintenance_activity_large_model,corporate_tax_rate,20
human_resources_maintenance_activity_large_model,annual_depreciation_rate,10
human_resources_maintenance_activity_large_model,working_capital_days,30
human_resources_maintenance_activity_large_model,discount_rate,10
human_resources_maintenance_activity_large_model,loan_ratio,50
human_resources_maintenance_activity_large_model,interest_rate,8
human_resources_maintenance_activity_large_model,loan_term_years,5
human_resources_cleaning_activity_small_model,rent_monthly,5000
human_resources_cleaning_activity_small_model,salaries_monthly,15000
human_resources_cleaning_activity_small_model,marketing_monthly,2000
human_resources_cleaning_activity_small_model,utilities_monthly,1000
human_resources_cleaning_activity_small_model,insurance_monthly,800
human_resources_cleaning_activity_small_model,revenue_growth_rate,5
human_resources_cleaning_activity_small_model,cogs_ratio,35
human_resources_cleaning_activity_small_model,vat_rate,15
human_resources_cleaning_activity_small_model,corporate_tax_rate,20
human_resources_cleaning_activity_small_model,annual_depreciation_rate,10
human_resources_cleaning_activity_small_model,working_capital_days,30
human_resources_cleaning_activity_small_model,discount_rate,10
human_resources_cleaning_activity_small_model,loan_ratio,50
human_resources_cleaning_activity_small_model,interest_rate,8
human_resources_cleaning_activity_small_model,loan_term_years,5
human_resources_cleaning_activity_medium_model,rent_monthly,15000
human_resources_cleaning_activity_medium_model,salaries_monthly,45000
human_resources_cleaning_activity_medium_model,marketing_monthly,6000
human_resources_cleaning_activity_medium_model,utilities_monthly,3000
human_resources_cleaning_activity_medium_model,insurance_monthly,2000
human_resources_cleaning_activity_medium_model,revenue_growth_rate,5
human_resources_cleaning_activity_medium_model,cogs_ratio,35
human_resources_cleaning_activity_medium_model,vat_rate,15
human_resources_cleaning_activity_medium_model,corporate_tax_rate,20
human_resources_cleaning_activity_medium_model,annual_depreciation_rate,10
human_resources_cleaning_activity_medium_model,working_capital_days,30
human_resources_cleaning_activity_medium_model,discount_rate,10
human_resources_cleaning_activity_medium_model,loan_ratio,50
human_resources_cleaning_activity_medium_model,interest_rate,8
human_resources_cleaning_activity_medium_model,loan_term_years,5
human_resources_cleaning_activity_large_model,rent_monthly,40000
human_resources_cleaning_activity_large_model,salaries_monthly,120000
human_resources_cleaning_activity_large_model,marketing_monthly,18000
human_resources_cleaning_activity_large_model,utilities_monthly,8000
human_resources_cleaning_activity_large_model,insurance_monthly,5000
human_resources_cleaning_activity_large_model,revenue_growth_rate,5
human_resources_cleaning_activity_large_model,cogs_ratio,35
human_resources_cleaning_activity_large_model,vat_rate,15
human_resources_cleaning_activity_large_model,corporate_tax_rate,20
human_resources_cleaning_activity_large_model,annual_depreciation_rate,10
human_resources_cleaning_activity_large_model,working_capital_days,30
human_resources_cleaning_activity_large_model,discount_rate,10
human_resources_cleaning_activity_large_model,loan_ratio,50
human_resources_cleaning_activity_large_model,interest_rate,8
human_resources_cleaning_activity_large_model,loan_term_years,5
human_resources_security_activity_small_model,rent_monthly,5000
human_resources_security_activity_small_model,salaries_monthly,15000
human_resources_security_activity_small_model,marketing_monthly,2000
human_resources_security_activity_small_model,utilities_monthly,1000
human_resources_security_activity_small_model,insurance_monthly,800
human_resources_security_activity_small_model,revenue_growth_rate,5
human_resources_security_activity_small_model,cogs_ratio,35
human_resources_security_activity_small_model,vat_rate,15
human_resources_security_activity_small_model,corporate_tax_rate,20
human_resources_security_activity_small_model,annual_depreciation_rate,10
human_resources_security_activity_small_model,working_capital_days,30
human_resources_security_activity_small_model,discount_rate,10
human_resources_security_activity_small_model,loan_ratio,50
human_resources_security_activity_small_model,interest_rate,8
human_resources_security_activity_small_model,loan_term_years,5
human_resources_security_activity_medium_model,rent_monthly,15000
human_resources_security_activity_medium_model,salaries_monthly,45000
human_resources_security_activity_medium_model,marketing_monthly,6000
human_resources_security_activity_medium_model,utilities_monthly,3000
human_resources_security_activity_medium_model,insurance_monthly,2000
human_resources_security_activity_medium_model,revenue_growth_rate,5
human_resources_security_activity_medium_model,cogs_ratio,35
human_resources_security_activity_medium_model,vat_rate,15
human_resources_security_activity_medium_model,corporate_tax_rate,20
human_resources_security_activity_medium_model,annual_depreciation_rate,10
human_resources_security_activity_medium_model,working_capital_days,30
human_resources_security_activity_medium_model,discount_rate,10
human_resources_security_activity_medium_model,loan_ratio,50
human_resources_security_activity_medium_model,interest_rate,8
human_resources_security_activity_medium_model,loan_term_years,5
human_resources_security_activity_large_model,rent_monthly,40000
human_resources_security_activity_large_model,salaries_monthly,120000
human_resources_security_activity_large_model,marketing_monthly,18000
human_resources_security_activity_large_model,utilities_monthly,8000
human_resources_security_activity_large_model,insurance_monthly,5000
human_resources_security_activity_large_model,revenue_growth_rate,5
human_resources_security_activity_large_model,cogs_ratio,35
human_resources_security_activity_large_model,vat_rate,15
human_resources_security_activity_large_model,corporate_tax_rate,20
human_resources_security_activity_large_model,annual_depreciation_rate,10
human_resources_security_activity_large_model,working_capital_days,30
human_resources_security_activity_large_model,discount_rate,10
human_resources_security_activity_large_model,loan_ratio,50
human_resources_security_activity_large_model,interest_rate,8
human_resources_security_activity_large_model,loan_term_years,5
energy_renewable_activity_small_model,rent_monthly,5000
energy_renewable_activity_small_model,salaries_monthly,15000
energy_renewable_activity_small_model,marketing_monthly,2000
energy_renewable_activity_small_model,utilities_monthly,1000
energy_renewable_activity_small_model,insurance_monthly,800
energy_renewable_activity_small_model,revenue_growth_rate,5
energy_renewable_activity_small_model,cogs_ratio,35
energy_renewable_activity_small_model,vat_rate,15
energy_renewable_activity_small_model,corporate_tax_rate,20
energy_renewable_activity_small_model,annual_depreciation_rate,10
energy_renewable_activity_small_model,working_capital_days,30
energy_renewable_activity_small_model,discount_rate,10
energy_renewable_activity_small_model,loan_ratio,50
energy_renewable_activity_small_model,interest_rate,8
energy_renewable_activity_small_model,loan_term_years,5
energy_renewable_activity_medium_model,rent_monthly,15000
energy_renewable_activity_medium_model,salaries_monthly,45000
energy_renewable_activity_medium_model,marketing_monthly,6000
energy_renewable_activity_medium_model,utilities_monthly,3000
energy_renewable_activity_medium_model,insurance_monthly,2000
energy_renewable_activity_medium_model,revenue_growth_rate,5
energy_renewable_activity_medium_model,cogs_ratio,35
energy_renewable_activity_medium_model,vat_rate,15
energy_renewable_activity_medium_model,corporate_tax_rate,20
energy_renewable_activity_medium_model,annual_depreciation_rate,10
energy_renewable_activity_medium_model,working_capital_days,30
energy_renewable_activity_medium_model,discount_rate,10
energy_renewable_activity_medium_model,loan_ratio,50
energy_renewable_activity_medium_model,interest_rate,8
energy_renewable_activity_medium_model,loan_term_years,5
energy_renewable_activity_large_model,rent_monthly,40000
energy_renewable_activity_large_model,salaries_monthly,120000
energy_renewable_activity_large_model,marketing_monthly,18000
energy_renewable_activity_large_model,utilities_monthly,8000
energy_renewable_activity_large_model,insurance_monthly,5000
energy_renewable_activity_large_model,revenue_growth_rate,5
energy_renewable_activity_large_model,cogs_ratio,35
energy_renewable_activity_large_model,vat_rate,15
energy_renewable_activity_large_model,corporate_tax_rate,20
energy_renewable_activity_large_model,annual_depreciation_rate,10
energy_renewable_activity_large_model,working_capital_days,30
energy_renewable_activity_large_model,discount_rate,10
energy_renewable_activity_large_model,loan_ratio,50
energy_renewable_activity_large_model,interest_rate,8
energy_renewable_activity_large_model,loan_term_years,5
energy_oil_gas_activity_small_model,rent_monthly,5000
energy_oil_gas_activity_small_model,salaries_monthly,15000
energy_oil_gas_activity_small_model,marketing_monthly,2000
energy_oil_gas_activity_small_model,utilities_monthly,1000
energy_oil_gas_activity_small_model,insurance_monthly,800
energy_oil_gas_activity_small_model,revenue_growth_rate,5
energy_oil_gas_activity_small_model,cogs_ratio,35
energy_oil_gas_activity_small_model,vat_rate,15
energy_oil_gas_activity_small_model,corporate_tax_rate,20
energy_oil_gas_activity_small_model,annual_depreciation_rate,10
energy_oil_gas_activity_small_model,working_capital_days,30
energy_oil_gas_activity_small_model,discount_rate,10
energy_oil_gas_activity_small_model,loan_ratio,50
energy_oil_gas_activity_small_model,interest_rate,8
energy_oil_gas_activity_small_model,loan_term_years,5
energy_oil_gas_activity_medium_model,rent_monthly,15000
energy_oil_gas_activity_medium_model,salaries_monthly,45000
energy_oil_gas_activity_medium_model,marketing_monthly,6000
energy_oil_gas_activity_medium_model,utilities_monthly,3000
energy_oil_gas_activity_medium_model,insurance_monthly,2000
energy_oil_gas_activity_medium_model,revenue_growth_rate,5
energy_oil_gas_activity_medium_model,cogs_ratio,35
energy_oil_gas_activity_medium_model,vat_rate,15
energy_oil_gas_activity_medium_model,corporate_tax_rate,20
energy_oil_gas_activity_medium_model,annual_depreciation_rate,10
energy_oil_gas_activity_medium_model,working_capital_days,30
energy_oil_gas_activity_medium_model,discount_rate,10
energy_oil_gas_activity_medium_model,loan_ratio,50
energy_oil_gas_activity_medium_model,interest_rate,8
energy_oil_gas_activity_medium_model,loan_term_years,5
energy_oil_gas_activity_large_model,rent_monthly,40000
energy_oil_gas_activity_large_model,salaries_monthly,120000
energy_oil_gas_activity_large_model,marketing_monthly,18000
energy_oil_gas_activity_large_model,utilities_monthly,8000
energy_oil_gas_activity_large_model,insurance_monthly,5000
energy_oil_gas_activity_large_model,revenue_growth_rate,5
energy_oil_gas_activity_large_model,cogs_ratio,35
energy_oil_gas_activity_large_model,vat_rate,15
energy_oil_gas_activity_large_model,corporate_tax_rate,20
energy_oil_gas_activity_large_model,annual_depreciation_rate,10
energy_oil_gas_activity_large_model,working_capital_days,30
energy_oil_gas_activity_large_model,discount_rate,10
energy_oil_gas_activity_large_model,loan_ratio,50
energy_oil_gas_activity_large_model,interest_rate,8
energy_oil_gas_activity_large_model,loan_term_years,5
energy_utilities_activity_small_model,rent_monthly,5000
energy_utilities_activity_small_model,salaries_monthly,15000
energy_utilities_activity_small_model,marketing_monthly,2000
energy_utilities_activity_small_model,utilities_monthly,1000
energy_utilities_activity_small_model,insurance_monthly,800
energy_utilities_activity_small_model,revenue_growth_rate,5
energy_utilities_activity_small_model,cogs_ratio,35
energy_utilities_activity_small_model,vat_rate,15
energy_utilities_activity_small_model,corporate_tax_rate,20
energy_utilities_activity_small_model,annual_depreciation_rate,10
energy_utilities_activity_small_model,working_capital_days,30
energy_utilities_activity_small_model,discount_rate,10
energy_utilities_activity_small_model,loan_ratio,50
energy_utilities_activity_small_model,interest_rate,8
energy_utilities_activity_small_model,loan_term_years,5
energy_utilities_activity_medium_model,rent_monthly,15000
energy_utilities_activity_medium_model,salaries_monthly,45000
energy_utilities_activity_medium_model,marketing_monthly,6000
energy_utilities_activity_medium_model,utilities_monthly,3000
energy_utilities_activity_medium_model,insurance_monthly,2000
energy_utilities_activity_medium_model,revenue_growth_rate,5
energy_utilities_activity_medium_model,cogs_ratio,35
energy_utilities_activity_medium_model,vat_rate,15
energy_utilities_activity_medium_model,corporate_tax_rate,20
energy_utilities_activity_medium_model,annual_depreciation_rate,10
energy_utilities_activity_medium_model,working_capital_days,30
energy_utilities_activity_medium_model,discount_rate,10
energy_utilities_activity_medium_model,loan_ratio,50
energy_utilities_activity_medium_model,interest_rate,8
energy_utilities_activity_medium_model,loan_term_years,5
energy_utilities_activity_large_model,rent_monthly,40000
energy_utilities_activity_large_model,salaries_monthly,120000
energy_utilities_activity_large_model,marketing_monthly,18000
energy_utilities_activity_large_model,utilities_monthly,8000
energy_utilities_activity_large_model,insurance_monthly,5000
energy_utilities_activity_large_model,revenue_growth_rate,5
energy_utilities_activity_large_model,cogs_ratio,35
energy_utilities_activity_large_model,vat_rate,15
energy_utilities_activity_large_model,corporate_tax_rate,20
energy_utilities_activity_large_model,annual_depreciation_rate,10
energy_utilities_activity_large_model,working_capital_days,30
energy_utilities_activity_large_model,discount_rate,10
energy_utilities_activity_large_model,loan_ratio,50
energy_utilities_activity_large_model,interest_rate,8
energy_utilities_activity_large_model,loan_term_years,5
energy_efficiency_activity_small_model,rent_monthly,5000
energy_efficiency_activity_small_model,salaries_monthly,15000
energy_efficiency_activity_small_model,marketing_monthly,2000
energy_efficiency_activity_small_model,utilities_monthly,1000
energy_efficiency_activity_small_model,insurance_monthly,800
energy_efficiency_activity_small_model,revenue_growth_rate,5
energy_efficiency_activity_small_model,cogs_ratio,35
energy_efficiency_activity_small_model,vat_rate,15
energy_efficiency_activity_small_model,corporate_tax_rate,20
energy_efficiency_activity_small_model,annual_depreciation_rate,10
energy_efficiency_activity_small_model,working_capital_days,30
energy_efficiency_activity_small_model,discount_rate,10
energy_efficiency_activity_small_model,loan_ratio,50
energy_efficiency_activity_small_model,interest_rate,8
energy_efficiency_activity_small_model,loan_term_years,5
energy_efficiency_activity_medium_model,rent_monthly,15000
energy_efficiency_activity_medium_model,salaries_monthly,45000
energy_efficiency_activity_medium_model,marketing_monthly,6000
energy_efficiency_activity_medium_model,utilities_monthly,3000
energy_efficiency_activity_medium_model,insurance_monthly,2000
energy_efficiency_activity_medium_model,revenue_growth_rate,5
energy_efficiency_activity_medium_model,cogs_ratio,35
energy_efficiency_activity_medium_model,vat_rate,15
energy_efficiency_activity_medium_model,corporate_tax_rate,20
energy_efficiency_activity_medium_model,annual_depreciation_rate,10
energy_efficiency_activity_medium_model,working_capital_days,30
energy_efficiency_activity_medium_model,discount_rate,10
energy_efficiency_activity_medium_model,loan_ratio,50
energy_efficiency_activity_medium_model,interest_rate,8
energy_efficiency_activity_medium_model,loan_term_years,5
energy_efficiency_activity_large_model,rent_monthly,40000
energy_efficiency_activity_large_model,salaries_monthly,120000
energy_efficiency_activity_large_model,marketing_monthly,18000
energy_efficiency_activity_large_model,utilities_monthly,8000
energy_efficiency_activity_large_model,insurance_monthly,5000
energy_efficiency_activity_large_model,revenue_growth_rate,5
energy_efficiency_activity_large_model,cogs_ratio,35
energy_efficiency_activity_large_model,vat_rate,15
energy_efficiency_activity_large_model,corporate_tax_rate,20
energy_efficiency_activity_large_model,annual_depreciation_rate,10
energy_efficiency_activity_large_model,working_capital_days,30
energy_efficiency_activity_large_model,discount_rate,10
energy_efficiency_activity_large_model,loan_ratio,50
energy_efficiency_activity_large_model,interest_rate,8
energy_efficiency_activity_large_model,loan_term_years,5
automotive_consulting_activity_small_model,rent_monthly,5000
automotive_consulting_activity_small_model,salaries_monthly,15000
automotive_consulting_activity_small_model,marketing_monthly,2000
automotive_consulting_activity_small_model,utilities_monthly,1000
automotive_consulting_activity_small_model,insurance_monthly,800
automotive_consulting_activity_small_model,revenue_growth_rate,5
automotive_consulting_activity_small_model,cogs_ratio,35
automotive_consulting_activity_small_model,vat_rate,15
automotive_consulting_activity_small_model,corporate_tax_rate,20
automotive_consulting_activity_small_model,annual_depreciation_rate,10
automotive_consulting_activity_small_model,working_capital_days,30
automotive_consulting_activity_small_model,discount_rate,10
automotive_consulting_activity_small_model,loan_ratio,50
automotive_consulting_activity_small_model,interest_rate,8
automotive_consulting_activity_small_model,loan_term_years,5
automotive_consulting_activity_medium_model,rent_monthly,15000
automotive_consulting_activity_medium_model,salaries_monthly,45000
automotive_consulting_activity_medium_model,marketing_monthly,6000
automotive_consulting_activity_medium_model,utilities_monthly,3000
automotive_consulting_activity_medium_model,insurance_monthly,2000
automotive_consulting_activity_medium_model,revenue_growth_rate,5
automotive_consulting_activity_medium_model,cogs_ratio,35
automotive_consulting_activity_medium_model,vat_rate,15
automotive_consulting_activity_medium_model,corporate_tax_rate,20
automotive_consulting_activity_medium_model,annual_depreciation_rate,10
automotive_consulting_activity_medium_model,working_capital_days,30
automotive_consulting_activity_medium_model,discount_rate,10
automotive_consulting_activity_medium_model,loan_ratio,50
automotive_consulting_activity_medium_model,interest_rate,8
automotive_consulting_activity_medium_model,loan_term_years,5
automotive_consulting_activity_large_model,rent_monthly,40000
automotive_consulting_activity_large_model,salaries_monthly,120000
automotive_consulting_activity_large_model,marketing_monthly,18000
automotive_consulting_activity_large_model,utilities_monthly,8000
automotive_consulting_activity_large_model,insurance_monthly,5000
automotive_consulting_activity_large_model,revenue_growth_rate,5
automotive_consulting_activity_large_model,cogs_ratio,35
automotive_consulting_activity_large_model,vat_rate,15
automotive_consulting_activity_large_model,corporate_tax_rate,20
automotive_consulting_activity_large_model,annual_depreciation_rate,10
automotive_consulting_activity_large_model,working_capital_days,30
automotive_consulting_activity_large_model,discount_rate,10
automotive_consulting_activity_large_model,loan_ratio,50
automotive_consulting_activity_large_model,interest_rate,8
automotive_consulting_activity_large_model,loan_term_years,5
automotive_maintenance_activity_small_model,rent_monthly,5000
automotive_maintenance_activity_small_model,salaries_monthly,15000
automotive_maintenance_activity_small_model,marketing_monthly,2000
automotive_maintenance_activity_small_model,utilities_monthly,1000
automotive_maintenance_activity_small_model,insurance_monthly,800
automotive_maintenance_activity_small_model,revenue_growth_rate,5
automotive_maintenance_activity_small_model,cogs_ratio,35
automotive_maintenance_activity_small_model,vat_rate,15
automotive_maintenance_activity_small_model,corporate_tax_rate,20
automotive_maintenance_activity_small_model,annual_depreciation_rate,10
automotive_maintenance_activity_small_model,working_capital_days,30
automotive_maintenance_activity_small_model,discount_rate,10
automotive_maintenance_activity_small_model,loan_ratio,50
automotive_maintenance_activity_small_model,interest_rate,8
automotive_maintenance_activity_small_model,loan_term_years,5
automotive_maintenance_activity_medium_model,rent_monthly,15000
automotive_maintenance_activity_medium_model,salaries_monthly,45000
automotive_maintenance_activity_medium_model,marketing_monthly,6000
automotive_maintenance_activity_medium_model,utilities_monthly,3000
automotive_maintenance_activity_medium_model,insurance_monthly,2000
automotive_maintenance_activity_medium_model,revenue_growth_rate,5
automotive_maintenance_activity_medium_model,cogs_ratio,35
automotive_maintenance_activity_medium_model,vat_rate,15
automotive_maintenance_activity_medium_model,corporate_tax_rate,20
automotive_maintenance_activity_medium_model,annual_depreciation_rate,10
automotive_maintenance_activity_medium_model,working_capital_days,30
automotive_maintenance_activity_medium_model,discount_rate,10
automotive_maintenance_activity_medium_model,loan_ratio,50
automotive_maintenance_activity_medium_model,interest_rate,8
automotive_maintenance_activity_medium_model,loan_term_years,5
automotive_maintenance_activity_large_model,rent_monthly,40000
automotive_maintenance_activity_large_model,salaries_monthly,120000
automotive_maintenance_activity_large_model,marketing_monthly,18000
automotive_maintenance_activity_large_model,utilities_monthly,8000
automotive_maintenance_activity_large_model,insurance_monthly,5000
automotive_maintenance_activity_large_model,revenue_growth_rate,5
automotive_maintenance_activity_large_model,cogs_ratio,35
automotive_maintenance_activity_large_model,vat_rate,15
automotive_maintenance_activity_large_model,corporate_tax_rate,20
automotive_maintenance_activity_large_model,annual_depreciation_rate,10
automotive_maintenance_activity_large_model,working_capital_days,30
automotive_maintenance_activity_large_model,discount_rate,10
automotive_maintenance_activity_large_model,loan_ratio,50
automotive_maintenance_activity_large_model,interest_rate,8
automotive_maintenance_activity_large_model,loan_term_years,5
automotive_cleaning_activity_small_model,rent_monthly,5000
automotive_cleaning_activity_small_model,salaries_monthly,15000
automotive_cleaning_activity_small_model,marketing_monthly,2000
automotive_cleaning_activity_small_model,utilities_monthly,1000
automotive_cleaning_activity_small_model,insurance_monthly,800
automotive_cleaning_activity_small_model,revenue_growth_rate,5
automotive_cleaning_activity_small_model,cogs_ratio,35
automotive_cleaning_activity_small_model,vat_rate,15
automotive_cleaning_activity_small_model,corporate_tax_rate,20
automotive_cleaning_activity_small_model,annual_depreciation_rate,10
automotive_cleaning_activity_small_model,working_capital_days,30
automotive_cleaning_activity_small_model,discount_rate,10
automotive_cleaning_activity_small_model,loan_ratio,50
automotive_cleaning_activity_small_model,interest_rate,8
automotive_cleaning_activity_small_model,loan_term_years,5
automotive_cleaning_activity_medium_model,rent_monthly,15000
automotive_cleaning_activity_medium_model,salaries_monthly,45000
automotive_cleaning_activity_medium_model,marketing_monthly,6000
automotive_cleaning_activity_medium_model,utilities_monthly,3000
automotive_cleaning_activity_medium_model,insurance_monthly,2000
automotive_cleaning_activity_medium_model,revenue_growth_rate,5
automotive_cleaning_activity_medium_model,cogs_ratio,35
automotive_cleaning_activity_medium_model,vat_rate,15
automotive_cleaning_activity_medium_model,corporate_tax_rate,20
automotive_cleaning_activity_medium_model,annual_depreciation_rate,10
automotive_cleaning_activity_medium_model,working_capital_days,30
automotive_cleaning_activity_medium_model,discount_rate,10
automotive_cleaning_activity_medium_model,loan_ratio,50
automotive_cleaning_activity_medium_model,interest_rate,8
automotive_cleaning_activity_medium_model,loan_term_years,5
automotive_cleaning_activity_large_model,rent_monthly,40000
automotive_cleaning_activity_large_model,salaries_monthly,120000
automotive_cleaning_activity_large_model,marketing_monthly,18000
automotive_cleaning_activity_large_model,utilities_monthly,8000
automotive_cleaning_activity_large_model,insurance_monthly,5000
automotive_cleaning_activity_large_model,revenue_growth_rate,5
automotive_cleaning_activity_large_model,cogs_ratio,35
automotive_cleaning_activity_large_model,vat_rate,15
automotive_cleaning_activity_large_model,corporate_tax_rate,20
automotive_cleaning_activity_large_model,annual_depreciation_rate,10
automotive_cleaning_activity_large_model,working_capital_days,30
automotive_cleaning_activity_large_model,discount_rate,10
automotive_cleaning_activity_large_model,loan_ratio,50
automotive_cleaning_activity_large_model,interest_rate,8
automotive_cleaning_activity_large_model,loan_term_years,5
automotive_security_activity_small_model,rent_monthly,5000
automotive_security_activity_small_model,salaries_monthly,15000
automotive_security_activity_small_model,marketing_monthly,2000
automotive_security_activity_small_model,utilities_monthly,1000
automotive_security_activity_small_model,insurance_monthly,800
automotive_security_activity_small_model,revenue_growth_rate,5
automotive_security_activity_small_model,cogs_ratio,35
automotive_security_activity_small_model,vat_rate,15
automotive_security_activity_small_model,corporate_tax_rate,20
automotive_security_activity_small_model,annual_depreciation_rate,10
automotive_security_activity_small_model,working_capital_days,30
automotive_security_activity_small_model,discount_rate,10
automotive_security_activity_small_model,loan_ratio,50
automotive_security_activity_small_model,interest_rate,8
automotive_security_activity_small_model,loan_term_years,5
automotive_security_activity_medium_model,rent_monthly,15000
automotive_security_activity_medium_model,salaries_monthly,45000
automotive_security_activity_medium_model,marketing_monthly,6000
automotive_security_activity_medium_model,utilities_monthly,3000
automotive_security_activity_medium_model,insurance_monthly,2000
automotive_security_activity_medium_model,revenue_growth_rate,5
automotive_security_activity_medium_model,cogs_ratio,35
automotive_security_activity_medium_model,vat_rate,15
automotive_security_activity_medium_model,corporate_tax_rate,20
automotive_security_activity_medium_model,annual_depreciation_rate,10
automotive_security_activity_medium_model,working_capital_days,30
automotive_security_activity_medium_model,discount_rate,10
automotive_security_activity_medium_model,loan_ratio,50
automotive_security_activity_medium_model,interest_rate,8
automotive_security_activity_medium_model,loan_term_years,5
automotive_security_activity_large_model,rent_monthly,40000
automotive_security_activity_large_model,salaries_monthly,120000
automotive_security_activity_large_model,marketing_monthly,18000
automotive_security_activity_large_model,utilities_monthly,8000
automotive_security_activity_large_model,insurance_monthly,5000
automotive_security_activity_large_model,revenue_growth_rate,5
automotive_security_activity_large_model,cogs_ratio,35
automotive_security_activity_large_model,vat_rate,15
automotive_security_activity_large_model,corporate_tax_rate,20
automotive_security_activity_large_model,annual_depreciation_rate,10
automotive_security_activity_large_model,working_capital_days,30
automotive_security_activity_large_model,discount_rate,10
automotive_security_activity_large_model,loan_ratio,50
automotive_security_activity_large_model,interest_rate,8
automotive_security_activity_large_model,loan_term_years,5
heavy_equipment_consulting_activity_small_model,rent_monthly,5000
heavy_equipment_consulting_activity_small_model,salaries_monthly,15000
heavy_equipment_consulting_activity_small_model,marketing_monthly,2000
heavy_equipment_consulting_activity_small_model,utilities_monthly,1000
heavy_equipment_consulting_activity_small_model,insurance_monthly,800
heavy_equipment_consulting_activity_small_model,revenue_growth_rate,5
heavy_equipment_consulting_activity_small_model,cogs_ratio,35
heavy_equipment_consulting_activity_small_model,vat_rate,15
heavy_equipment_consulting_activity_small_model,corporate_tax_rate,20
heavy_equipment_consulting_activity_small_model,annual_depreciation_rate,10
heavy_equipment_consulting_activity_small_model,working_capital_days,30
heavy_equipment_consulting_activity_small_model,discount_rate,10
heavy_equipment_consulting_activity_small_model,loan_ratio,50
heavy_equipment_consulting_activity_small_model,interest_rate,8
heavy_equipment_consulting_activity_small_model,loan_term_years,5
heavy_equipment_consulting_activity_medium_model,rent_monthly,15000
heavy_equipment_consulting_activity_medium_model,salaries_monthly,45000
heavy_equipment_consulting_activity_medium_model,marketing_monthly,6000
heavy_equipment_consulting_activity_medium_model,utilities_monthly,3000
heavy_equipment_consulting_activity_medium_model,insurance_monthly,2000
heavy_equipment_consulting_activity_medium_model,revenue_growth_rate,5
heavy_equipment_consulting_activity_medium_model,cogs_ratio,35
heavy_equipment_consulting_activity_medium_model,vat_rate,15
heavy_equipment_consulting_activity_medium_model,corporate_tax_rate,20
heavy_equipment_consulting_activity_medium_model,annual_depreciation_rate,10
heavy_equipment_consulting_activity_medium_model,working_capital_days,30
heavy_equipment_consulting_activity_medium_model,discount_rate,10
heavy_equipment_consulting_activity_medium_model,loan_ratio,50
heavy_equipment_consulting_activity_medium_model,interest_rate,8
heavy_equipment_consulting_activity_medium_model,loan_term_years,5
heavy_equipment_consulting_activity_large_model,rent_monthly,40000
heavy_equipment_consulting_activity_large_model,salaries_monthly,120000
heavy_equipment_consulting_activity_large_model,marketing_monthly,18000
heavy_equipment_consulting_activity_large_model,utilities_monthly,8000
heavy_equipment_consulting_activity_large_model,insurance_monthly,5000
heavy_equipment_consulting_activity_large_model,revenue_growth_rate,5
heavy_equipment_consulting_activity_large_model,cogs_ratio,35
heavy_equipment_consulting_activity_large_model,vat_rate,15
heavy_equipment_consulting_activity_large_model,corporate_tax_rate,20
heavy_equipment_consulting_activity_large_model,annual_depreciation_rate,10
heavy_equipment_consulting_activity_large_model,working_capital_days,30
heavy_equipment_consulting_activity_large_model,discount_rate,10
heavy_equipment_consulting_activity_large_model,loan_ratio,50
heavy_equipment_consulting_activity_large_model,interest_rate,8
heavy_equipment_consulting_activity_large_model,loan_term_years,5
heavy_equipment_maintenance_activity_small_model,rent_monthly,5000
heavy_equipment_maintenance_activity_small_model,salaries_monthly,15000
heavy_equipment_maintenance_activity_small_model,marketing_monthly,2000
heavy_equipment_maintenance_activity_small_model,utilities_monthly,1000
heavy_equipment_maintenance_activity_small_model,insurance_monthly,800
heavy_equipment_maintenance_activity_small_model,revenue_growth_rate,5
heavy_equipment_maintenance_activity_small_model,cogs_ratio,35
heavy_equipment_maintenance_activity_small_model,vat_rate,15
heavy_equipment_maintenance_activity_small_model,corporate_tax_rate,20
heavy_equipment_maintenance_activity_small_model,annual_depreciation_rate,10
heavy_equipment_maintenance_activity_small_model,working_capital_days,30
heavy_equipment_maintenance_activity_small_model,discount_rate,10
heavy_equipment_maintenance_activity_small_model,loan_ratio,50
heavy_equipment_maintenance_activity_small_model,interest_rate,8
heavy_equipment_maintenance_activity_small_model,loan_term_years,5
heavy_equipment_maintenance_activity_medium_model,rent_monthly,15000
heavy_equipment_maintenance_activity_medium_model,salaries_monthly,45000
heavy_equipment_maintenance_activity_medium_model,marketing_monthly,6000
heavy_equipment_maintenance_activity_medium_model,utilities_monthly,3000
heavy_equipment_maintenance_activity_medium_model,insurance_monthly,2000
heavy_equipment_maintenance_activity_medium_model,revenue_growth_rate,5
heavy_equipment_maintenance_activity_medium_model,cogs_ratio,35
heavy_equipment_maintenance_activity_medium_model,vat_rate,15
heavy_equipment_maintenance_activity_medium_model,corporate_tax_rate,20
heavy_equipment_maintenance_activity_medium_model,annual_depreciation_rate,10
heavy_equipment_maintenance_activity_medium_model,working_capital_days,30
heavy_equipment_maintenance_activity_medium_model,discount_rate,10
heavy_equipment_maintenance_activity_medium_model,loan_ratio,50
heavy_equipment_maintenance_activity_medium_model,interest_rate,8
heavy_equipment_maintenance_activity_medium_model,loan_term_years,5
heavy_equipment_maintenance_activity_large_model,rent_monthly,40000
heavy_equipment_maintenance_activity_large_model,salaries_monthly,120000
heavy_equipment_maintenance_activity_large_model,marketing_monthly,18000
heavy_equipment_maintenance_activity_large_model,utilities_monthly,8000
heavy_equipment_maintenance_activity_large_model,insurance_monthly,5000
heavy_equipment_maintenance_activity_large_model,revenue_growth_rate,5
heavy_equipment_maintenance_activity_large_model,cogs_ratio,35
heavy_equipment_maintenance_activity_large_model,vat_rate,15
heavy_equipment_maintenance_activity_large_model,corporate_tax_rate,20
heavy_equipment_maintenance_activity_large_model,annual_depreciation_rate,10
heavy_equipment_maintenance_activity_large_model,working_capital_days,30
heavy_equipment_maintenance_activity_large_model,discount_rate,10
heavy_equipment_maintenance_activity_large_model,loan_ratio,50
heavy_equipment_maintenance_activity_large_model,interest_rate,8
heavy_equipment_maintenance_activity_large_model,loan_term_years,5
heavy_equipment_cleaning_activity_small_model,rent_monthly,5000
heavy_equipment_cleaning_activity_small_model,salaries_monthly,15000
heavy_equipment_cleaning_activity_small_model,marketing_monthly,2000
heavy_equipment_cleaning_activity_small_model,utilities_monthly,1000
heavy_equipment_cleaning_activity_small_model,insurance_monthly,800
heavy_equipment_cleaning_activity_small_model,revenue_growth_rate,5
heavy_equipment_cleaning_activity_small_model,cogs_ratio,35
heavy_equipment_cleaning_activity_small_model,vat_rate,15
heavy_equipment_cleaning_activity_small_model,corporate_tax_rate,20
heavy_equipment_cleaning_activity_small_model,annual_depreciation_rate,10
heavy_equipment_cleaning_activity_small_model,working_capital_days,30
heavy_equipment_cleaning_activity_small_model,discount_rate,10
heavy_equipment_cleaning_activity_small_model,loan_ratio,50
heavy_equipment_cleaning_activity_small_model,interest_rate,8
heavy_equipment_cleaning_activity_small_model,loan_term_years,5
heavy_equipment_cleaning_activity_medium_model,rent_monthly,15000
heavy_equipment_cleaning_activity_medium_model,salaries_monthly,45000
heavy_equipment_cleaning_activity_medium_model,marketing_monthly,6000
heavy_equipment_cleaning_activity_medium_model,utilities_monthly,3000
heavy_equipment_cleaning_activity_medium_model,insurance_monthly,2000
heavy_equipment_cleaning_activity_medium_model,revenue_growth_rate,5
heavy_equipment_cleaning_activity_medium_model,cogs_ratio,35
heavy_equipment_cleaning_activity_medium_model,vat_rate,15
heavy_equipment_cleaning_activity_medium_model,corporate_tax_rate,20
heavy_equipment_cleaning_activity_medium_model,annual_depreciation_rate,10
heavy_equipment_cleaning_activity_medium_model,working_capital_days,30
heavy_equipment_cleaning_activity_medium_model,discount_rate,10
heavy_equipment_cleaning_activity_medium_model,loan_ratio,50
heavy_equipment_cleaning_activity_medium_model,interest_rate,8
heavy_equipment_cleaning_activity_medium_model,loan_term_years,5
heavy_equipment_cleaning_activity_large_model,rent_monthly,40000
heavy_equipment_cleaning_activity_large_model,salaries_monthly,120000
heavy_equipment_cleaning_activity_large_model,marketing_monthly,18000
heavy_equipment_cleaning_activity_large_model,utilities_monthly,8000
heavy_equipment_cleaning_activity_large_model,insurance_monthly,5000
heavy_equipment_cleaning_activity_large_model,revenue_growth_rate,5
heavy_equipment_cleaning_activity_large_model,cogs_ratio,35
heavy_equipment_cleaning_activity_large_model,vat_rate,15
heavy_equipment_cleaning_activity_large_model,corporate_tax_rate,20
heavy_equipment_cleaning_activity_large_model,annual_depreciation_rate,10
heavy_equipment_cleaning_activity_large_model,working_capital_days,30
heavy_equipment_cleaning_activity_large_model,discount_rate,10
heavy_equipment_cleaning_activity_large_model,loan_ratio,50
heavy_equipment_cleaning_activity_large_model,interest_rate,8
heavy_equipment_cleaning_activity_large_model,loan_term_years,5
heavy_equipment_security_activity_small_model,rent_monthly,5000
heavy_equipment_security_activity_small_model,salaries_monthly,15000
heavy_equipment_security_activity_small_model,marketing_monthly,2000
heavy_equipment_security_activity_small_model,utilities_monthly,1000
heavy_equipment_security_activity_small_model,insurance_monthly,800
heavy_equipment_security_activity_small_model,revenue_growth_rate,5
heavy_equipment_security_activity_small_model,cogs_ratio,35
heavy_equipment_security_activity_small_model,vat_rate,15
heavy_equipment_security_activity_small_model,corporate_tax_rate,20
heavy_equipment_security_activity_small_model,annual_depreciation_rate,10
heavy_equipment_security_activity_small_model,working_capital_days,30
heavy_equipment_security_activity_small_model,discount_rate,10
heavy_equipment_security_activity_small_model,loan_ratio,50
heavy_equipment_security_activity_small_model,interest_rate,8
heavy_equipment_security_activity_small_model,loan_term_years,5
heavy_equipment_security_activity_medium_model,rent_monthly,15000
heavy_equipment_security_activity_medium_model,salaries_monthly,45000
heavy_equipment_security_activity_medium_model,marketing_monthly,6000
heavy_equipment_security_activity_medium_model,utilities_monthly,3000
heavy_equipment_security_activity_medium_model,insurance_monthly,2000
heavy_equipment_security_activity_medium_model,revenue_growth_rate,5
heavy_equipment_security_activity_medium_model,cogs_ratio,35
heavy_equipment_security_activity_medium_model,vat_rate,15
heavy_equipment_security_activity_medium_model,corporate_tax_rate,20
heavy_equipment_security_activity_medium_model,annual_depreciation_rate,10
heavy_equipment_security_activity_medium_model,working_capital_days,30
heavy_equipment_security_activity_medium_model,discount_rate,10
heavy_equipment_security_activity_medium_model,loan_ratio,50
heavy_equipment_security_activity_medium_model,interest_rate,8
heavy_equipment_security_activity_medium_model,loan_term_years,5
heavy_equipment_security_activity_large_model,rent_monthly,40000
heavy_equipment_security_activity_large_model,salaries_monthly,120000
heavy_equipment_security_activity_large_model,marketing_monthly,18000
heavy_equipment_security_activity_large_model,utilities_monthly,8000
heavy_equipment_security_activity_large_model,insurance_monthly,5000
heavy_equipment_security_activity_large_model,revenue_growth_rate,5
heavy_equipment_security_activity_large_model,cogs_ratio,35
heavy_equipment_security_activity_large_model,vat_rate,15
heavy_equipment_security_activity_large_model,corporate_tax_rate,20
heavy_equipment_security_activity_large_model,annual_depreciation_rate,10
heavy_equipment_security_activity_large_model,working_capital_days,30
heavy_equipment_security_activity_large_model,discount_rate,10
heavy_equipment_security_activity_large_model,loan_ratio,50
heavy_equipment_security_activity_large_model,interest_rate,8
heavy_equipment_security_activity_large_model,loan_term_years,5
furniture_software_activity_small_model,rent_monthly,5000
furniture_software_activity_small_model,salaries_monthly,15000
furniture_software_activity_small_model,marketing_monthly,2000
furniture_software_activity_small_model,utilities_monthly,1000
furniture_software_activity_small_model,insurance_monthly,800
furniture_software_activity_small_model,revenue_growth_rate,5
furniture_software_activity_small_model,cogs_ratio,35
furniture_software_activity_small_model,vat_rate,15
furniture_software_activity_small_model,corporate_tax_rate,20
furniture_software_activity_small_model,annual_depreciation_rate,10
furniture_software_activity_small_model,working_capital_days,30
furniture_software_activity_small_model,discount_rate,10
furniture_software_activity_small_model,loan_ratio,50
furniture_software_activity_small_model,interest_rate,8
furniture_software_activity_small_model,loan_term_years,5
furniture_software_activity_medium_model,rent_monthly,15000
furniture_software_activity_medium_model,salaries_monthly,45000
furniture_software_activity_medium_model,marketing_monthly,6000
furniture_software_activity_medium_model,utilities_monthly,3000
furniture_software_activity_medium_model,insurance_monthly,2000
furniture_software_activity_medium_model,revenue_growth_rate,5
furniture_software_activity_medium_model,cogs_ratio,35
furniture_software_activity_medium_model,vat_rate,15
furniture_software_activity_medium_model,corporate_tax_rate,20
furniture_software_activity_medium_model,annual_depreciation_rate,10
furniture_software_activity_medium_model,working_capital_days,30
furniture_software_activity_medium_model,discount_rate,10
furniture_software_activity_medium_model,loan_ratio,50
furniture_software_activity_medium_model,interest_rate,8
furniture_software_activity_medium_model,loan_term_years,5
furniture_software_activity_large_model,rent_monthly,40000
furniture_software_activity_large_model,salaries_monthly,120000
furniture_software_activity_large_model,marketing_monthly,18000
furniture_software_activity_large_model,utilities_monthly,8000
furniture_software_activity_large_model,insurance_monthly,5000
furniture_software_activity_large_model,revenue_growth_rate,5
furniture_software_activity_large_model,cogs_ratio,35
furniture_software_activity_large_model,vat_rate,15
furniture_software_activity_large_model,corporate_tax_rate,20
furniture_software_activity_large_model,annual_depreciation_rate,10
furniture_software_activity_large_model,working_capital_days,30
furniture_software_activity_large_model,discount_rate,10
furniture_software_activity_large_model,loan_ratio,50
furniture_software_activity_large_model,interest_rate,8
furniture_software_activity_large_model,loan_term_years,5
furniture_hardware_activity_small_model,rent_monthly,5000
furniture_hardware_activity_small_model,salaries_monthly,15000
furniture_hardware_activity_small_model,marketing_monthly,2000
furniture_hardware_activity_small_model,utilities_monthly,1000
furniture_hardware_activity_small_model,insurance_monthly,800
furniture_hardware_activity_small_model,revenue_growth_rate,5
furniture_hardware_activity_small_model,cogs_ratio,35
furniture_hardware_activity_small_model,vat_rate,15
furniture_hardware_activity_small_model,corporate_tax_rate,20
furniture_hardware_activity_small_model,annual_depreciation_rate,10
furniture_hardware_activity_small_model,working_capital_days,30
furniture_hardware_activity_small_model,discount_rate,10
furniture_hardware_activity_small_model,loan_ratio,50
furniture_hardware_activity_small_model,interest_rate,8
furniture_hardware_activity_small_model,loan_term_years,5
furniture_hardware_activity_medium_model,rent_monthly,15000
furniture_hardware_activity_medium_model,salaries_monthly,45000
furniture_hardware_activity_medium_model,marketing_monthly,6000
furniture_hardware_activity_medium_model,utilities_monthly,3000
furniture_hardware_activity_medium_model,insurance_monthly,2000
furniture_hardware_activity_medium_model,revenue_growth_rate,5
furniture_hardware_activity_medium_model,cogs_ratio,35
furniture_hardware_activity_medium_model,vat_rate,15
furniture_hardware_activity_medium_model,corporate_tax_rate,20
furniture_hardware_activity_medium_model,annual_depreciation_rate,10
furniture_hardware_activity_medium_model,working_capital_days,30
furniture_hardware_activity_medium_model,discount_rate,10
furniture_hardware_activity_medium_model,loan_ratio,50
furniture_hardware_activity_medium_model,interest_rate,8
furniture_hardware_activity_medium_model,loan_term_years,5
furniture_hardware_activity_large_model,rent_monthly,40000
furniture_hardware_activity_large_model,salaries_monthly,120000
furniture_hardware_activity_large_model,marketing_monthly,18000
furniture_hardware_activity_large_model,utilities_monthly,8000
furniture_hardware_activity_large_model,insurance_monthly,5000
furniture_hardware_activity_large_model,revenue_growth_rate,5
furniture_hardware_activity_large_model,cogs_ratio,35
furniture_hardware_activity_large_model,vat_rate,15
furniture_hardware_activity_large_model,corporate_tax_rate,20
furniture_hardware_activity_large_model,annual_depreciation_rate,10
furniture_hardware_activity_large_model,working_capital_days,30
furniture_hardware_activity_large_model,discount_rate,10
furniture_hardware_activity_large_model,loan_ratio,50
furniture_hardware_activity_large_model,interest_rate,8
furniture_hardware_activity_large_model,loan_term_years,5
furniture_it_services_activity_small_model,rent_monthly,5000
furniture_it_services_activity_small_model,salaries_monthly,15000
furniture_it_services_activity_small_model,marketing_monthly,2000
furniture_it_services_activity_small_model,utilities_monthly,1000
furniture_it_services_activity_small_model,insurance_monthly,800
furniture_it_services_activity_small_model,revenue_growth_rate,5
furniture_it_services_activity_small_model,cogs_ratio,35
furniture_it_services_activity_small_model,vat_rate,15
furniture_it_services_activity_small_model,corporate_tax_rate,20
furniture_it_services_activity_small_model,annual_depreciation_rate,10
furniture_it_services_activity_small_model,working_capital_days,30
furniture_it_services_activity_small_model,discount_rate,10
furniture_it_services_activity_small_model,loan_ratio,50
furniture_it_services_activity_small_model,interest_rate,8
furniture_it_services_activity_small_model,loan_term_years,5
furniture_it_services_activity_medium_model,rent_monthly,15000
furniture_it_services_activity_medium_model,salaries_monthly,45000
furniture_it_services_activity_medium_model,marketing_monthly,6000
furniture_it_services_activity_medium_model,utilities_monthly,3000
furniture_it_services_activity_medium_model,insurance_monthly,2000
furniture_it_services_activity_medium_model,revenue_growth_rate,5
furniture_it_services_activity_medium_model,cogs_ratio,35
furniture_it_services_activity_medium_model,vat_rate,15
furniture_it_services_activity_medium_model,corporate_tax_rate,20
furniture_it_services_activity_medium_model,annual_depreciation_rate,10
furniture_it_services_activity_medium_model,working_capital_days,30
furniture_it_services_activity_medium_model,discount_rate,10
furniture_it_services_activity_medium_model,loan_ratio,50
furniture_it_services_activity_medium_model,interest_rate,8
furniture_it_services_activity_medium_model,loan_term_years,5
furniture_it_services_activity_large_model,rent_monthly,40000
furniture_it_services_activity_large_model,salaries_monthly,120000
furniture_it_services_activity_large_model,marketing_monthly,18000
furniture_it_services_activity_large_model,utilities_monthly,8000
furniture_it_services_activity_large_model,insurance_monthly,5000
furniture_it_services_activity_large_model,revenue_growth_rate,5
furniture_it_services_activity_large_model,cogs_ratio,35
furniture_it_services_activity_large_model,vat_rate,15
furniture_it_services_activity_large_model,corporate_tax_rate,20
furniture_it_services_activity_large_model,annual_depreciation_rate,10
furniture_it_services_activity_large_model,working_capital_days,30
furniture_it_services_activity_large_model,discount_rate,10
furniture_it_services_activity_large_model,loan_ratio,50
furniture_it_services_activity_large_model,interest_rate,8
furniture_it_services_activity_large_model,loan_term_years,5
furniture_telecom_activity_small_model,rent_monthly,5000
furniture_telecom_activity_small_model,salaries_monthly,15000
furniture_telecom_activity_small_model,marketing_monthly,2000
furniture_telecom_activity_small_model,utilities_monthly,1000
furniture_telecom_activity_small_model,insurance_monthly,800
furniture_telecom_activity_small_model,revenue_growth_rate,5
furniture_telecom_activity_small_model,cogs_ratio,35
furniture_telecom_activity_small_model,vat_rate,15
furniture_telecom_activity_small_model,corporate_tax_rate,20
furniture_telecom_activity_small_model,annual_depreciation_rate,10
furniture_telecom_activity_small_model,working_capital_days,30
furniture_telecom_activity_small_model,discount_rate,10
furniture_telecom_activity_small_model,loan_ratio,50
furniture_telecom_activity_small_model,interest_rate,8
furniture_telecom_activity_small_model,loan_term_years,5
furniture_telecom_activity_medium_model,rent_monthly,15000
furniture_telecom_activity_medium_model,salaries_monthly,45000
furniture_telecom_activity_medium_model,marketing_monthly,6000
furniture_telecom_activity_medium_model,utilities_monthly,3000
furniture_telecom_activity_medium_model,insurance_monthly,2000
furniture_telecom_activity_medium_model,revenue_growth_rate,5
furniture_telecom_activity_medium_model,cogs_ratio,35
furniture_telecom_activity_medium_model,vat_rate,15
furniture_telecom_activity_medium_model,corporate_tax_rate,20
furniture_telecom_activity_medium_model,annual_depreciation_rate,10
furniture_telecom_activity_medium_model,working_capital_days,30
furniture_telecom_activity_medium_model,discount_rate,10
furniture_telecom_activity_medium_model,loan_ratio,50
furniture_telecom_activity_medium_model,interest_rate,8
furniture_telecom_activity_medium_model,loan_term_years,5
furniture_telecom_activity_large_model,rent_monthly,40000
furniture_telecom_activity_large_model,salaries_monthly,120000
furniture_telecom_activity_large_model,marketing_monthly,18000
furniture_telecom_activity_large_model,utilities_monthly,8000
furniture_telecom_activity_large_model,insurance_monthly,5000
furniture_telecom_activity_large_model,revenue_growth_rate,5
furniture_telecom_activity_large_model,cogs_ratio,35
furniture_telecom_activity_large_model,vat_rate,15
furniture_telecom_activity_large_model,corporate_tax_rate,20
furniture_telecom_activity_large_model,annual_depreciation_rate,10
furniture_telecom_activity_large_model,working_capital_days,30
furniture_telecom_activity_large_model,discount_rate,10
furniture_telecom_activity_large_model,loan_ratio,50
furniture_telecom_activity_large_model,interest_rate,8
furniture_telecom_activity_large_model,loan_term_years,5
beauty_consulting_activity_small_model,rent_monthly,5000
beauty_consulting_activity_small_model,salaries_monthly,15000
beauty_consulting_activity_small_model,marketing_monthly,2000
beauty_consulting_activity_small_model,utilities_monthly,1000
beauty_consulting_activity_small_model,insurance_monthly,800
beauty_consulting_activity_small_model,revenue_growth_rate,5
beauty_consulting_activity_small_model,cogs_ratio,35
beauty_consulting_activity_small_model,vat_rate,15
beauty_consulting_activity_small_model,corporate_tax_rate,20
beauty_consulting_activity_small_model,annual_depreciation_rate,10
beauty_consulting_activity_small_model,working_capital_days,30
beauty_consulting_activity_small_model,discount_rate,10
beauty_consulting_activity_small_model,loan_ratio,50
beauty_consulting_activity_small_model,interest_rate,8
beauty_consulting_activity_small_model,loan_term_years,5
beauty_consulting_activity_medium_model,rent_monthly,15000
beauty_consulting_activity_medium_model,salaries_monthly,45000
beauty_consulting_activity_medium_model,marketing_monthly,6000
beauty_consulting_activity_medium_model,utilities_monthly,3000
beauty_consulting_activity_medium_model,insurance_monthly,2000
beauty_consulting_activity_medium_model,revenue_growth_rate,5
beauty_consulting_activity_medium_model,cogs_ratio,35
beauty_consulting_activity_medium_model,vat_rate,15
beauty_consulting_activity_medium_model,corporate_tax_rate,20
beauty_consulting_activity_medium_model,annual_depreciation_rate,10
beauty_consulting_activity_medium_model,working_capital_days,30
beauty_consulting_activity_medium_model,discount_rate,10
beauty_consulting_activity_medium_model,loan_ratio,50
beauty_consulting_activity_medium_model,interest_rate,8
beauty_consulting_activity_medium_model,loan_term_years,5
beauty_consulting_activity_large_model,rent_monthly,40000
beauty_consulting_activity_large_model,salaries_monthly,120000
beauty_consulting_activity_large_model,marketing_monthly,18000
beauty_consulting_activity_large_model,utilities_monthly,8000
beauty_consulting_activity_large_model,insurance_monthly,5000
beauty_consulting_activity_large_model,revenue_growth_rate,5
beauty_consulting_activity_large_model,cogs_ratio,35
beauty_consulting_activity_large_model,vat_rate,15
beauty_consulting_activity_large_model,corporate_tax_rate,20
beauty_consulting_activity_large_model,annual_depreciation_rate,10
beauty_consulting_activity_large_model,working_capital_days,30
beauty_consulting_activity_large_model,discount_rate,10
beauty_consulting_activity_large_model,loan_ratio,50
beauty_consulting_activity_large_model,interest_rate,8
beauty_consulting_activity_large_model,loan_term_years,5
beauty_maintenance_activity_small_model,rent_monthly,5000
beauty_maintenance_activity_small_model,salaries_monthly,15000
beauty_maintenance_activity_small_model,marketing_monthly,2000
beauty_maintenance_activity_small_model,utilities_monthly,1000
beauty_maintenance_activity_small_model,insurance_monthly,800
beauty_maintenance_activity_small_model,revenue_growth_rate,5
beauty_maintenance_activity_small_model,cogs_ratio,35
beauty_maintenance_activity_small_model,vat_rate,15
beauty_maintenance_activity_small_model,corporate_tax_rate,20
beauty_maintenance_activity_small_model,annual_depreciation_rate,10
beauty_maintenance_activity_small_model,working_capital_days,30
beauty_maintenance_activity_small_model,discount_rate,10
beauty_maintenance_activity_small_model,loan_ratio,50
beauty_maintenance_activity_small_model,interest_rate,8
beauty_maintenance_activity_small_model,loan_term_years,5
beauty_maintenance_activity_medium_model,rent_monthly,15000
beauty_maintenance_activity_medium_model,salaries_monthly,45000
beauty_maintenance_activity_medium_model,marketing_monthly,6000
beauty_maintenance_activity_medium_model,utilities_monthly,3000
beauty_maintenance_activity_medium_model,insurance_monthly,2000
beauty_maintenance_activity_medium_model,revenue_growth_rate,5
beauty_maintenance_activity_medium_model,cogs_ratio,35
beauty_maintenance_activity_medium_model,vat_rate,15
beauty_maintenance_activity_medium_model,corporate_tax_rate,20
beauty_maintenance_activity_medium_model,annual_depreciation_rate,10
beauty_maintenance_activity_medium_model,working_capital_days,30
beauty_maintenance_activity_medium_model,discount_rate,10
beauty_maintenance_activity_medium_model,loan_ratio,50
beauty_maintenance_activity_medium_model,interest_rate,8
beauty_maintenance_activity_medium_model,loan_term_years,5
beauty_maintenance_activity_large_model,rent_monthly,40000
beauty_maintenance_activity_large_model,salaries_monthly,120000
beauty_maintenance_activity_large_model,marketing_monthly,18000
beauty_maintenance_activity_large_model,utilities_monthly,8000
beauty_maintenance_activity_large_model,insurance_monthly,5000
beauty_maintenance_activity_large_model,revenue_growth_rate,5
beauty_maintenance_activity_large_model,cogs_ratio,35
beauty_maintenance_activity_large_model,vat_rate,15
beauty_maintenance_activity_large_model,corporate_tax_rate,20
beauty_maintenance_activity_large_model,annual_depreciation_rate,10
beauty_maintenance_activity_large_model,working_capital_days,30
beauty_maintenance_activity_large_model,discount_rate,10
beauty_maintenance_activity_large_model,loan_ratio,50
beauty_maintenance_activity_large_model,interest_rate,8
beauty_maintenance_activity_large_model,loan_term_years,5
beauty_cleaning_activity_small_model,rent_monthly,5000
beauty_cleaning_activity_small_model,salaries_monthly,15000
beauty_cleaning_activity_small_model,marketing_monthly,2000
beauty_cleaning_activity_small_model,utilities_monthly,1000
beauty_cleaning_activity_small_model,insurance_monthly,800
beauty_cleaning_activity_small_model,revenue_growth_rate,5
beauty_cleaning_activity_small_model,cogs_ratio,35
beauty_cleaning_activity_small_model,vat_rate,15
beauty_cleaning_activity_small_model,corporate_tax_rate,20
beauty_cleaning_activity_small_model,annual_depreciation_rate,10
beauty_cleaning_activity_small_model,working_capital_days,30
beauty_cleaning_activity_small_model,discount_rate,10
beauty_cleaning_activity_small_model,loan_ratio,50
beauty_cleaning_activity_small_model,interest_rate,8
beauty_cleaning_activity_small_model,loan_term_years,5
beauty_cleaning_activity_medium_model,rent_monthly,15000
beauty_cleaning_activity_medium_model,salaries_monthly,45000
beauty_cleaning_activity_medium_model,marketing_monthly,6000
beauty_cleaning_activity_medium_model,utilities_monthly,3000
beauty_cleaning_activity_medium_model,insurance_monthly,2000
beauty_cleaning_activity_medium_model,revenue_growth_rate,5
beauty_cleaning_activity_medium_model,cogs_ratio,35
beauty_cleaning_activity_medium_model,vat_rate,15
beauty_cleaning_activity_medium_model,corporate_tax_rate,20
beauty_cleaning_activity_medium_model,annual_depreciation_rate,10
beauty_cleaning_activity_medium_model,working_capital_days,30
beauty_cleaning_activity_medium_model,discount_rate,10
beauty_cleaning_activity_medium_model,loan_ratio,50
beauty_cleaning_activity_medium_model,interest_rate,8
beauty_cleaning_activity_medium_model,loan_term_years,5
beauty_cleaning_activity_large_model,rent_monthly,40000
beauty_cleaning_activity_large_model,salaries_monthly,120000
beauty_cleaning_activity_large_model,marketing_monthly,18000
beauty_cleaning_activity_large_model,utilities_monthly,8000
beauty_cleaning_activity_large_model,insurance_monthly,5000
beauty_cleaning_activity_large_model,revenue_growth_rate,5
beauty_cleaning_activity_large_model,cogs_ratio,35
beauty_cleaning_activity_large_model,vat_rate,15
beauty_cleaning_activity_large_model,corporate_tax_rate,20
beauty_cleaning_activity_large_model,annual_depreciation_rate,10
beauty_cleaning_activity_large_model,working_capital_days,30
beauty_cleaning_activity_large_model,discount_rate,10
beauty_cleaning_activity_large_model,loan_ratio,50
beauty_cleaning_activity_large_model,interest_rate,8
beauty_cleaning_activity_large_model,loan_term_years,5
beauty_security_activity_small_model,rent_monthly,5000
beauty_security_activity_small_model,salaries_monthly,15000
beauty_security_activity_small_model,marketing_monthly,2000
beauty_security_activity_small_model,utilities_monthly,1000
beauty_security_activity_small_model,insurance_monthly,800
beauty_security_activity_small_model,revenue_growth_rate,5
beauty_security_activity_small_model,cogs_ratio,35
beauty_security_activity_small_model,vat_rate,15
beauty_security_activity_small_model,corporate_tax_rate,20
beauty_security_activity_small_model,annual_depreciation_rate,10
beauty_security_activity_small_model,working_capital_days,30
beauty_security_activity_small_model,discount_rate,10
beauty_security_activity_small_model,loan_ratio,50
beauty_security_activity_small_model,interest_rate,8
beauty_security_activity_small_model,loan_term_years,5
beauty_security_activity_medium_model,rent_monthly,15000
beauty_security_activity_medium_model,salaries_monthly,45000
beauty_security_activity_medium_model,marketing_monthly,6000
beauty_security_activity_medium_model,utilities_monthly,3000
beauty_security_activity_medium_model,insurance_monthly,2000
beauty_security_activity_medium_model,revenue_growth_rate,5
beauty_security_activity_medium_model,cogs_ratio,35
beauty_security_activity_medium_model,vat_rate,15
beauty_security_activity_medium_model,corporate_tax_rate,20
beauty_security_activity_medium_model,annual_depreciation_rate,10
beauty_security_activity_medium_model,working_capital_days,30
beauty_security_activity_medium_model,discount_rate,10
beauty_security_activity_medium_model,loan_ratio,50
beauty_security_activity_medium_model,interest_rate,8
beauty_security_activity_medium_model,loan_term_years,5
beauty_security_activity_large_model,rent_monthly,40000
beauty_security_activity_large_model,salaries_monthly,120000
beauty_security_activity_large_model,marketing_monthly,18000
beauty_security_activity_large_model,utilities_monthly,8000
beauty_security_activity_large_model,insurance_monthly,5000
beauty_security_activity_large_model,revenue_growth_rate,5
beauty_security_activity_large_model,cogs_ratio,35
beauty_security_activity_large_model,vat_rate,15
beauty_security_activity_large_model,corporate_tax_rate,20
beauty_security_activity_large_model,annual_depreciation_rate,10
beauty_security_activity_large_model,working_capital_days,30
beauty_security_activity_large_model,discount_rate,10
beauty_security_activity_large_model,loan_ratio,50
beauty_security_activity_large_model,interest_rate,8
beauty_security_activity_large_model,loan_term_years,5
food_beverage_restaurants_activity_small_model,rent_monthly,5000
food_beverage_restaurants_activity_small_model,salaries_monthly,15000
food_beverage_restaurants_activity_small_model,marketing_monthly,2000
food_beverage_restaurants_activity_small_model,utilities_monthly,1000
food_beverage_restaurants_activity_small_model,insurance_monthly,800
food_beverage_restaurants_activity_small_model,revenue_growth_rate,5
food_beverage_restaurants_activity_small_model,cogs_ratio,35
food_beverage_restaurants_activity_small_model,vat_rate,15
food_beverage_restaurants_activity_small_model,corporate_tax_rate,20
food_beverage_restaurants_activity_small_model,annual_depreciation_rate,10
food_beverage_restaurants_activity_small_model,working_capital_days,30
food_beverage_restaurants_activity_small_model,discount_rate,10
food_beverage_restaurants_activity_small_model,loan_ratio,50
food_beverage_restaurants_activity_small_model,interest_rate,8
food_beverage_restaurants_activity_small_model,loan_term_years,5
food_beverage_restaurants_activity_medium_model,rent_monthly,15000
food_beverage_restaurants_activity_medium_model,salaries_monthly,45000
food_beverage_restaurants_activity_medium_model,marketing_monthly,6000
food_beverage_restaurants_activity_medium_model,utilities_monthly,3000
food_beverage_restaurants_activity_medium_model,insurance_monthly,2000
food_beverage_restaurants_activity_medium_model,revenue_growth_rate,5
food_beverage_restaurants_activity_medium_model,cogs_ratio,35
food_beverage_restaurants_activity_medium_model,vat_rate,15
food_beverage_restaurants_activity_medium_model,corporate_tax_rate,20
food_beverage_restaurants_activity_medium_model,annual_depreciation_rate,10
food_beverage_restaurants_activity_medium_model,working_capital_days,30
food_beverage_restaurants_activity_medium_model,discount_rate,10
food_beverage_restaurants_activity_medium_model,loan_ratio,50
food_beverage_restaurants_activity_medium_model,interest_rate,8
food_beverage_restaurants_activity_medium_model,loan_term_years,5
food_beverage_restaurants_activity_large_model,rent_monthly,40000
food_beverage_restaurants_activity_large_model,salaries_monthly,120000
food_beverage_restaurants_activity_large_model,marketing_monthly,18000
food_beverage_restaurants_activity_large_model,utilities_monthly,8000
food_beverage_restaurants_activity_large_model,insurance_monthly,5000
food_beverage_restaurants_activity_large_model,revenue_growth_rate,5
food_beverage_restaurants_activity_large_model,cogs_ratio,35
food_beverage_restaurants_activity_large_model,vat_rate,15
food_beverage_restaurants_activity_large_model,corporate_tax_rate,20
food_beverage_restaurants_activity_large_model,annual_depreciation_rate,10
food_beverage_restaurants_activity_large_model,working_capital_days,30
food_beverage_restaurants_activity_large_model,discount_rate,10
food_beverage_restaurants_activity_large_model,loan_ratio,50
food_beverage_restaurants_activity_large_model,interest_rate,8
food_beverage_restaurants_activity_large_model,loan_term_years,5
food_beverage_cafes_activity_small_model,rent_monthly,5000
food_beverage_cafes_activity_small_model,salaries_monthly,15000
food_beverage_cafes_activity_small_model,marketing_monthly,2000
food_beverage_cafes_activity_small_model,utilities_monthly,1000
food_beverage_cafes_activity_small_model,insurance_monthly,800
food_beverage_cafes_activity_small_model,revenue_growth_rate,5
food_beverage_cafes_activity_small_model,cogs_ratio,35
food_beverage_cafes_activity_small_model,vat_rate,15
food_beverage_cafes_activity_small_model,corporate_tax_rate,20
food_beverage_cafes_activity_small_model,annual_depreciation_rate,10
food_beverage_cafes_activity_small_model,working_capital_days,30
food_beverage_cafes_activity_small_model,discount_rate,10
food_beverage_cafes_activity_small_model,loan_ratio,50
food_beverage_cafes_activity_small_model,interest_rate,8
food_beverage_cafes_activity_small_model,loan_term_years,5
food_beverage_cafes_activity_medium_model,rent_monthly,15000
food_beverage_cafes_activity_medium_model,salaries_monthly,45000
food_beverage_cafes_activity_medium_model,marketing_monthly,6000
food_beverage_cafes_activity_medium_model,utilities_monthly,3000
food_beverage_cafes_activity_medium_model,insurance_monthly,2000
food_beverage_cafes_activity_medium_model,revenue_growth_rate,5
food_beverage_cafes_activity_medium_model,cogs_ratio,35
food_beverage_cafes_activity_medium_model,vat_rate,15
food_beverage_cafes_activity_medium_model,corporate_tax_rate,20
food_beverage_cafes_activity_medium_model,annual_depreciation_rate,10
food_beverage_cafes_activity_medium_model,working_capital_days,30
food_beverage_cafes_activity_medium_model,discount_rate,10
food_beverage_cafes_activity_medium_model,loan_ratio,50
food_beverage_cafes_activity_medium_model,interest_rate,8
food_beverage_cafes_activity_medium_model,loan_term_years,5
food_beverage_cafes_activity_large_model,rent_monthly,40000
food_beverage_cafes_activity_large_model,salaries_monthly,120000
food_beverage_cafes_activity_large_model,marketing_monthly,18000
food_beverage_cafes_activity_large_model,utilities_monthly,8000
food_beverage_cafes_activity_large_model,insurance_monthly,5000
food_beverage_cafes_activity_large_model,revenue_growth_rate,5
food_beverage_cafes_activity_large_model,cogs_ratio,35
food_beverage_cafes_activity_large_model,vat_rate,15
food_beverage_cafes_activity_large_model,corporate_tax_rate,20
food_beverage_cafes_activity_large_model,annual_depreciation_rate,10
food_beverage_cafes_activity_large_model,working_capital_days,30
food_beverage_cafes_activity_large_model,discount_rate,10
food_beverage_cafes_activity_large_model,loan_ratio,50
food_beverage_cafes_activity_large_model,interest_rate,8
food_beverage_cafes_activity_large_model,loan_term_years,5
food_beverage_catering_activity_small_model,rent_monthly,5000
food_beverage_catering_activity_small_model,salaries_monthly,15000
food_beverage_catering_activity_small_model,marketing_monthly,2000
food_beverage_catering_activity_small_model,utilities_monthly,1000
food_beverage_catering_activity_small_model,insurance_monthly,800
food_beverage_catering_activity_small_model,revenue_growth_rate,5
food_beverage_catering_activity_small_model,cogs_ratio,35
food_beverage_catering_activity_small_model,vat_rate,15
food_beverage_catering_activity_small_model,corporate_tax_rate,20
food_beverage_catering_activity_small_model,annual_depreciation_rate,10
food_beverage_catering_activity_small_model,working_capital_days,30
food_beverage_catering_activity_small_model,discount_rate,10
food_beverage_catering_activity_small_model,loan_ratio,50
food_beverage_catering_activity_small_model,interest_rate,8
food_beverage_catering_activity_small_model,loan_term_years,5
food_beverage_catering_activity_medium_model,rent_monthly,15000
food_beverage_catering_activity_medium_model,salaries_monthly,45000
food_beverage_catering_activity_medium_model,marketing_monthly,6000
food_beverage_catering_activity_medium_model,utilities_monthly,3000
food_beverage_catering_activity_medium_model,insurance_monthly,2000
food_beverage_catering_activity_medium_model,revenue_growth_rate,5
food_beverage_catering_activity_medium_model,cogs_ratio,35
food_beverage_catering_activity_medium_model,vat_rate,15
food_beverage_catering_activity_medium_model,corporate_tax_rate,20
food_beverage_catering_activity_medium_model,annual_depreciation_rate,10
food_beverage_catering_activity_medium_model,working_capital_days,30
food_beverage_catering_activity_medium_model,discount_rate,10
food_beverage_catering_activity_medium_model,loan_ratio,50
food_beverage_catering_activity_medium_model,interest_rate,8
food_beverage_catering_activity_medium_model,loan_term_years,5
food_beverage_catering_activity_large_model,rent_monthly,40000
food_beverage_catering_activity_large_model,salaries_monthly,120000
food_beverage_catering_activity_large_model,marketing_monthly,18000
food_beverage_catering_activity_large_model,utilities_monthly,8000
food_beverage_catering_activity_large_model,insurance_monthly,5000
food_beverage_catering_activity_large_model,revenue_growth_rate,5
food_beverage_catering_activity_large_model,cogs_ratio,35
food_beverage_catering_activity_large_model,vat_rate,15
food_beverage_catering_activity_large_model,corporate_tax_rate,20
food_beverage_catering_activity_large_model,annual_depreciation_rate,10
food_beverage_catering_activity_large_model,working_capital_days,30
food_beverage_catering_activity_large_model,discount_rate,10
food_beverage_catering_activity_large_model,loan_ratio,50
food_beverage_catering_activity_large_model,interest_rate,8
food_beverage_catering_activity_large_model,loan_term_years,5
food_beverage_fast_food_activity_small_model,rent_monthly,5000
food_beverage_fast_food_activity_small_model,salaries_monthly,15000
food_beverage_fast_food_activity_small_model,marketing_monthly,2000
food_beverage_fast_food_activity_small_model,utilities_monthly,1000
food_beverage_fast_food_activity_small_model,insurance_monthly,800
food_beverage_fast_food_activity_small_model,revenue_growth_rate,5
food_beverage_fast_food_activity_small_model,cogs_ratio,35
food_beverage_fast_food_activity_small_model,vat_rate,15
food_beverage_fast_food_activity_small_model,corporate_tax_rate,20
food_beverage_fast_food_activity_small_model,annual_depreciation_rate,10
food_beverage_fast_food_activity_small_model,working_capital_days,30
food_beverage_fast_food_activity_small_model,discount_rate,10
food_beverage_fast_food_activity_small_model,loan_ratio,50
food_beverage_fast_food_activity_small_model,interest_rate,8
food_beverage_fast_food_activity_small_model,loan_term_years,5
food_beverage_fast_food_activity_medium_model,rent_monthly,15000
food_beverage_fast_food_activity_medium_model,salaries_monthly,45000
food_beverage_fast_food_activity_medium_model,marketing_monthly,6000
food_beverage_fast_food_activity_medium_model,utilities_monthly,3000
food_beverage_fast_food_activity_medium_model,insurance_monthly,2000
food_beverage_fast_food_activity_medium_model,revenue_growth_rate,5
food_beverage_fast_food_activity_medium_model,cogs_ratio,35
food_beverage_fast_food_activity_medium_model,vat_rate,15
food_beverage_fast_food_activity_medium_model,corporate_tax_rate,20
food_beverage_fast_food_activity_medium_model,annual_depreciation_rate,10
food_beverage_fast_food_activity_medium_model,working_capital_days,30
food_beverage_fast_food_activity_medium_model,discount_rate,10
food_beverage_fast_food_activity_medium_model,loan_ratio,50
food_beverage_fast_food_activity_medium_model,interest_rate,8
food_beverage_fast_food_activity_medium_model,loan_term_years,5
food_beverage_fast_food_activity_large_model,rent_monthly,40000
food_beverage_fast_food_activity_large_model,salaries_monthly,120000
food_beverage_fast_food_activity_large_model,marketing_monthly,18000
food_beverage_fast_food_activity_large_model,utilities_monthly,8000
food_beverage_fast_food_activity_large_model,insurance_monthly,5000
food_beverage_fast_food_activity_large_model,revenue_growth_rate,5
food_beverage_fast_food_activity_large_model,cogs_ratio,35
food_beverage_fast_food_activity_large_model,vat_rate,15
food_beverage_fast_food_activity_large_model,corporate_tax_rate,20
food_beverage_fast_food_activity_large_model,annual_depreciation_rate,10
food_beverage_fast_food_activity_large_model,working_capital_days,30
food_beverage_fast_food_activity_large_model,discount_rate,10
food_beverage_fast_food_activity_large_model,loan_ratio,50
food_beverage_fast_food_activity_large_model,interest_rate,8
food_beverage_fast_food_activity_large_model,loan_term_years,5
security_safety_software_activity_small_model,rent_monthly,5000
security_safety_software_activity_small_model,salaries_monthly,15000
security_safety_software_activity_small_model,marketing_monthly,2000
security_safety_software_activity_small_model,utilities_monthly,1000
security_safety_software_activity_small_model,insurance_monthly,800
security_safety_software_activity_small_model,revenue_growth_rate,5
security_safety_software_activity_small_model,cogs_ratio,35
security_safety_software_activity_small_model,vat_rate,15
security_safety_software_activity_small_model,corporate_tax_rate,20
security_safety_software_activity_small_model,annual_depreciation_rate,10
security_safety_software_activity_small_model,working_capital_days,30
security_safety_software_activity_small_model,discount_rate,10
security_safety_software_activity_small_model,loan_ratio,50
security_safety_software_activity_small_model,interest_rate,8
security_safety_software_activity_small_model,loan_term_years,5
security_safety_software_activity_medium_model,rent_monthly,15000
security_safety_software_activity_medium_model,salaries_monthly,45000
security_safety_software_activity_medium_model,marketing_monthly,6000
security_safety_software_activity_medium_model,utilities_monthly,3000
security_safety_software_activity_medium_model,insurance_monthly,2000
security_safety_software_activity_medium_model,revenue_growth_rate,5
security_safety_software_activity_medium_model,cogs_ratio,35
security_safety_software_activity_medium_model,vat_rate,15
security_safety_software_activity_medium_model,corporate_tax_rate,20
security_safety_software_activity_medium_model,annual_depreciation_rate,10
security_safety_software_activity_medium_model,working_capital_days,30
security_safety_software_activity_medium_model,discount_rate,10
security_safety_software_activity_medium_model,loan_ratio,50
security_safety_software_activity_medium_model,interest_rate,8
security_safety_software_activity_medium_model,loan_term_years,5
security_safety_software_activity_large_model,rent_monthly,40000
security_safety_software_activity_large_model,salaries_monthly,120000
security_safety_software_activity_large_model,marketing_monthly,18000
security_safety_software_activity_large_model,utilities_monthly,8000
security_safety_software_activity_large_model,insurance_monthly,5000
security_safety_software_activity_large_model,revenue_growth_rate,5
security_safety_software_activity_large_model,cogs_ratio,35
security_safety_software_activity_large_model,vat_rate,15
security_safety_software_activity_large_model,corporate_tax_rate,20
security_safety_software_activity_large_model,annual_depreciation_rate,10
security_safety_software_activity_large_model,working_capital_days,30
security_safety_software_activity_large_model,discount_rate,10
security_safety_software_activity_large_model,loan_ratio,50
security_safety_software_activity_large_model,interest_rate,8
security_safety_software_activity_large_model,loan_term_years,5
security_safety_hardware_activity_small_model,rent_monthly,5000
security_safety_hardware_activity_small_model,salaries_monthly,15000
security_safety_hardware_activity_small_model,marketing_monthly,2000
security_safety_hardware_activity_small_model,utilities_monthly,1000
security_safety_hardware_activity_small_model,insurance_monthly,800
security_safety_hardware_activity_small_model,revenue_growth_rate,5
security_safety_hardware_activity_small_model,cogs_ratio,35
security_safety_hardware_activity_small_model,vat_rate,15
security_safety_hardware_activity_small_model,corporate_tax_rate,20
security_safety_hardware_activity_small_model,annual_depreciation_rate,10
security_safety_hardware_activity_small_model,working_capital_days,30
security_safety_hardware_activity_small_model,discount_rate,10
security_safety_hardware_activity_small_model,loan_ratio,50
security_safety_hardware_activity_small_model,interest_rate,8
security_safety_hardware_activity_small_model,loan_term_years,5
security_safety_hardware_activity_medium_model,rent_monthly,15000
security_safety_hardware_activity_medium_model,salaries_monthly,45000
security_safety_hardware_activity_medium_model,marketing_monthly,6000
security_safety_hardware_activity_medium_model,utilities_monthly,3000
security_safety_hardware_activity_medium_model,insurance_monthly,2000
security_safety_hardware_activity_medium_model,revenue_growth_rate,5
security_safety_hardware_activity_medium_model,cogs_ratio,35
security_safety_hardware_activity_medium_model,vat_rate,15
security_safety_hardware_activity_medium_model,corporate_tax_rate,20
security_safety_hardware_activity_medium_model,annual_depreciation_rate,10
security_safety_hardware_activity_medium_model,working_capital_days,30
security_safety_hardware_activity_medium_model,discount_rate,10
security_safety_hardware_activity_medium_model,loan_ratio,50
security_safety_hardware_activity_medium_model,interest_rate,8
security_safety_hardware_activity_medium_model,loan_term_years,5
security_safety_hardware_activity_large_model,rent_monthly,40000
security_safety_hardware_activity_large_model,salaries_monthly,120000
security_safety_hardware_activity_large_model,marketing_monthly,18000
security_safety_hardware_activity_large_model,utilities_monthly,8000
security_safety_hardware_activity_large_model,insurance_monthly,5000
security_safety_hardware_activity_large_model,revenue_growth_rate,5
security_safety_hardware_activity_large_model,cogs_ratio,35
security_safety_hardware_activity_large_model,vat_rate,15
security_safety_hardware_activity_large_model,corporate_tax_rate,20
security_safety_hardware_activity_large_model,annual_depreciation_rate,10
security_safety_hardware_activity_large_model,working_capital_days,30
security_safety_hardware_activity_large_model,discount_rate,10
security_safety_hardware_activity_large_model,loan_ratio,50
security_safety_hardware_activity_large_model,interest_rate,8
security_safety_hardware_activity_large_model,loan_term_years,5
security_safety_it_services_activity_small_model,rent_monthly,5000
security_safety_it_services_activity_small_model,salaries_monthly,15000
security_safety_it_services_activity_small_model,marketing_monthly,2000
security_safety_it_services_activity_small_model,utilities_monthly,1000
security_safety_it_services_activity_small_model,insurance_monthly,800
security_safety_it_services_activity_small_model,revenue_growth_rate,5
security_safety_it_services_activity_small_model,cogs_ratio,35
security_safety_it_services_activity_small_model,vat_rate,15
security_safety_it_services_activity_small_model,corporate_tax_rate,20
security_safety_it_services_activity_small_model,annual_depreciation_rate,10
security_safety_it_services_activity_small_model,working_capital_days,30
security_safety_it_services_activity_small_model,discount_rate,10
security_safety_it_services_activity_small_model,loan_ratio,50
security_safety_it_services_activity_small_model,interest_rate,8
security_safety_it_services_activity_small_model,loan_term_years,5
security_safety_it_services_activity_medium_model,rent_monthly,15000
security_safety_it_services_activity_medium_model,salaries_monthly,45000
security_safety_it_services_activity_medium_model,marketing_monthly,6000
security_safety_it_services_activity_medium_model,utilities_monthly,3000
security_safety_it_services_activity_medium_model,insurance_monthly,2000
security_safety_it_services_activity_medium_model,revenue_growth_rate,5
security_safety_it_services_activity_medium_model,cogs_ratio,35
security_safety_it_services_activity_medium_model,vat_rate,15
security_safety_it_services_activity_medium_model,corporate_tax_rate,20
security_safety_it_services_activity_medium_model,annual_depreciation_rate,10
security_safety_it_services_activity_medium_model,working_capital_days,30
security_safety_it_services_activity_medium_model,discount_rate,10
security_safety_it_services_activity_medium_model,loan_ratio,50
security_safety_it_services_activity_medium_model,interest_rate,8
security_safety_it_services_activity_medium_model,loan_term_years,5
security_safety_it_services_activity_large_model,rent_monthly,40000
security_safety_it_services_activity_large_model,salaries_monthly,120000
security_safety_it_services_activity_large_model,marketing_monthly,18000
security_safety_it_services_activity_large_model,utilities_monthly,8000
security_safety_it_services_activity_large_model,insurance_monthly,5000
security_safety_it_services_activity_large_model,revenue_growth_rate,5
security_safety_it_services_activity_large_model,cogs_ratio,35
security_safety_it_services_activity_large_model,vat_rate,15
security_safety_it_services_activity_large_model,corporate_tax_rate,20
security_safety_it_services_activity_large_model,annual_depreciation_rate,10
security_safety_it_services_activity_large_model,working_capital_days,30
security_safety_it_services_activity_large_model,discount_rate,10
security_safety_it_services_activity_large_model,loan_ratio,50
security_safety_it_services_activity_large_model,interest_rate,8
security_safety_it_services_activity_large_model,loan_term_years,5
security_safety_telecom_activity_small_model,rent_monthly,5000
security_safety_telecom_activity_small_model,salaries_monthly,15000
security_safety_telecom_activity_small_model,marketing_monthly,2000
security_safety_telecom_activity_small_model,utilities_monthly,1000
security_safety_telecom_activity_small_model,insurance_monthly,800
security_safety_telecom_activity_small_model,revenue_growth_rate,5
security_safety_telecom_activity_small_model,cogs_ratio,35
security_safety_telecom_activity_small_model,vat_rate,15
security_safety_telecom_activity_small_model,corporate_tax_rate,20
security_safety_telecom_activity_small_model,annual_depreciation_rate,10
security_safety_telecom_activity_small_model,working_capital_days,30
security_safety_telecom_activity_small_model,discount_rate,10
security_safety_telecom_activity_small_model,loan_ratio,50
security_safety_telecom_activity_small_model,interest_rate,8
security_safety_telecom_activity_small_model,loan_term_years,5
security_safety_telecom_activity_medium_model,rent_monthly,15000
security_safety_telecom_activity_medium_model,salaries_monthly,45000
security_safety_telecom_activity_medium_model,marketing_monthly,6000
security_safety_telecom_activity_medium_model,utilities_monthly,3000
security_safety_telecom_activity_medium_model,insurance_monthly,2000
security_safety_telecom_activity_medium_model,revenue_growth_rate,5
security_safety_telecom_activity_medium_model,cogs_ratio,35
security_safety_telecom_activity_medium_model,vat_rate,15
security_safety_telecom_activity_medium_model,corporate_tax_rate,20
security_safety_telecom_activity_medium_model,annual_depreciation_rate,10
security_safety_telecom_activity_medium_model,working_capital_days,30
security_safety_telecom_activity_medium_model,discount_rate,10
security_safety_telecom_activity_medium_model,loan_ratio,50
security_safety_telecom_activity_medium_model,interest_rate,8
security_safety_telecom_activity_medium_model,loan_term_years,5
security_safety_telecom_activity_large_model,rent_monthly,40000
security_safety_telecom_activity_large_model,salaries_monthly,120000
security_safety_telecom_activity_large_model,marketing_monthly,18000
security_safety_telecom_activity_large_model,utilities_monthly,8000
security_safety_telecom_activity_large_model,insurance_monthly,5000
security_safety_telecom_activity_large_model,revenue_growth_rate,5
security_safety_telecom_activity_large_model,cogs_ratio,35
security_safety_telecom_activity_large_model,vat_rate,15
security_safety_telecom_activity_large_model,corporate_tax_rate,20
security_safety_telecom_activity_large_model,annual_depreciation_rate,10
security_safety_telecom_activity_large_model,working_capital_days,30
security_safety_telecom_activity_large_model,discount_rate,10
security_safety_telecom_activity_large_model,loan_ratio,50
security_safety_telecom_activity_large_model,interest_rate,8
security_safety_telecom_activity_large_model,loan_term_years,5
laboratories_consulting_activity_small_model,rent_monthly,5000
laboratories_consulting_activity_small_model,salaries_monthly,15000
laboratories_consulting_activity_small_model,marketing_monthly,2000
laboratories_consulting_activity_small_model,utilities_monthly,1000
laboratories_consulting_activity_small_model,insurance_monthly,800
laboratories_consulting_activity_small_model,revenue_growth_rate,5
laboratories_consulting_activity_small_model,cogs_ratio,35
laboratories_consulting_activity_small_model,vat_rate,15
laboratories_consulting_activity_small_model,corporate_tax_rate,20
laboratories_consulting_activity_small_model,annual_depreciation_rate,10
laboratories_consulting_activity_small_model,working_capital_days,30
laboratories_consulting_activity_small_model,discount_rate,10
laboratories_consulting_activity_small_model,loan_ratio,50
laboratories_consulting_activity_small_model,interest_rate,8
laboratories_consulting_activity_small_model,loan_term_years,5
laboratories_consulting_activity_medium_model,rent_monthly,15000
laboratories_consulting_activity_medium_model,salaries_monthly,45000
laboratories_consulting_activity_medium_model,marketing_monthly,6000
laboratories_consulting_activity_medium_model,utilities_monthly,3000
laboratories_consulting_activity_medium_model,insurance_monthly,2000
laboratories_consulting_activity_medium_model,revenue_growth_rate,5
laboratories_consulting_activity_medium_model,cogs_ratio,35
laboratories_consulting_activity_medium_model,vat_rate,15
laboratories_consulting_activity_medium_model,corporate_tax_rate,20
laboratories_consulting_activity_medium_model,annual_depreciation_rate,10
laboratories_consulting_activity_medium_model,working_capital_days,30
laboratories_consulting_activity_medium_model,discount_rate,10
laboratories_consulting_activity_medium_model,loan_ratio,50
laboratories_consulting_activity_medium_model,interest_rate,8
laboratories_consulting_activity_medium_model,loan_term_years,5
laboratories_consulting_activity_large_model,rent_monthly,40000
laboratories_consulting_activity_large_model,salaries_monthly,120000
laboratories_consulting_activity_large_model,marketing_monthly,18000
laboratories_consulting_activity_large_model,utilities_monthly,8000
laboratories_consulting_activity_large_model,insurance_monthly,5000
laboratories_consulting_activity_large_model,revenue_growth_rate,5
laboratories_consulting_activity_large_model,cogs_ratio,35
laboratories_consulting_activity_large_model,vat_rate,15
laboratories_consulting_activity_large_model,corporate_tax_rate,20
laboratories_consulting_activity_large_model,annual_depreciation_rate,10
laboratories_consulting_activity_large_model,working_capital_days,30
laboratories_consulting_activity_large_model,discount_rate,10
laboratories_consulting_activity_large_model,loan_ratio,50
laboratories_consulting_activity_large_model,interest_rate,8
laboratories_consulting_activity_large_model,loan_term_years,5
laboratories_maintenance_activity_small_model,rent_monthly,5000
laboratories_maintenance_activity_small_model,salaries_monthly,15000
laboratories_maintenance_activity_small_model,marketing_monthly,2000
laboratories_maintenance_activity_small_model,utilities_monthly,1000
laboratories_maintenance_activity_small_model,insurance_monthly,800
laboratories_maintenance_activity_small_model,revenue_growth_rate,5
laboratories_maintenance_activity_small_model,cogs_ratio,35
laboratories_maintenance_activity_small_model,vat_rate,15
laboratories_maintenance_activity_small_model,corporate_tax_rate,20
laboratories_maintenance_activity_small_model,annual_depreciation_rate,10
laboratories_maintenance_activity_small_model,working_capital_days,30
laboratories_maintenance_activity_small_model,discount_rate,10
laboratories_maintenance_activity_small_model,loan_ratio,50
laboratories_maintenance_activity_small_model,interest_rate,8
laboratories_maintenance_activity_small_model,loan_term_years,5
laboratories_maintenance_activity_medium_model,rent_monthly,15000
laboratories_maintenance_activity_medium_model,salaries_monthly,45000
laboratories_maintenance_activity_medium_model,marketing_monthly,6000
laboratories_maintenance_activity_medium_model,utilities_monthly,3000
laboratories_maintenance_activity_medium_model,insurance_monthly,2000
laboratories_maintenance_activity_medium_model,revenue_growth_rate,5
laboratories_maintenance_activity_medium_model,cogs_ratio,35
laboratories_maintenance_activity_medium_model,vat_rate,15
laboratories_maintenance_activity_medium_model,corporate_tax_rate,20
laboratories_maintenance_activity_medium_model,annual_depreciation_rate,10
laboratories_maintenance_activity_medium_model,working_capital_days,30
laboratories_maintenance_activity_medium_model,discount_rate,10
laboratories_maintenance_activity_medium_model,loan_ratio,50
laboratories_maintenance_activity_medium_model,interest_rate,8
laboratories_maintenance_activity_medium_model,loan_term_years,5
laboratories_maintenance_activity_large_model,rent_monthly,40000
laboratories_maintenance_activity_large_model,salaries_monthly,120000
laboratories_maintenance_activity_large_model,marketing_monthly,18000
laboratories_maintenance_activity_large_model,utilities_monthly,8000
laboratories_maintenance_activity_large_model,insurance_monthly,5000
laboratories_maintenance_activity_large_model,revenue_growth_rate,5
laboratories_maintenance_activity_large_model,cogs_ratio,35
laboratories_maintenance_activity_large_model,vat_rate,15
laboratories_maintenance_activity_large_model,corporate_tax_rate,20
laboratories_maintenance_activity_large_model,annual_depreciation_rate,10
laboratories_maintenance_activity_large_model,working_capital_days,30
laboratories_maintenance_activity_large_model,discount_rate,10
laboratories_maintenance_activity_large_model,loan_ratio,50
laboratories_maintenance_activity_large_model,interest_rate,8
laboratories_maintenance_activity_large_model,loan_term_years,5
laboratories_cleaning_activity_small_model,rent_monthly,5000
laboratories_cleaning_activity_small_model,salaries_monthly,15000
laboratories_cleaning_activity_small_model,marketing_monthly,2000
laboratories_cleaning_activity_small_model,utilities_monthly,1000
laboratories_cleaning_activity_small_model,insurance_monthly,800
laboratories_cleaning_activity_small_model,revenue_growth_rate,5
laboratories_cleaning_activity_small_model,cogs_ratio,35
laboratories_cleaning_activity_small_model,vat_rate,15
laboratories_cleaning_activity_small_model,corporate_tax_rate,20
laboratories_cleaning_activity_small_model,annual_depreciation_rate,10
laboratories_cleaning_activity_small_model,working_capital_days,30
laboratories_cleaning_activity_small_model,discount_rate,10
laboratories_cleaning_activity_small_model,loan_ratio,50
laboratories_cleaning_activity_small_model,interest_rate,8
laboratories_cleaning_activity_small_model,loan_term_years,5
laboratories_cleaning_activity_medium_model,rent_monthly,15000
laboratories_cleaning_activity_medium_model,salaries_monthly,45000
laboratories_cleaning_activity_medium_model,marketing_monthly,6000
laboratories_cleaning_activity_medium_model,utilities_monthly,3000
laboratories_cleaning_activity_medium_model,insurance_monthly,2000
laboratories_cleaning_activity_medium_model,revenue_growth_rate,5
laboratories_cleaning_activity_medium_model,cogs_ratio,35
laboratories_cleaning_activity_medium_model,vat_rate,15
laboratories_cleaning_activity_medium_model,corporate_tax_rate,20
laboratories_cleaning_activity_medium_model,annual_depreciation_rate,10
laboratories_cleaning_activity_medium_model,working_capital_days,30
laboratories_cleaning_activity_medium_model,discount_rate,10
laboratories_cleaning_activity_medium_model,loan_ratio,50
laboratories_cleaning_activity_medium_model,interest_rate,8
laboratories_cleaning_activity_medium_model,loan_term_years,5
laboratories_cleaning_activity_large_model,rent_monthly,40000
laboratories_cleaning_activity_large_model,salaries_monthly,120000
laboratories_cleaning_activity_large_model,marketing_monthly,18000
laboratories_cleaning_activity_large_model,utilities_monthly,8000
laboratories_cleaning_activity_large_model,insurance_monthly,5000
laboratories_cleaning_activity_large_model,revenue_growth_rate,5
laboratories_cleaning_activity_large_model,cogs_ratio,35
laboratories_cleaning_activity_large_model,vat_rate,15
laboratories_cleaning_activity_large_model,corporate_tax_rate,20
laboratories_cleaning_activity_large_model,annual_depreciation_rate,10
laboratories_cleaning_activity_large_model,working_capital_days,30
laboratories_cleaning_activity_large_model,discount_rate,10
laboratories_cleaning_activity_large_model,loan_ratio,50
laboratories_cleaning_activity_large_model,interest_rate,8
laboratories_cleaning_activity_large_model,loan_term_years,5
laboratories_security_activity_small_model,rent_monthly,5000
laboratories_security_activity_small_model,salaries_monthly,15000
laboratories_security_activity_small_model,marketing_monthly,2000
laboratories_security_activity_small_model,utilities_monthly,1000
laboratories_security_activity_small_model,insurance_monthly,800
laboratories_security_activity_small_model,revenue_growth_rate,5
laboratories_security_activity_small_model,cogs_ratio,35
laboratories_security_activity_small_model,vat_rate,15
laboratories_security_activity_small_model,corporate_tax_rate,20
laboratories_security_activity_small_model,annual_depreciation_rate,10
laboratories_security_activity_small_model,working_capital_days,30
laboratories_security_activity_small_model,discount_rate,10
laboratories_security_activity_small_model,loan_ratio,50
laboratories_security_activity_small_model,interest_rate,8
laboratories_security_activity_small_model,loan_term_years,5
laboratories_security_activity_medium_model,rent_monthly,15000
laboratories_security_activity_medium_model,salaries_monthly,45000
laboratories_security_activity_medium_model,marketing_monthly,6000
laboratories_security_activity_medium_model,utilities_monthly,3000
laboratories_security_activity_medium_model,insurance_monthly,2000
laboratories_security_activity_medium_model,revenue_growth_rate,5
laboratories_security_activity_medium_model,cogs_ratio,35
laboratories_security_activity_medium_model,vat_rate,15
laboratories_security_activity_medium_model,corporate_tax_rate,20
laboratories_security_activity_medium_model,annual_depreciation_rate,10
laboratories_security_activity_medium_model,working_capital_days,30
laboratories_security_activity_medium_model,discount_rate,10
laboratories_security_activity_medium_model,loan_ratio,50
laboratories_security_activity_medium_model,interest_rate,8
laboratories_security_activity_medium_model,loan_term_years,5
laboratories_security_activity_large_model,rent_monthly,40000
laboratories_security_activity_large_model,salaries_monthly,120000
laboratories_security_activity_large_model,marketing_monthly,18000
laboratories_security_activity_large_model,utilities_monthly,8000
laboratories_security_activity_large_model,insurance_monthly,5000
laboratories_security_activity_large_model,revenue_growth_rate,5
laboratories_security_activity_large_model,cogs_ratio,35
laboratories_security_activity_large_model,vat_rate,15
laboratories_security_activity_large_model,corporate_tax_rate,20
laboratories_security_activity_large_model,annual_depreciation_rate,10
laboratories_security_activity_large_model,working_capital_days,30
laboratories_security_activity_large_model,discount_rate,10
laboratories_security_activity_large_model,loan_ratio,50
laboratories_security_activity_large_model,interest_rate,8
laboratories_security_activity_large_model,loan_term_years,5
research_development_residential_activity_small_model,rent_monthly,5000
research_development_residential_activity_small_model,salaries_monthly,15000
research_development_residential_activity_small_model,marketing_monthly,2000
research_development_residential_activity_small_model,utilities_monthly,1000
research_development_residential_activity_small_model,insurance_monthly,800
research_development_residential_activity_small_model,revenue_growth_rate,5
research_development_residential_activity_small_model,cogs_ratio,35
research_development_residential_activity_small_model,vat_rate,15
research_development_residential_activity_small_model,corporate_tax_rate,20
research_development_residential_activity_small_model,annual_depreciation_rate,10
research_development_residential_activity_small_model,working_capital_days,30
research_development_residential_activity_small_model,discount_rate,10
research_development_residential_activity_small_model,loan_ratio,50
research_development_residential_activity_small_model,interest_rate,8
research_development_residential_activity_small_model,loan_term_years,5
research_development_residential_activity_medium_model,rent_monthly,15000
research_development_residential_activity_medium_model,salaries_monthly,45000
research_development_residential_activity_medium_model,marketing_monthly,6000
research_development_residential_activity_medium_model,utilities_monthly,3000
research_development_residential_activity_medium_model,insurance_monthly,2000
research_development_residential_activity_medium_model,revenue_growth_rate,5
research_development_residential_activity_medium_model,cogs_ratio,35
research_development_residential_activity_medium_model,vat_rate,15
research_development_residential_activity_medium_model,corporate_tax_rate,20
research_development_residential_activity_medium_model,annual_depreciation_rate,10
research_development_residential_activity_medium_model,working_capital_days,30
research_development_residential_activity_medium_model,discount_rate,10
research_development_residential_activity_medium_model,loan_ratio,50
research_development_residential_activity_medium_model,interest_rate,8
research_development_residential_activity_medium_model,loan_term_years,5
research_development_residential_activity_large_model,rent_monthly,40000
research_development_residential_activity_large_model,salaries_monthly,120000
research_development_residential_activity_large_model,marketing_monthly,18000
research_development_residential_activity_large_model,utilities_monthly,8000
research_development_residential_activity_large_model,insurance_monthly,5000
research_development_residential_activity_large_model,revenue_growth_rate,5
research_development_residential_activity_large_model,cogs_ratio,35
research_development_residential_activity_large_model,vat_rate,15
research_development_residential_activity_large_model,corporate_tax_rate,20
research_development_residential_activity_large_model,annual_depreciation_rate,10
research_development_residential_activity_large_model,working_capital_days,30
research_development_residential_activity_large_model,discount_rate,10
research_development_residential_activity_large_model,loan_ratio,50
research_development_residential_activity_large_model,interest_rate,8
research_development_residential_activity_large_model,loan_term_years,5
research_development_commercial_activity_small_model,rent_monthly,5000
research_development_commercial_activity_small_model,salaries_monthly,15000
research_development_commercial_activity_small_model,marketing_monthly,2000
research_development_commercial_activity_small_model,utilities_monthly,1000
research_development_commercial_activity_small_model,insurance_monthly,800
research_development_commercial_activity_small_model,revenue_growth_rate,5
research_development_commercial_activity_small_model,cogs_ratio,35
research_development_commercial_activity_small_model,vat_rate,15
research_development_commercial_activity_small_model,corporate_tax_rate,20
research_development_commercial_activity_small_model,annual_depreciation_rate,10
research_development_commercial_activity_small_model,working_capital_days,30
research_development_commercial_activity_small_model,discount_rate,10
research_development_commercial_activity_small_model,loan_ratio,50
research_development_commercial_activity_small_model,interest_rate,8
research_development_commercial_activity_small_model,loan_term_years,5
research_development_commercial_activity_medium_model,rent_monthly,15000
research_development_commercial_activity_medium_model,salaries_monthly,45000
research_development_commercial_activity_medium_model,marketing_monthly,6000
research_development_commercial_activity_medium_model,utilities_monthly,3000
research_development_commercial_activity_medium_model,insurance_monthly,2000
research_development_commercial_activity_medium_model,revenue_growth_rate,5
research_development_commercial_activity_medium_model,cogs_ratio,35
research_development_commercial_activity_medium_model,vat_rate,15
research_development_commercial_activity_medium_model,corporate_tax_rate,20
research_development_commercial_activity_medium_model,annual_depreciation_rate,10
research_development_commercial_activity_medium_model,working_capital_days,30
research_development_commercial_activity_medium_model,discount_rate,10
research_development_commercial_activity_medium_model,loan_ratio,50
research_development_commercial_activity_medium_model,interest_rate,8
research_development_commercial_activity_medium_model,loan_term_years,5
research_development_commercial_activity_large_model,rent_monthly,40000
research_development_commercial_activity_large_model,salaries_monthly,120000
research_development_commercial_activity_large_model,marketing_monthly,18000
research_development_commercial_activity_large_model,utilities_monthly,8000
research_development_commercial_activity_large_model,insurance_monthly,5000
research_development_commercial_activity_large_model,revenue_growth_rate,5
research_development_commercial_activity_large_model,cogs_ratio,35
research_development_commercial_activity_large_model,vat_rate,15
research_development_commercial_activity_large_model,corporate_tax_rate,20
research_development_commercial_activity_large_model,annual_depreciation_rate,10
research_development_commercial_activity_large_model,working_capital_days,30
research_development_commercial_activity_large_model,discount_rate,10
research_development_commercial_activity_large_model,loan_ratio,50
research_development_commercial_activity_large_model,interest_rate,8
research_development_commercial_activity_large_model,loan_term_years,5
research_development_industrial_activity_small_model,rent_monthly,5000
research_development_industrial_activity_small_model,salaries_monthly,15000
research_development_industrial_activity_small_model,marketing_monthly,2000
research_development_industrial_activity_small_model,utilities_monthly,1000
research_development_industrial_activity_small_model,insurance_monthly,800
research_development_industrial_activity_small_model,revenue_growth_rate,5
research_development_industrial_activity_small_model,cogs_ratio,35
research_development_industrial_activity_small_model,vat_rate,15
research_development_industrial_activity_small_model,corporate_tax_rate,20
research_development_industrial_activity_small_model,annual_depreciation_rate,10
research_development_industrial_activity_small_model,working_capital_days,30
research_development_industrial_activity_small_model,discount_rate,10
research_development_industrial_activity_small_model,loan_ratio,50
research_development_industrial_activity_small_model,interest_rate,8
research_development_industrial_activity_small_model,loan_term_years,5
research_development_industrial_activity_medium_model,rent_monthly,15000
research_development_industrial_activity_medium_model,salaries_monthly,45000
research_development_industrial_activity_medium_model,marketing_monthly,6000
research_development_industrial_activity_medium_model,utilities_monthly,3000
research_development_industrial_activity_medium_model,insurance_monthly,2000
research_development_industrial_activity_medium_model,revenue_growth_rate,5
research_development_industrial_activity_medium_model,cogs_ratio,35
research_development_industrial_activity_medium_model,vat_rate,15
research_development_industrial_activity_medium_model,corporate_tax_rate,20
research_development_industrial_activity_medium_model,annual_depreciation_rate,10
research_development_industrial_activity_medium_model,working_capital_days,30
research_development_industrial_activity_medium_model,discount_rate,10
research_development_industrial_activity_medium_model,loan_ratio,50
research_development_industrial_activity_medium_model,interest_rate,8
research_development_industrial_activity_medium_model,loan_term_years,5
research_development_industrial_activity_large_model,rent_monthly,40000
research_development_industrial_activity_large_model,salaries_monthly,120000
research_development_industrial_activity_large_model,marketing_monthly,18000
research_development_industrial_activity_large_model,utilities_monthly,8000
research_development_industrial_activity_large_model,insurance_monthly,5000
research_development_industrial_activity_large_model,revenue_growth_rate,5
research_development_industrial_activity_large_model,cogs_ratio,35
research_development_industrial_activity_large_model,vat_rate,15
research_development_industrial_activity_large_model,corporate_tax_rate,20
research_development_industrial_activity_large_model,annual_depreciation_rate,10
research_development_industrial_activity_large_model,working_capital_days,30
research_development_industrial_activity_large_model,discount_rate,10
research_development_industrial_activity_large_model,loan_ratio,50
research_development_industrial_activity_large_model,interest_rate,8
research_development_industrial_activity_large_model,loan_term_years,5
research_development_brokerage_activity_small_model,rent_monthly,5000
research_development_brokerage_activity_small_model,salaries_monthly,15000
research_development_brokerage_activity_small_model,marketing_monthly,2000
research_development_brokerage_activity_small_model,utilities_monthly,1000
research_development_brokerage_activity_small_model,insurance_monthly,800
research_development_brokerage_activity_small_model,revenue_growth_rate,5
research_development_brokerage_activity_small_model,cogs_ratio,35
research_development_brokerage_activity_small_model,vat_rate,15
research_development_brokerage_activity_small_model,corporate_tax_rate,20
research_development_brokerage_activity_small_model,annual_depreciation_rate,10
research_development_brokerage_activity_small_model,working_capital_days,30
research_development_brokerage_activity_small_model,discount_rate,10
research_development_brokerage_activity_small_model,loan_ratio,50
research_development_brokerage_activity_small_model,interest_rate,8
research_development_brokerage_activity_small_model,loan_term_years,5
research_development_brokerage_activity_medium_model,rent_monthly,15000
research_development_brokerage_activity_medium_model,salaries_monthly,45000
research_development_brokerage_activity_medium_model,marketing_monthly,6000
research_development_brokerage_activity_medium_model,utilities_monthly,3000
research_development_brokerage_activity_medium_model,insurance_monthly,2000
research_development_brokerage_activity_medium_model,revenue_growth_rate,5
research_development_brokerage_activity_medium_model,cogs_ratio,35
research_development_brokerage_activity_medium_model,vat_rate,15
research_development_brokerage_activity_medium_model,corporate_tax_rate,20
research_development_brokerage_activity_medium_model,annual_depreciation_rate,10
research_development_brokerage_activity_medium_model,working_capital_days,30
research_development_brokerage_activity_medium_model,discount_rate,10
research_development_brokerage_activity_medium_model,loan_ratio,50
research_development_brokerage_activity_medium_model,interest_rate,8
research_development_brokerage_activity_medium_model,loan_term_years,5
research_development_brokerage_activity_large_model,rent_monthly,40000
research_development_brokerage_activity_large_model,salaries_monthly,120000
research_development_brokerage_activity_large_model,marketing_monthly,18000
research_development_brokerage_activity_large_model,utilities_monthly,8000
research_development_brokerage_activity_large_model,insurance_monthly,5000
research_development_brokerage_activity_large_model,revenue_growth_rate,5
research_development_brokerage_activity_large_model,cogs_ratio,35
research_development_brokerage_activity_large_model,vat_rate,15
research_development_brokerage_activity_large_model,corporate_tax_rate,20
research_development_brokerage_activity_large_model,annual_depreciation_rate,10
research_development_brokerage_activity_large_model,working_capital_days,30
research_development_brokerage_activity_large_model,discount_rate,10
research_development_brokerage_activity_large_model,loan_ratio,50
research_development_brokerage_activity_large_model,interest_rate,8
research_development_brokerage_activity_large_model,loan_term_years,5
sports_economy_events_activity_small_model,rent_monthly,5000
sports_economy_events_activity_small_model,salaries_monthly,15000
sports_economy_events_activity_small_model,marketing_monthly,2000
sports_economy_events_activity_small_model,utilities_monthly,1000
sports_economy_events_activity_small_model,insurance_monthly,800
sports_economy_events_activity_small_model,revenue_growth_rate,5
sports_economy_events_activity_small_model,cogs_ratio,35
sports_economy_events_activity_small_model,vat_rate,15
sports_economy_events_activity_small_model,corporate_tax_rate,20
sports_economy_events_activity_small_model,annual_depreciation_rate,10
sports_economy_events_activity_small_model,working_capital_days,30
sports_economy_events_activity_small_model,discount_rate,10
sports_economy_events_activity_small_model,loan_ratio,50
sports_economy_events_activity_small_model,interest_rate,8
sports_economy_events_activity_small_model,loan_term_years,5
sports_economy_events_activity_medium_model,rent_monthly,15000
sports_economy_events_activity_medium_model,salaries_monthly,45000
sports_economy_events_activity_medium_model,marketing_monthly,6000
sports_economy_events_activity_medium_model,utilities_monthly,3000
sports_economy_events_activity_medium_model,insurance_monthly,2000
sports_economy_events_activity_medium_model,revenue_growth_rate,5
sports_economy_events_activity_medium_model,cogs_ratio,35
sports_economy_events_activity_medium_model,vat_rate,15
sports_economy_events_activity_medium_model,corporate_tax_rate,20
sports_economy_events_activity_medium_model,annual_depreciation_rate,10
sports_economy_events_activity_medium_model,working_capital_days,30
sports_economy_events_activity_medium_model,discount_rate,10
sports_economy_events_activity_medium_model,loan_ratio,50
sports_economy_events_activity_medium_model,interest_rate,8
sports_economy_events_activity_medium_model,loan_term_years,5
sports_economy_events_activity_large_model,rent_monthly,40000
sports_economy_events_activity_large_model,salaries_monthly,120000
sports_economy_events_activity_large_model,marketing_monthly,18000
sports_economy_events_activity_large_model,utilities_monthly,8000
sports_economy_events_activity_large_model,insurance_monthly,5000
sports_economy_events_activity_large_model,revenue_growth_rate,5
sports_economy_events_activity_large_model,cogs_ratio,35
sports_economy_events_activity_large_model,vat_rate,15
sports_economy_events_activity_large_model,corporate_tax_rate,20
sports_economy_events_activity_large_model,annual_depreciation_rate,10
sports_economy_events_activity_large_model,working_capital_days,30
sports_economy_events_activity_large_model,discount_rate,10
sports_economy_events_activity_large_model,loan_ratio,50
sports_economy_events_activity_large_model,interest_rate,8
sports_economy_events_activity_large_model,loan_term_years,5
sports_economy_media_activity_small_model,rent_monthly,5000
sports_economy_media_activity_small_model,salaries_monthly,15000
sports_economy_media_activity_small_model,marketing_monthly,2000
sports_economy_media_activity_small_model,utilities_monthly,1000
sports_economy_media_activity_small_model,insurance_monthly,800
sports_economy_media_activity_small_model,revenue_growth_rate,5
sports_economy_media_activity_small_model,cogs_ratio,35
sports_economy_media_activity_small_model,vat_rate,15
sports_economy_media_activity_small_model,corporate_tax_rate,20
sports_economy_media_activity_small_model,annual_depreciation_rate,10
sports_economy_media_activity_small_model,working_capital_days,30
sports_economy_media_activity_small_model,discount_rate,10
sports_economy_media_activity_small_model,loan_ratio,50
sports_economy_media_activity_small_model,interest_rate,8
sports_economy_media_activity_small_model,loan_term_years,5
sports_economy_media_activity_medium_model,rent_monthly,15000
sports_economy_media_activity_medium_model,salaries_monthly,45000
sports_economy_media_activity_medium_model,marketing_monthly,6000
sports_economy_media_activity_medium_model,utilities_monthly,3000
sports_economy_media_activity_medium_model,insurance_monthly,2000
sports_economy_media_activity_medium_model,revenue_growth_rate,5
sports_economy_media_activity_medium_model,cogs_ratio,35
sports_economy_media_activity_medium_model,vat_rate,15
sports_economy_media_activity_medium_model,corporate_tax_rate,20
sports_economy_media_activity_medium_model,annual_depreciation_rate,10
sports_economy_media_activity_medium_model,working_capital_days,30
sports_economy_media_activity_medium_model,discount_rate,10
sports_economy_media_activity_medium_model,loan_ratio,50
sports_economy_media_activity_medium_model,interest_rate,8
sports_economy_media_activity_medium_model,loan_term_years,5
sports_economy_media_activity_large_model,rent_monthly,40000
sports_economy_media_activity_large_model,salaries_monthly,120000
sports_economy_media_activity_large_model,marketing_monthly,18000
sports_economy_media_activity_large_model,utilities_monthly,8000
sports_economy_media_activity_large_model,insurance_monthly,5000
sports_economy_media_activity_large_model,revenue_growth_rate,5
sports_economy_media_activity_large_model,cogs_ratio,35
sports_economy_media_activity_large_model,vat_rate,15
sports_economy_media_activity_large_model,corporate_tax_rate,20
sports_economy_media_activity_large_model,annual_depreciation_rate,10
sports_economy_media_activity_large_model,working_capital_days,30
sports_economy_media_activity_large_model,discount_rate,10
sports_economy_media_activity_large_model,loan_ratio,50
sports_economy_media_activity_large_model,interest_rate,8
sports_economy_media_activity_large_model,loan_term_years,5
sports_economy_sports_activity_small_model,rent_monthly,5000
sports_economy_sports_activity_small_model,salaries_monthly,15000
sports_economy_sports_activity_small_model,marketing_monthly,2000
sports_economy_sports_activity_small_model,utilities_monthly,1000
sports_economy_sports_activity_small_model,insurance_monthly,800
sports_economy_sports_activity_small_model,revenue_growth_rate,5
sports_economy_sports_activity_small_model,cogs_ratio,35
sports_economy_sports_activity_small_model,vat_rate,15
sports_economy_sports_activity_small_model,corporate_tax_rate,20
sports_economy_sports_activity_small_model,annual_depreciation_rate,10
sports_economy_sports_activity_small_model,working_capital_days,30
sports_economy_sports_activity_small_model,discount_rate,10
sports_economy_sports_activity_small_model,loan_ratio,50
sports_economy_sports_activity_small_model,interest_rate,8
sports_economy_sports_activity_small_model,loan_term_years,5
sports_economy_sports_activity_medium_model,rent_monthly,15000
sports_economy_sports_activity_medium_model,salaries_monthly,45000
sports_economy_sports_activity_medium_model,marketing_monthly,6000
sports_economy_sports_activity_medium_model,utilities_monthly,3000
sports_economy_sports_activity_medium_model,insurance_monthly,2000
sports_economy_sports_activity_medium_model,revenue_growth_rate,5
sports_economy_sports_activity_medium_model,cogs_ratio,35
sports_economy_sports_activity_medium_model,vat_rate,15
sports_economy_sports_activity_medium_model,corporate_tax_rate,20
sports_economy_sports_activity_medium_model,annual_depreciation_rate,10
sports_economy_sports_activity_medium_model,working_capital_days,30
sports_economy_sports_activity_medium_model,discount_rate,10
sports_economy_sports_activity_medium_model,loan_ratio,50
sports_economy_sports_activity_medium_model,interest_rate,8
sports_economy_sports_activity_medium_model,loan_term_years,5
sports_economy_sports_activity_large_model,rent_monthly,40000
sports_economy_sports_activity_large_model,salaries_monthly,120000
sports_economy_sports_activity_large_model,marketing_monthly,18000
sports_economy_sports_activity_large_model,utilities_monthly,8000
sports_economy_sports_activity_large_model,insurance_monthly,5000
sports_economy_sports_activity_large_model,revenue_growth_rate,5
sports_economy_sports_activity_large_model,cogs_ratio,35
sports_economy_sports_activity_large_model,vat_rate,15
sports_economy_sports_activity_large_model,corporate_tax_rate,20
sports_economy_sports_activity_large_model,annual_depreciation_rate,10
sports_economy_sports_activity_large_model,working_capital_days,30
sports_economy_sports_activity_large_model,discount_rate,10
sports_economy_sports_activity_large_model,loan_ratio,50
sports_economy_sports_activity_large_model,interest_rate,8
sports_economy_sports_activity_large_model,loan_term_years,5
sports_economy_tourism_activity_small_model,rent_monthly,5000
sports_economy_tourism_activity_small_model,salaries_monthly,15000
sports_economy_tourism_activity_small_model,marketing_monthly,2000
sports_economy_tourism_activity_small_model,utilities_monthly,1000
sports_economy_tourism_activity_small_model,insurance_monthly,800
sports_economy_tourism_activity_small_model,revenue_growth_rate,5
sports_economy_tourism_activity_small_model,cogs_ratio,35
sports_economy_tourism_activity_small_model,vat_rate,15
sports_economy_tourism_activity_small_model,corporate_tax_rate,20
sports_economy_tourism_activity_small_model,annual_depreciation_rate,10
sports_economy_tourism_activity_small_model,working_capital_days,30
sports_economy_tourism_activity_small_model,discount_rate,10
sports_economy_tourism_activity_small_model,loan_ratio,50
sports_economy_tourism_activity_small_model,interest_rate,8
sports_economy_tourism_activity_small_model,loan_term_years,5
sports_economy_tourism_activity_medium_model,rent_monthly,15000
sports_economy_tourism_activity_medium_model,salaries_monthly,45000
sports_economy_tourism_activity_medium_model,marketing_monthly,6000
sports_economy_tourism_activity_medium_model,utilities_monthly,3000
sports_economy_tourism_activity_medium_model,insurance_monthly,2000
sports_economy_tourism_activity_medium_model,revenue_growth_rate,5
sports_economy_tourism_activity_medium_model,cogs_ratio,35
sports_economy_tourism_activity_medium_model,vat_rate,15
sports_economy_tourism_activity_medium_model,corporate_tax_rate,20
sports_economy_tourism_activity_medium_model,annual_depreciation_rate,10
sports_economy_tourism_activity_medium_model,working_capital_days,30
sports_economy_tourism_activity_medium_model,discount_rate,10
sports_economy_tourism_activity_medium_model,loan_ratio,50
sports_economy_tourism_activity_medium_model,interest_rate,8
sports_economy_tourism_activity_medium_model,loan_term_years,5
sports_economy_tourism_activity_large_model,rent_monthly,40000
sports_economy_tourism_activity_large_model,salaries_monthly,120000
sports_economy_tourism_activity_large_model,marketing_monthly,18000
sports_economy_tourism_activity_large_model,utilities_monthly,8000
sports_economy_tourism_activity_large_model,insurance_monthly,5000
sports_economy_tourism_activity_large_model,revenue_growth_rate,5
sports_economy_tourism_activity_large_model,cogs_ratio,35
sports_economy_tourism_activity_large_model,vat_rate,15
sports_economy_tourism_activity_large_model,corporate_tax_rate,20
sports_economy_tourism_activity_large_model,annual_depreciation_rate,10
sports_economy_tourism_activity_large_model,working_capital_days,30
sports_economy_tourism_activity_large_model,discount_rate,10
sports_economy_tourism_activity_large_model,loan_ratio,50
sports_economy_tourism_activity_large_model,interest_rate,8
sports_economy_tourism_activity_large_model,loan_term_years,5
creative_economy_consulting_activity_small_model,rent_monthly,5000
creative_economy_consulting_activity_small_model,salaries_monthly,15000
creative_economy_consulting_activity_small_model,marketing_monthly,2000
creative_economy_consulting_activity_small_model,utilities_monthly,1000
creative_economy_consulting_activity_small_model,insurance_monthly,800
creative_economy_consulting_activity_small_model,revenue_growth_rate,5
creative_economy_consulting_activity_small_model,cogs_ratio,35
creative_economy_consulting_activity_small_model,vat_rate,15
creative_economy_consulting_activity_small_model,corporate_tax_rate,20
creative_economy_consulting_activity_small_model,annual_depreciation_rate,10
creative_economy_consulting_activity_small_model,working_capital_days,30
creative_economy_consulting_activity_small_model,discount_rate,10
creative_economy_consulting_activity_small_model,loan_ratio,50
creative_economy_consulting_activity_small_model,interest_rate,8
creative_economy_consulting_activity_small_model,loan_term_years,5
creative_economy_consulting_activity_medium_model,rent_monthly,15000
creative_economy_consulting_activity_medium_model,salaries_monthly,45000
creative_economy_consulting_activity_medium_model,marketing_monthly,6000
creative_economy_consulting_activity_medium_model,utilities_monthly,3000
creative_economy_consulting_activity_medium_model,insurance_monthly,2000
creative_economy_consulting_activity_medium_model,revenue_growth_rate,5
creative_economy_consulting_activity_medium_model,cogs_ratio,35
creative_economy_consulting_activity_medium_model,vat_rate,15
creative_economy_consulting_activity_medium_model,corporate_tax_rate,20
creative_economy_consulting_activity_medium_model,annual_depreciation_rate,10
creative_economy_consulting_activity_medium_model,working_capital_days,30
creative_economy_consulting_activity_medium_model,discount_rate,10
creative_economy_consulting_activity_medium_model,loan_ratio,50
creative_economy_consulting_activity_medium_model,interest_rate,8
creative_economy_consulting_activity_medium_model,loan_term_years,5
creative_economy_consulting_activity_large_model,rent_monthly,40000
creative_economy_consulting_activity_large_model,salaries_monthly,120000
creative_economy_consulting_activity_large_model,marketing_monthly,18000
creative_economy_consulting_activity_large_model,utilities_monthly,8000
creative_economy_consulting_activity_large_model,insurance_monthly,5000
creative_economy_consulting_activity_large_model,revenue_growth_rate,5
creative_economy_consulting_activity_large_model,cogs_ratio,35
creative_economy_consulting_activity_large_model,vat_rate,15
creative_economy_consulting_activity_large_model,corporate_tax_rate,20
creative_economy_consulting_activity_large_model,annual_depreciation_rate,10
creative_economy_consulting_activity_large_model,working_capital_days,30
creative_economy_consulting_activity_large_model,discount_rate,10
creative_economy_consulting_activity_large_model,loan_ratio,50
creative_economy_consulting_activity_large_model,interest_rate,8
creative_economy_consulting_activity_large_model,loan_term_years,5
creative_economy_maintenance_activity_small_model,rent_monthly,5000
creative_economy_maintenance_activity_small_model,salaries_monthly,15000
creative_economy_maintenance_activity_small_model,marketing_monthly,2000
creative_economy_maintenance_activity_small_model,utilities_monthly,1000
creative_economy_maintenance_activity_small_model,insurance_monthly,800
creative_economy_maintenance_activity_small_model,revenue_growth_rate,5
creative_economy_maintenance_activity_small_model,cogs_ratio,35
creative_economy_maintenance_activity_small_model,vat_rate,15
creative_economy_maintenance_activity_small_model,corporate_tax_rate,20
creative_economy_maintenance_activity_small_model,annual_depreciation_rate,10
creative_economy_maintenance_activity_small_model,working_capital_days,30
creative_economy_maintenance_activity_small_model,discount_rate,10
creative_economy_maintenance_activity_small_model,loan_ratio,50
creative_economy_maintenance_activity_small_model,interest_rate,8
creative_economy_maintenance_activity_small_model,loan_term_years,5
creative_economy_maintenance_activity_medium_model,rent_monthly,15000
creative_economy_maintenance_activity_medium_model,salaries_monthly,45000
creative_economy_maintenance_activity_medium_model,marketing_monthly,6000
creative_economy_maintenance_activity_medium_model,utilities_monthly,3000
creative_economy_maintenance_activity_medium_model,insurance_monthly,2000
creative_economy_maintenance_activity_medium_model,revenue_growth_rate,5
creative_economy_maintenance_activity_medium_model,cogs_ratio,35
creative_economy_maintenance_activity_medium_model,vat_rate,15
creative_economy_maintenance_activity_medium_model,corporate_tax_rate,20
creative_economy_maintenance_activity_medium_model,annual_depreciation_rate,10
creative_economy_maintenance_activity_medium_model,working_capital_days,30
creative_economy_maintenance_activity_medium_model,discount_rate,10
creative_economy_maintenance_activity_medium_model,loan_ratio,50
creative_economy_maintenance_activity_medium_model,interest_rate,8
creative_economy_maintenance_activity_medium_model,loan_term_years,5
creative_economy_maintenance_activity_large_model,rent_monthly,40000
creative_economy_maintenance_activity_large_model,salaries_monthly,120000
creative_economy_maintenance_activity_large_model,marketing_monthly,18000
creative_economy_maintenance_activity_large_model,utilities_monthly,8000
creative_economy_maintenance_activity_large_model,insurance_monthly,5000
creative_economy_maintenance_activity_large_model,revenue_growth_rate,5
creative_economy_maintenance_activity_large_model,cogs_ratio,35
creative_economy_maintenance_activity_large_model,vat_rate,15
creative_economy_maintenance_activity_large_model,corporate_tax_rate,20
creative_economy_maintenance_activity_large_model,annual_depreciation_rate,10
creative_economy_maintenance_activity_large_model,working_capital_days,30
creative_economy_maintenance_activity_large_model,discount_rate,10
creative_economy_maintenance_activity_large_model,loan_ratio,50
creative_economy_maintenance_activity_large_model,interest_rate,8
creative_economy_maintenance_activity_large_model,loan_term_years,5
creative_economy_cleaning_activity_small_model,rent_monthly,5000
creative_economy_cleaning_activity_small_model,salaries_monthly,15000
creative_economy_cleaning_activity_small_model,marketing_monthly,2000
creative_economy_cleaning_activity_small_model,utilities_monthly,1000
creative_economy_cleaning_activity_small_model,insurance_monthly,800
creative_economy_cleaning_activity_small_model,revenue_growth_rate,5
creative_economy_cleaning_activity_small_model,cogs_ratio,35
creative_economy_cleaning_activity_small_model,vat_rate,15
creative_economy_cleaning_activity_small_model,corporate_tax_rate,20
creative_economy_cleaning_activity_small_model,annual_depreciation_rate,10
creative_economy_cleaning_activity_small_model,working_capital_days,30
creative_economy_cleaning_activity_small_model,discount_rate,10
creative_economy_cleaning_activity_small_model,loan_ratio,50
creative_economy_cleaning_activity_small_model,interest_rate,8
creative_economy_cleaning_activity_small_model,loan_term_years,5
creative_economy_cleaning_activity_medium_model,rent_monthly,15000
creative_economy_cleaning_activity_medium_model,salaries_monthly,45000
creative_economy_cleaning_activity_medium_model,marketing_monthly,6000
creative_economy_cleaning_activity_medium_model,utilities_monthly,3000
creative_economy_cleaning_activity_medium_model,insurance_monthly,2000
creative_economy_cleaning_activity_medium_model,revenue_growth_rate,5
creative_economy_cleaning_activity_medium_model,cogs_ratio,35
creative_economy_cleaning_activity_medium_model,vat_rate,15
creative_economy_cleaning_activity_medium_model,corporate_tax_rate,20
creative_economy_cleaning_activity_medium_model,annual_depreciation_rate,10
creative_economy_cleaning_activity_medium_model,working_capital_days,30
creative_economy_cleaning_activity_medium_model,discount_rate,10
creative_economy_cleaning_activity_medium_model,loan_ratio,50
creative_economy_cleaning_activity_medium_model,interest_rate,8
creative_economy_cleaning_activity_medium_model,loan_term_years,5
creative_economy_cleaning_activity_large_model,rent_monthly,40000
creative_economy_cleaning_activity_large_model,salaries_monthly,120000
creative_economy_cleaning_activity_large_model,marketing_monthly,18000
creative_economy_cleaning_activity_large_model,utilities_monthly,8000
creative_economy_cleaning_activity_large_model,insurance_monthly,5000
creative_economy_cleaning_activity_large_model,revenue_growth_rate,5
creative_economy_cleaning_activity_large_model,cogs_ratio,35
creative_economy_cleaning_activity_large_model,vat_rate,15
creative_economy_cleaning_activity_large_model,corporate_tax_rate,20
creative_economy_cleaning_activity_large_model,annual_depreciation_rate,10
creative_economy_cleaning_activity_large_model,working_capital_days,30
creative_economy_cleaning_activity_large_model,discount_rate,10
creative_economy_cleaning_activity_large_model,loan_ratio,50
creative_economy_cleaning_activity_large_model,interest_rate,8
creative_economy_cleaning_activity_large_model,loan_term_years,5
creative_economy_security_activity_small_model,rent_monthly,5000
creative_economy_security_activity_small_model,salaries_monthly,15000
creative_economy_security_activity_small_model,marketing_monthly,2000
creative_economy_security_activity_small_model,utilities_monthly,1000
creative_economy_security_activity_small_model,insurance_monthly,800
creative_economy_security_activity_small_model,revenue_growth_rate,5
creative_economy_security_activity_small_model,cogs_ratio,35
creative_economy_security_activity_small_model,vat_rate,15
creative_economy_security_activity_small_model,corporate_tax_rate,20
creative_economy_security_activity_small_model,annual_depreciation_rate,10
creative_economy_security_activity_small_model,working_capital_days,30
creative_economy_security_activity_small_model,discount_rate,10
creative_economy_security_activity_small_model,loan_ratio,50
creative_economy_security_activity_small_model,interest_rate,8
creative_economy_security_activity_small_model,loan_term_years,5
creative_economy_security_activity_medium_model,rent_monthly,15000
creative_economy_security_activity_medium_model,salaries_monthly,45000
creative_economy_security_activity_medium_model,marketing_monthly,6000
creative_economy_security_activity_medium_model,utilities_monthly,3000
creative_economy_security_activity_medium_model,insurance_monthly,2000
creative_economy_security_activity_medium_model,revenue_growth_rate,5
creative_economy_security_activity_medium_model,cogs_ratio,35
creative_economy_security_activity_medium_model,vat_rate,15
creative_economy_security_activity_medium_model,corporate_tax_rate,20
creative_economy_security_activity_medium_model,annual_depreciation_rate,10
creative_economy_security_activity_medium_model,working_capital_days,30
creative_economy_security_activity_medium_model,discount_rate,10
creative_economy_security_activity_medium_model,loan_ratio,50
creative_economy_security_activity_medium_model,interest_rate,8
creative_economy_security_activity_medium_model,loan_term_years,5
creative_economy_security_activity_large_model,rent_monthly,40000
creative_economy_security_activity_large_model,salaries_monthly,120000
creative_economy_security_activity_large_model,marketing_monthly,18000
creative_economy_security_activity_large_model,utilities_monthly,8000
creative_economy_security_activity_large_model,insurance_monthly,5000
creative_economy_security_activity_large_model,revenue_growth_rate,5
creative_economy_security_activity_large_model,cogs_ratio,35
creative_economy_security_activity_large_model,vat_rate,15
creative_economy_security_activity_large_model,corporate_tax_rate,20
creative_economy_security_activity_large_model,annual_depreciation_rate,10
creative_economy_security_activity_large_model,working_capital_days,30
creative_economy_security_activity_large_model,discount_rate,10
creative_economy_security_activity_large_model,loan_ratio,50
creative_economy_security_activity_large_model,interest_rate,8
creative_economy_security_activity_large_model,loan_term_years,5
environment_sustainability_software_activity_small_model,rent_monthly,5000
environment_sustainability_software_activity_small_model,salaries_monthly,15000
environment_sustainability_software_activity_small_model,marketing_monthly,2000
environment_sustainability_software_activity_small_model,utilities_monthly,1000
environment_sustainability_software_activity_small_model,insurance_monthly,800
environment_sustainability_software_activity_small_model,revenue_growth_rate,5
environment_sustainability_software_activity_small_model,cogs_ratio,35
environment_sustainability_software_activity_small_model,vat_rate,15
environment_sustainability_software_activity_small_model,corporate_tax_rate,20
environment_sustainability_software_activity_small_model,annual_depreciation_rate,10
environment_sustainability_software_activity_small_model,working_capital_days,30
environment_sustainability_software_activity_small_model,discount_rate,10
environment_sustainability_software_activity_small_model,loan_ratio,50
environment_sustainability_software_activity_small_model,interest_rate,8
environment_sustainability_software_activity_small_model,loan_term_years,5
environment_sustainability_software_activity_medium_model,rent_monthly,15000
environment_sustainability_software_activity_medium_model,salaries_monthly,45000
environment_sustainability_software_activity_medium_model,marketing_monthly,6000
environment_sustainability_software_activity_medium_model,utilities_monthly,3000
environment_sustainability_software_activity_medium_model,insurance_monthly,2000
environment_sustainability_software_activity_medium_model,revenue_growth_rate,5
environment_sustainability_software_activity_medium_model,cogs_ratio,35
environment_sustainability_software_activity_medium_model,vat_rate,15
environment_sustainability_software_activity_medium_model,corporate_tax_rate,20
environment_sustainability_software_activity_medium_model,annual_depreciation_rate,10
environment_sustainability_software_activity_medium_model,working_capital_days,30
environment_sustainability_software_activity_medium_model,discount_rate,10
environment_sustainability_software_activity_medium_model,loan_ratio,50
environment_sustainability_software_activity_medium_model,interest_rate,8
environment_sustainability_software_activity_medium_model,loan_term_years,5
environment_sustainability_software_activity_large_model,rent_monthly,40000
environment_sustainability_software_activity_large_model,salaries_monthly,120000
environment_sustainability_software_activity_large_model,marketing_monthly,18000
environment_sustainability_software_activity_large_model,utilities_monthly,8000
environment_sustainability_software_activity_large_model,insurance_monthly,5000
environment_sustainability_software_activity_large_model,revenue_growth_rate,5
environment_sustainability_software_activity_large_model,cogs_ratio,35
environment_sustainability_software_activity_large_model,vat_rate,15
environment_sustainability_software_activity_large_model,corporate_tax_rate,20
environment_sustainability_software_activity_large_model,annual_depreciation_rate,10
environment_sustainability_software_activity_large_model,working_capital_days,30
environment_sustainability_software_activity_large_model,discount_rate,10
environment_sustainability_software_activity_large_model,loan_ratio,50
environment_sustainability_software_activity_large_model,interest_rate,8
environment_sustainability_software_activity_large_model,loan_term_years,5
environment_sustainability_hardware_activity_small_model,rent_monthly,5000
environment_sustainability_hardware_activity_small_model,salaries_monthly,15000
environment_sustainability_hardware_activity_small_model,marketing_monthly,2000
environment_sustainability_hardware_activity_small_model,utilities_monthly,1000
environment_sustainability_hardware_activity_small_model,insurance_monthly,800
environment_sustainability_hardware_activity_small_model,revenue_growth_rate,5
environment_sustainability_hardware_activity_small_model,cogs_ratio,35
environment_sustainability_hardware_activity_small_model,vat_rate,15
environment_sustainability_hardware_activity_small_model,corporate_tax_rate,20
environment_sustainability_hardware_activity_small_model,annual_depreciation_rate,10
environment_sustainability_hardware_activity_small_model,working_capital_days,30
environment_sustainability_hardware_activity_small_model,discount_rate,10
environment_sustainability_hardware_activity_small_model,loan_ratio,50
environment_sustainability_hardware_activity_small_model,interest_rate,8
environment_sustainability_hardware_activity_small_model,loan_term_years,5
environment_sustainability_hardware_activity_medium_model,rent_monthly,15000
environment_sustainability_hardware_activity_medium_model,salaries_monthly,45000
environment_sustainability_hardware_activity_medium_model,marketing_monthly,6000
environment_sustainability_hardware_activity_medium_model,utilities_monthly,3000
environment_sustainability_hardware_activity_medium_model,insurance_monthly,2000
environment_sustainability_hardware_activity_medium_model,revenue_growth_rate,5
environment_sustainability_hardware_activity_medium_model,cogs_ratio,35
environment_sustainability_hardware_activity_medium_model,vat_rate,15
environment_sustainability_hardware_activity_medium_model,corporate_tax_rate,20
environment_sustainability_hardware_activity_medium_model,annual_depreciation_rate,10
environment_sustainability_hardware_activity_medium_model,working_capital_days,30
environment_sustainability_hardware_activity_medium_model,discount_rate,10
environment_sustainability_hardware_activity_medium_model,loan_ratio,50
environment_sustainability_hardware_activity_medium_model,interest_rate,8
environment_sustainability_hardware_activity_medium_model,loan_term_years,5
environment_sustainability_hardware_activity_large_model,rent_monthly,40000
environment_sustainability_hardware_activity_large_model,salaries_monthly,120000
environment_sustainability_hardware_activity_large_model,marketing_monthly,18000
environment_sustainability_hardware_activity_large_model,utilities_monthly,8000
environment_sustainability_hardware_activity_large_model,insurance_monthly,5000
environment_sustainability_hardware_activity_large_model,revenue_growth_rate,5
environment_sustainability_hardware_activity_large_model,cogs_ratio,35
environment_sustainability_hardware_activity_large_model,vat_rate,15
environment_sustainability_hardware_activity_large_model,corporate_tax_rate,20
environment_sustainability_hardware_activity_large_model,annual_depreciation_rate,10
environment_sustainability_hardware_activity_large_model,working_capital_days,30
environment_sustainability_hardware_activity_large_model,discount_rate,10
environment_sustainability_hardware_activity_large_model,loan_ratio,50
environment_sustainability_hardware_activity_large_model,interest_rate,8
environment_sustainability_hardware_activity_large_model,loan_term_years,5
environment_sustainability_it_services_activity_small_model,rent_monthly,5000
environment_sustainability_it_services_activity_small_model,salaries_monthly,15000
environment_sustainability_it_services_activity_small_model,marketing_monthly,2000
environment_sustainability_it_services_activity_small_model,utilities_monthly,1000
environment_sustainability_it_services_activity_small_model,insurance_monthly,800
environment_sustainability_it_services_activity_small_model,revenue_growth_rate,5
environment_sustainability_it_services_activity_small_model,cogs_ratio,35
environment_sustainability_it_services_activity_small_model,vat_rate,15
environment_sustainability_it_services_activity_small_model,corporate_tax_rate,20
environment_sustainability_it_services_activity_small_model,annual_depreciation_rate,10
environment_sustainability_it_services_activity_small_model,working_capital_days,30
environment_sustainability_it_services_activity_small_model,discount_rate,10
environment_sustainability_it_services_activity_small_model,loan_ratio,50
environment_sustainability_it_services_activity_small_model,interest_rate,8
environment_sustainability_it_services_activity_small_model,loan_term_years,5
environment_sustainability_it_services_activity_medium_model,rent_monthly,15000
environment_sustainability_it_services_activity_medium_model,salaries_monthly,45000
environment_sustainability_it_services_activity_medium_model,marketing_monthly,6000
environment_sustainability_it_services_activity_medium_model,utilities_monthly,3000
environment_sustainability_it_services_activity_medium_model,insurance_monthly,2000
environment_sustainability_it_services_activity_medium_model,revenue_growth_rate,5
environment_sustainability_it_services_activity_medium_model,cogs_ratio,35
environment_sustainability_it_services_activity_medium_model,vat_rate,15
environment_sustainability_it_services_activity_medium_model,corporate_tax_rate,20
environment_sustainability_it_services_activity_medium_model,annual_depreciation_rate,10
environment_sustainability_it_services_activity_medium_model,working_capital_days,30
environment_sustainability_it_services_activity_medium_model,discount_rate,10
environment_sustainability_it_services_activity_medium_model,loan_ratio,50
environment_sustainability_it_services_activity_medium_model,interest_rate,8
environment_sustainability_it_services_activity_medium_model,loan_term_years,5
environment_sustainability_it_services_activity_large_model,rent_monthly,40000
environment_sustainability_it_services_activity_large_model,salaries_monthly,120000
environment_sustainability_it_services_activity_large_model,marketing_monthly,18000
environment_sustainability_it_services_activity_large_model,utilities_monthly,8000
environment_sustainability_it_services_activity_large_model,insurance_monthly,5000
environment_sustainability_it_services_activity_large_model,revenue_growth_rate,5
environment_sustainability_it_services_activity_large_model,cogs_ratio,35
environment_sustainability_it_services_activity_large_model,vat_rate,15
environment_sustainability_it_services_activity_large_model,corporate_tax_rate,20
environment_sustainability_it_services_activity_large_model,annual_depreciation_rate,10
environment_sustainability_it_services_activity_large_model,working_capital_days,30
environment_sustainability_it_services_activity_large_model,discount_rate,10
environment_sustainability_it_services_activity_large_model,loan_ratio,50
environment_sustainability_it_services_activity_large_model,interest_rate,8
environment_sustainability_it_services_activity_large_model,loan_term_years,5
environment_sustainability_telecom_activity_small_model,rent_monthly,5000
environment_sustainability_telecom_activity_small_model,salaries_monthly,15000
environment_sustainability_telecom_activity_small_model,marketing_monthly,2000
environment_sustainability_telecom_activity_small_model,utilities_monthly,1000
environment_sustainability_telecom_activity_small_model,insurance_monthly,800
environment_sustainability_telecom_activity_small_model,revenue_growth_rate,5
environment_sustainability_telecom_activity_small_model,cogs_ratio,35
environment_sustainability_telecom_activity_small_model,vat_rate,15
environment_sustainability_telecom_activity_small_model,corporate_tax_rate,20
environment_sustainability_telecom_activity_small_model,annual_depreciation_rate,10
environment_sustainability_telecom_activity_small_model,working_capital_days,30
environment_sustainability_telecom_activity_small_model,discount_rate,10
environment_sustainability_telecom_activity_small_model,loan_ratio,50
environment_sustainability_telecom_activity_small_model,interest_rate,8
environment_sustainability_telecom_activity_small_model,loan_term_years,5
environment_sustainability_telecom_activity_medium_model,rent_monthly,15000
environment_sustainability_telecom_activity_medium_model,salaries_monthly,45000
environment_sustainability_telecom_activity_medium_model,marketing_monthly,6000
environment_sustainability_telecom_activity_medium_model,utilities_monthly,3000
environment_sustainability_telecom_activity_medium_model,insurance_monthly,2000
environment_sustainability_telecom_activity_medium_model,revenue_growth_rate,5
environment_sustainability_telecom_activity_medium_model,cogs_ratio,35
environment_sustainability_telecom_activity_medium_model,vat_rate,15
environment_sustainability_telecom_activity_medium_model,corporate_tax_rate,20
environment_sustainability_telecom_activity_medium_model,annual_depreciation_rate,10
environment_sustainability_telecom_activity_medium_model,working_capital_days,30
environment_sustainability_telecom_activity_medium_model,discount_rate,10
environment_sustainability_telecom_activity_medium_model,loan_ratio,50
environment_sustainability_telecom_activity_medium_model,interest_rate,8
environment_sustainability_telecom_activity_medium_model,loan_term_years,5
environment_sustainability_telecom_activity_large_model,rent_monthly,40000
environment_sustainability_telecom_activity_large_model,salaries_monthly,120000
environment_sustainability_telecom_activity_large_model,marketing_monthly,18000
environment_sustainability_telecom_activity_large_model,utilities_monthly,8000
environment_sustainability_telecom_activity_large_model,insurance_monthly,5000
environment_sustainability_telecom_activity_large_model,revenue_growth_rate,5
environment_sustainability_telecom_activity_large_model,cogs_ratio,35
environment_sustainability_telecom_activity_large_model,vat_rate,15
environment_sustainability_telecom_activity_large_model,corporate_tax_rate,20
environment_sustainability_telecom_activity_large_model,annual_depreciation_rate,10
environment_sustainability_telecom_activity_large_model,working_capital_days,30
environment_sustainability_telecom_activity_large_model,discount_rate,10
environment_sustainability_telecom_activity_large_model,loan_ratio,50
environment_sustainability_telecom_activity_large_model,interest_rate,8
environment_sustainability_telecom_activity_large_model,loan_term_years,5